transaction_id,customer_id,transaction_date,transaction_time,account_type,payment_method,direction,amount,balance_after,narration,merchant_name,merchant_city,merchant_country,transaction_datetime,year,month,day,hour,weekday,month_name,clean_narration,clean_merchant_name,is_debit,is_credit,transaction_type,time_period
TX0500000,CUST0001_SEASONAL,2024-01-01,09:26:00,Salaire,Virement instantané,Credit,13774.0,26008.0,virement employeur,Salaire,Casablanca,MA,2024-01-01 09:26:00,2024,1,1,9,Monday,January,VIREMENT EMPLOYEUR,SALAIRE,0,1,Revenu,Matin
TX0500002,CUST0001_SEASONAL,2024-01-01,09:26:00,Courant,ATM,Debit,158.25,25849.75,TRANSPORT,ATM,Casablanca,MA,2024-01-01 09:26:00,2024,1,1,9,Monday,January,TRANSPORT,ATM,1,0,Dépense,Matin
TX0500002,CUST0001_SEASONAL,2024-01-02,12:23:00,Courant,Wallet,Debit,95.65,25754.09,TRANSPORT,Shell,Casablanca,MA,2024-01-02 12:23:00,2024,1,2,12,Tuesday,January,TRANSPORT,SHELL,1,0,Dépense,Après-midi
TX0500003,CUST0001_SEASONAL,2024-01-02,12:03:00,Courant,Espèces,Debit,108.89,25645.21,ACHAT SUPERMARCHE,Careem,Oujda,MA,2024-01-02 12:03:00,2024,1,2,12,Tuesday,January,ACHAT SUPERMARCHE,CAREEM,1,0,Dépense,Après-midi
TX0500004,CUST0001_SEASONAL,2024-01-03,12:08:00,Courant,ATM,Debit,231.01,25414.2,ACHAT SUPERMARCHE,ATM,Oujda,MA,2024-01-03 12:08:00,2024,1,3,12,Wednesday,January,ACHAT SUPERMARCHE,ATM,1,0,Dépense,Après-midi
TX0500005,CUST0001_SEASONAL,2024-01-03,17:24:00,Courant,Espèces,Debit,229.25,25184.94,ACHAT EPICERIE,Shell,Casablanca,MA,2024-01-03 17:24:00,2024,1,3,17,Wednesday,January,ACHAT EPICERIE,SHELL,1,0,Dépense,Après-midi
TX0500006,CUST0001_SEASONAL,2024-01-03,11:10:00,Courant,Virement instantané,Debit,51.5,25133.44,RETRAIT ATM,Careem,Oujda,MA,2024-01-03 11:10:00,2024,1,3,11,Wednesday,January,RETRAIT ATM,CAREEM,1,0,Dépense,Matin
TX0500007,CUST0001_SEASONAL,2024-01-04,10:51:00,Courant,Espèces,Debit,78.68,25054.76,ACHAT EPICERIE,Shell,Oujda,MA,2024-01-04 10:51:00,2024,1,4,10,Thursday,January,ACHAT EPICERIE,SHELL,1,0,Dépense,Matin
TX0500008,CUST0001_SEASONAL,2024-01-05,09:46:00,Courant,Wallet,Debit,171.47,24883.29,RETRAIT ATM,Pharmacie,Marrakech,MA,2024-01-05 09:46:00,2024,1,5,9,Friday,January,RETRAIT ATM,PHARMACIE,1,0,Dépense,Matin
TX0500009,CUST0001_SEASONAL,2024-01-05,14:14:00,Courant,Virement instantané,Debit,50.45,24832.84,ACHAT SUPERMARCHE,Shell,Oujda,MA,2024-01-05 14:14:00,2024,1,5,14,Friday,January,ACHAT SUPERMARCHE,SHELL,1,0,Dépense,Après-midi
TX0500010,CUST0001_SEASONAL,2024-01-06,13:41:00,Courant,Espèces,Debit,116.85,24715.99,CARBURANT,ATM,Tanger,MA,2024-01-06 13:41:00,2024,1,6,13,Saturday,January,CARBURANT,ATM,1,0,Dépense,Après-midi
TX0500011,CUST0001_SEASONAL,2024-01-06,14:43:00,Courant,Espèces,Debit,200.71,24515.28,RETRAIT ATM,Careem,Oujda,MA,2024-01-06 14:43:00,2024,1,6,14,Saturday,January,RETRAIT ATM,CAREEM,1,0,Dépense,Après-midi
TX0500012,CUST0001_SEASONAL,2024-01-07,18:40:00,Courant,Virement instantané,Debit,146.45,24368.84,ACHAT SUPERMARCHE,Pharmacie,Meknès,MA,2024-01-07 18:40:00,2024,1,7,18,Sunday,January,ACHAT SUPERMARCHE,PHARMACIE,1,0,Dépense,Soir
TX0500013,CUST0001_SEASONAL,2024-01-07,14:43:00,Courant,Carte,Debit,105.33,24263.51,ACHAT SUPERMARCHE,Carrefour,Tanger,MA,2024-01-07 14:43:00,2024,1,7,14,Sunday,January,ACHAT SUPERMARCHE,CARREFOUR,1,0,Dépense,Après-midi
TX0500014,CUST0001_SEASONAL,2024-01-07,14:04:00,Courant,Wallet,Debit,181.08,24082.43,ACHAT EPICERIE,ATM,Agadir,MA,2024-01-07 14:04:00,2024,1,7,14,Sunday,January,ACHAT EPICERIE,ATM,1,0,Dépense,Après-midi
TX0500015,CUST0001_SEASONAL,2024-01-08,08:50:00,Courant,Carte,Debit,36.82,24045.62,RETRAIT ATM,ATM,Casablanca,MA,2024-01-08 08:50:00,2024,1,8,8,Monday,January,RETRAIT ATM,ATM,1,0,Dépense,Matin
TX0500016,CUST0001_SEASONAL,2024-01-08,17:12:00,Courant,Wallet,Debit,155.44,23890.17,ACHAT SUPERMARCHE,Careem,Rabat,MA,2024-01-08 17:12:00,2024,1,8,17,Monday,January,ACHAT SUPERMARCHE,CAREEM,1,0,Dépense,Après-midi
TX0500017,CUST0001_SEASONAL,2024-01-08,16:29:00,Courant,Virement,Debit,119.9,23770.27,RETRAIT ATM,ATM,Agadir,MA,2024-01-08 16:29:00,2024,1,8,16,Monday,January,RETRAIT ATM,ATM,1,0,Dépense,Après-midi
TX0500018,CUST0001_SEASONAL,2024-01-09,12:34:00,Courant,Carte,Debit,161.3,23608.97,CARBURANT,ATM,Marrakech,MA,2024-01-09 12:34:00,2024,1,9,12,Tuesday,January,CARBURANT,ATM,1,0,Dépense,Après-midi
TX0500019,CUST0001_SEASONAL,2024-01-09,18:46:00,Courant,ATM,Debit,211.18,23397.8,ACHAT EPICERIE,ATM,Rabat,MA,2024-01-09 18:46:00,2024,1,9,18,Tuesday,January,ACHAT EPICERIE,ATM,1,0,Dépense,Soir
TX0500020,CUST0001_SEASONAL,2024-01-09,14:49:00,Courant,Carte,Debit,223.56,23174.23,ACHAT SUPERMARCHE,Carrefour,Marrakech,MA,2024-01-09 14:49:00,2024,1,9,14,Tuesday,January,ACHAT SUPERMARCHE,CARREFOUR,1,0,Dépense,Après-midi
TX0500021,CUST0001_SEASONAL,2024-01-10,15:42:00,Courant,Espèces,Debit,189.99,22984.24,TRANSPORT,ATM,Tanger,MA,2024-01-10 15:42:00,2024,1,10,15,Wednesday,January,TRANSPORT,ATM,1,0,Dépense,Après-midi
TX0500022,CUST0001_SEASONAL,2024-01-10,08:11:00,Courant,Virement,Debit,109.3,22874.94,ACHAT SUPERMARCHE,BIM,Marrakech,MA,2024-01-10 08:11:00,2024,1,10,8,Wednesday,January,ACHAT SUPERMARCHE,BIM,1,0,Dépense,Matin
TX0500023,CUST0001_SEASONAL,2024-01-11,19:05:00,Courant,ATM,Debit,41.39,22833.55,TRANSPORT,Shell,Casablanca,MA,2024-01-11 19:05:00,2024,1,11,19,Thursday,January,TRANSPORT,SHELL,1,0,Dépense,Soir
TX0500024,CUST0001_SEASONAL,2024-01-11,12:23:00,Courant,Virement,Debit,65.37,22768.17,ACHAT SUPERMARCHE,BIM,Rabat,MA,2024-01-11 12:23:00,2024,1,11,12,Thursday,January,ACHAT SUPERMARCHE,BIM,1,0,Dépense,Après-midi
TX0500025,CUST0001_SEASONAL,2024-01-12,12:33:00,Courant,Virement instantané,Debit,141.13,22627.04,TRANSPORT,Pharmacie,Meknès,MA,2024-01-12 12:33:00,2024,1,12,12,Friday,January,TRANSPORT,PHARMACIE,1,0,Dépense,Après-midi
TX0500026,CUST0001_SEASONAL,2024-01-12,11:28:00,Courant,Virement instantané,Debit,34.03,22593.01,ACHAT SUPERMARCHE,Pharmacie,Rabat,MA,2024-01-12 11:28:00,2024,1,12,11,Friday,January,ACHAT SUPERMARCHE,PHARMACIE,1,0,Dépense,Matin
TX0500027,CUST0001_SEASONAL,2024-01-13,13:17:00,Courant,Carte,Debit,119.07,22473.94,ACHAT EPICERIE,ATM,Tanger,MA,2024-01-13 13:17:00,2024,1,13,13,Saturday,January,ACHAT EPICERIE,ATM,1,0,Dépense,Après-midi
TX0500028,CUST0001_SEASONAL,2024-01-13,18:38:00,Courant,Wallet,Debit,57.7,22416.24,ACHAT EPICERIE,Pharmacie,Agadir,MA,2024-01-13 18:38:00,2024,1,13,18,Saturday,January,ACHAT EPICERIE,PHARMACIE,1,0,Dépense,Soir
TX0500029,CUST0001_SEASONAL,2024-01-13,19:07:00,Courant,Espèces,Debit,77.87,22338.37,TRANSPORT,Carrefour,Rabat,MA,2024-01-13 19:07:00,2024,1,13,19,Saturday,January,TRANSPORT,CARREFOUR,1,0,Dépense,Soir
TX0500030,CUST0001_SEASONAL,2024-01-14,19:23:00,Courant,Carte,Debit,51.32,22287.05,TRANSPORT,Pharmacie,Oujda,MA,2024-01-14 19:23:00,2024,1,14,19,Sunday,January,TRANSPORT,PHARMACIE,1,0,Dépense,Soir
TX0500031,CUST0001_SEASONAL,2024-01-14,08:18:00,Courant,ATM,Debit,178.54,22108.51,CARBURANT,Carrefour,Oujda,MA,2024-01-14 08:18:00,2024,1,14,8,Sunday,January,CARBURANT,CARREFOUR,1,0,Dépense,Matin
TX0500032,CUST0001_SEASONAL,2024-01-15,12:45:00,Courant,Carte,Debit,166.88,21941.63,RETRAIT ATM,BIM,Fès,MA,2024-01-15 12:45:00,2024,1,15,12,Monday,January,RETRAIT ATM,BIM,1,0,Dépense,Après-midi
TX0500033,CUST0001_SEASONAL,2024-01-15,19:00:00,Courant,Virement instantané,Debit,42.79,21898.84,ACHAT EPICERIE,ATM,Fès,MA,2024-01-15 19:00:00,2024,1,15,19,Monday,January,ACHAT EPICERIE,ATM,1,0,Dépense,Soir
TX0500034,CUST0001_SEASONAL,2024-01-16,08:11:00,Courant,Virement instantané,Debit,117.07,21781.76,RETRAIT ATM,Pharmacie,Oujda,MA,2024-01-16 08:11:00,2024,1,16,8,Tuesday,January,RETRAIT ATM,PHARMACIE,1,0,Dépense,Matin
TX0500035,CUST0001_SEASONAL,2024-01-16,12:58:00,Courant,ATM,Debit,88.64,21693.13,TRANSPORT,Pharmacie,Fès,MA,2024-01-16 12:58:00,2024,1,16,12,Tuesday,January,TRANSPORT,PHARMACIE,1,0,Dépense,Après-midi
TX0500036,CUST0001_SEASONAL,2024-01-17,14:47:00,Courant,Espèces,Debit,31.65,21661.48,CARBURANT,ATM,Casablanca,MA,2024-01-17 14:47:00,2024,1,17,14,Wednesday,January,CARBURANT,ATM,1,0,Dépense,Après-midi
TX0500037,CUST0001_SEASONAL,2024-01-17,18:07:00,Courant,ATM,Debit,31.13,21630.35,RETRAIT ATM,BIM,Rabat,MA,2024-01-17 18:07:00,2024,1,17,18,Wednesday,January,RETRAIT ATM,BIM,1,0,Dépense,Soir
TX0500038,CUST0001_SEASONAL,2024-01-18,17:49:00,Courant,Virement instantané,Debit,128.29,21502.06,RETRAIT ATM,Pharmacie,Tanger,MA,2024-01-18 17:49:00,2024,1,18,17,Thursday,January,RETRAIT ATM,PHARMACIE,1,0,Dépense,Après-midi
TX0500039,CUST0001_SEASONAL,2024-01-18,17:55:00,Courant,Virement,Debit,37.55,21464.51,ACHAT EPICERIE,Careem,Agadir,MA,2024-01-18 17:55:00,2024,1,18,17,Thursday,January,ACHAT EPICERIE,CAREEM,1,0,Dépense,Après-midi
TX0500040,CUST0001_SEASONAL,2024-01-19,11:15:00,Courant,Espèces,Debit,56.16,21408.36,ACHAT SUPERMARCHE,Careem,Agadir,MA,2024-01-19 11:15:00,2024,1,19,11,Friday,January,ACHAT SUPERMARCHE,CAREEM,1,0,Dépense,Matin
TX0500041,CUST0001_SEASONAL,2024-01-19,09:02:00,Courant,ATM,Debit,207.23,21201.13,TRANSPORT,BIM,Oujda,MA,2024-01-19 09:02:00,2024,1,19,9,Friday,January,TRANSPORT,BIM,1,0,Dépense,Matin
TX0500042,CUST0001_SEASONAL,2024-01-20,11:21:00,Courant,Espèces,Debit,181.2,21019.93,ACHAT EPICERIE,Shell,Tanger,MA,2024-01-20 11:21:00,2024,1,20,11,Saturday,January,ACHAT EPICERIE,SHELL,1,0,Dépense,Matin
TX0500043,CUST0001_SEASONAL,2024-01-20,19:41:00,Courant,Wallet,Debit,33.11,20986.81,ACHAT EPICERIE,ATM,Agadir,MA,2024-01-20 19:41:00,2024,1,20,19,Saturday,January,ACHAT EPICERIE,ATM,1,0,Dépense,Soir
TX0500044,CUST0001_SEASONAL,2024-01-21,18:48:00,Courant,Carte,Debit,188.99,20797.82,ACHAT SUPERMARCHE,BIM,Casablanca,MA,2024-01-21 18:48:00,2024,1,21,18,Sunday,January,ACHAT SUPERMARCHE,BIM,1,0,Dépense,Soir
TX0500045,CUST0001_SEASONAL,2024-01-21,10:57:00,Courant,Virement instantané,Debit,65.3,20732.53,ACHAT EPICERIE,Pharmacie,Meknès,MA,2024-01-21 10:57:00,2024,1,21,10,Sunday,January,ACHAT EPICERIE,PHARMACIE,1,0,Dépense,Matin
TX0500046,CUST0001_SEASONAL,2024-01-22,16:35:00,Courant,ATM,Debit,172.47,20560.06,ACHAT EPICERIE,Carrefour,Casablanca,MA,2024-01-22 16:35:00,2024,1,22,16,Monday,January,ACHAT EPICERIE,CARREFOUR,1,0,Dépense,Après-midi
TX0500047,CUST0001_SEASONAL,2024-01-22,11:36:00,Courant,Wallet,Debit,134.19,20425.87,CARBURANT,Shell,Oujda,MA,2024-01-22 11:36:00,2024,1,22,11,Monday,January,CARBURANT,SHELL,1,0,Dépense,Matin
TX0500048,CUST0001_SEASONAL,2024-01-23,11:41:00,Courant,ATM,Debit,170.76,20255.11,ACHAT EPICERIE,BIM,Fès,MA,2024-01-23 11:41:00,2024,1,23,11,Tuesday,January,ACHAT EPICERIE,BIM,1,0,Dépense,Matin
TX0500049,CUST0001_SEASONAL,2024-01-23,13:35:00,Courant,Wallet,Debit,74.95,20180.16,TRANSPORT,Shell,Tanger,MA,2024-01-23 13:35:00,2024,1,23,13,Tuesday,January,TRANSPORT,SHELL,1,0,Dépense,Après-midi
TX0500050,CUST0001_SEASONAL,2024-01-24,19:44:00,Courant,Wallet,Debit,171.23,20008.94,ACHAT SUPERMARCHE,Shell,Casablanca,MA,2024-01-24 19:44:00,2024,1,24,19,Wednesday,January,ACHAT SUPERMARCHE,SHELL,1,0,Dépense,Soir
TX0500051,CUST0001_SEASONAL,2024-01-24,11:10:00,Courant,Virement,Debit,208.27,19800.66,RETRAIT ATM,Careem,Rabat,MA,2024-01-24 11:10:00,2024,1,24,11,Wednesday,January,RETRAIT ATM,CAREEM,1,0,Dépense,Matin
TX0500052,CUST0001_SEASONAL,2024-01-25,17:07:00,Courant,Espèces,Debit,65.76,19734.9,RETRAIT ATM,Pharmacie,Fès,MA,2024-01-25 17:07:00,2024,1,25,17,Thursday,January,RETRAIT ATM,PHARMACIE,1,0,Dépense,Après-midi
TX0500053,CUST0001_SEASONAL,2024-01-25,15:06:00,Courant,Carte,Debit,242.15,19492.74,RETRAIT ATM,Careem,Agadir,MA,2024-01-25 15:06:00,2024,1,25,15,Thursday,January,RETRAIT ATM,CAREEM,1,0,Dépense,Après-midi
TX0500054,CUST0001_SEASONAL,2024-01-25,08:37:00,Courant,ATM,Debit,44.56,19448.18,ACHAT SUPERMARCHE,Carrefour,Marrakech,MA,2024-01-25 08:37:00,2024,1,25,8,Thursday,January,ACHAT SUPERMARCHE,CARREFOUR,1,0,Dépense,Matin
TX0500055,CUST0001_SEASONAL,2024-01-25,13:40:00,Courant,Virement,Debit,137.9,19310.29,ACHAT SUPERMARCHE,ATM,Meknès,MA,2024-01-25 13:40:00,2024,1,25,13,Thursday,January,ACHAT SUPERMARCHE,ATM,1,0,Dépense,Après-midi
TX0500056,CUST0001_SEASONAL,2024-01-26,17:14:00,Courant,Virement,Debit,213.0,19097.29,ACHAT SUPERMARCHE,BIM,Tanger,MA,2024-01-26 17:14:00,2024,1,26,17,Friday,January,ACHAT SUPERMARCHE,BIM,1,0,Dépense,Après-midi
TX0500057,CUST0001_SEASONAL,2024-01-26,17:09:00,Courant,Virement instantané,Debit,73.55,19023.74,TRANSPORT,Careem,Casablanca,MA,2024-01-26 17:09:00,2024,1,26,17,Friday,January,TRANSPORT,CAREEM,1,0,Dépense,Après-midi
TX0500058,CUST0001_SEASONAL,2024-01-27,15:22:00,Courant,Wallet,Debit,207.2,18816.54,ACHAT SUPERMARCHE,BIM,Marrakech,MA,2024-01-27 15:22:00,2024,1,27,15,Saturday,January,ACHAT SUPERMARCHE,BIM,1,0,Dépense,Après-midi
TX0500059,CUST0001_SEASONAL,2024-01-27,12:47:00,Courant,Wallet,Debit,246.93,18569.61,TRANSPORT,Carrefour,Rabat,MA,2024-01-27 12:47:00,2024,1,27,12,Saturday,January,TRANSPORT,CARREFOUR,1,0,Dépense,Après-midi
TX0500060,CUST0001_SEASONAL,2024-01-28,14:45:00,Courant,Virement,Debit,219.38,18350.23,CARBURANT,Carrefour,Fès,MA,2024-01-28 14:45:00,2024,1,28,14,Sunday,January,CARBURANT,CARREFOUR,1,0,Dépense,Après-midi
TX0500061,CUST0001_SEASONAL,2024-01-28,13:16:00,Courant,Espèces,Debit,129.12,18221.11,ACHAT SUPERMARCHE,Carrefour,Marrakech,MA,2024-01-28 13:16:00,2024,1,28,13,Sunday,January,ACHAT SUPERMARCHE,CARREFOUR,1,0,Dépense,Après-midi
TX0500062,CUST0001_SEASONAL,2024-01-29,12:26:00,Courant,ATM,Debit,58.09,18163.01,CARBURANT,ATM,Tanger,MA,2024-01-29 12:26:00,2024,1,29,12,Monday,January,CARBURANT,ATM,1,0,Dépense,Après-midi
TX0500063,CUST0001_SEASONAL,2024-01-29,18:18:00,Courant,ATM,Debit,158.0,18005.01,CARBURANT,Pharmacie,Rabat,MA,2024-01-29 18:18:00,2024,1,29,18,Monday,January,CARBURANT,PHARMACIE,1,0,Dépense,Soir
TX0500064,CUST0001_SEASONAL,2024-01-30,13:50:00,Courant,Carte,Debit,200.16,17804.85,TRANSPORT,Carrefour,Meknès,MA,2024-01-30 13:50:00,2024,1,30,13,Tuesday,January,TRANSPORT,CARREFOUR,1,0,Dépense,Après-midi
TX0500065,CUST0001_SEASONAL,2024-01-30,10:28:00,Courant,Espèces,Debit,139.06,17665.79,CARBURANT,ATM,Agadir,MA,2024-01-30 10:28:00,2024,1,30,10,Tuesday,January,CARBURANT,ATM,1,0,Dépense,Matin
TX0500066,CUST0001_SEASONAL,2024-01-30,09:15:00,Courant,Espèces,Debit,38.99,17626.8,CARBURANT,ATM,Meknès,MA,2024-01-30 09:15:00,2024,1,30,9,Tuesday,January,CARBURANT,ATM,1,0,Dépense,Matin
TX0500067,CUST0001_SEASONAL,2024-01-31,16:58:00,Courant,Carte,Debit,237.18,17389.62,TRANSPORT,Carrefour,Rabat,MA,2024-01-31 16:58:00,2024,1,31,16,Wednesday,January,TRANSPORT,CARREFOUR,1,0,Dépense,Après-midi
TX0500068,CUST0001_SEASONAL,2024-01-31,13:20:00,Courant,Virement,Debit,117.83,17271.79,ACHAT EPICERIE,Pharmacie,Agadir,MA,2024-01-31 13:20:00,2024,1,31,13,Wednesday,January,ACHAT EPICERIE,PHARMACIE,1,0,Dépense,Après-midi
TX0500069,CUST0001_SEASONAL,2024-02-01,10:19:00,Salaire,Virement instantané,Credit,17876.0,35147.79,virement employeur,Salaire,Oujda,MA,2024-02-01 10:19:00,2024,2,1,10,Thursday,February,VIREMENT EMPLOYEUR,SALAIRE,0,1,Revenu,Matin
TX0500071,CUST0001_SEASONAL,2024-02-01,10:19:00,Courant,Virement instantané,Debit,216.91,34930.88,RETRAIT ATM,ATM,Marrakech,MA,2024-02-01 10:19:00,2024,2,1,10,Thursday,February,RETRAIT ATM,ATM,1,0,Dépense,Matin
TX0500071,CUST0001_SEASONAL,2024-02-01,20:24:00,Courant,Wallet,Debit,76.15,34854.73,ACHAT SUPERMARCHE,Shell,Casablanca,MA,2024-02-01 20:24:00,2024,2,1,20,Thursday,February,ACHAT SUPERMARCHE,SHELL,1,0,Dépense,Soir
TX0500072,CUST0001_SEASONAL,2024-02-02,18:33:00,Courant,Carte,Debit,111.86,34742.87,ACHAT EPICERIE,Carrefour,Agadir,MA,2024-02-02 18:33:00,2024,2,2,18,Friday,February,ACHAT EPICERIE,CARREFOUR,1,0,Dépense,Soir
TX0500073,CUST0001_SEASONAL,2024-02-02,12:14:00,Courant,Carte,Debit,46.09,34696.78,ACHAT EPICERIE,Careem,Fès,MA,2024-02-02 12:14:00,2024,2,2,12,Friday,February,ACHAT EPICERIE,CAREEM,1,0,Dépense,Après-midi
TX0500074,CUST0001_SEASONAL,2024-02-03,18:22:00,Courant,Wallet,Debit,233.76,34463.01,TRANSPORT,Careem,Agadir,MA,2024-02-03 18:22:00,2024,2,3,18,Saturday,February,TRANSPORT,CAREEM,1,0,Dépense,Soir
TX0500075,CUST0001_SEASONAL,2024-02-03,17:32:00,Courant,Carte,Debit,81.54,34381.47,CARBURANT,BIM,Fès,MA,2024-02-03 17:32:00,2024,2,3,17,Saturday,February,CARBURANT,BIM,1,0,Dépense,Après-midi
TX0500076,CUST0001_SEASONAL,2024-02-04,15:43:00,Courant,ATM,Debit,119.39,34262.08,CARBURANT,Carrefour,Tanger,MA,2024-02-04 15:43:00,2024,2,4,15,Sunday,February,CARBURANT,CARREFOUR,1,0,Dépense,Après-midi
TX0500077,CUST0001_SEASONAL,2024-02-04,08:29:00,Courant,ATM,Debit,58.88,34203.2,CARBURANT,BIM,Tanger,MA,2024-02-04 08:29:00,2024,2,4,8,Sunday,February,CARBURANT,BIM,1,0,Dépense,Matin
TX0500078,CUST0001_SEASONAL,2024-02-05,19:50:00,Courant,ATM,Debit,214.86,33988.34,CARBURANT,ATM,Casablanca,MA,2024-02-05 19:50:00,2024,2,5,19,Monday,February,CARBURANT,ATM,1,0,Dépense,Soir
TX0500079,CUST0001_SEASONAL,2024-02-05,11:06:00,Courant,Virement,Debit,110.03,33878.31,RETRAIT ATM,BIM,Fès,MA,2024-02-05 11:06:00,2024,2,5,11,Monday,February,RETRAIT ATM,BIM,1,0,Dépense,Matin
TX0500080,CUST0001_SEASONAL,2024-02-06,20:09:00,Courant,Espèces,Debit,172.87,33705.44,CARBURANT,Shell,Fès,MA,2024-02-06 20:09:00,2024,2,6,20,Tuesday,February,CARBURANT,SHELL,1,0,Dépense,Soir
TX0500081,CUST0001_SEASONAL,2024-02-06,17:20:00,Courant,Virement,Debit,62.83,33642.61,TRANSPORT,Shell,Rabat,MA,2024-02-06 17:20:00,2024,2,6,17,Tuesday,February,TRANSPORT,SHELL,1,0,Dépense,Après-midi
TX0500082,CUST0001_SEASONAL,2024-02-07,15:30:00,Courant,Espèces,Debit,35.26,33607.36,ACHAT EPICERIE,Pharmacie,Oujda,MA,2024-02-07 15:30:00,2024,2,7,15,Wednesday,February,ACHAT EPICERIE,PHARMACIE,1,0,Dépense,Après-midi
TX0500083,CUST0001_SEASONAL,2024-02-07,09:47:00,Courant,Virement instantané,Debit,42.58,33564.77,RETRAIT ATM,Pharmacie,Fès,MA,2024-02-07 09:47:00,2024,2,7,9,Wednesday,February,RETRAIT ATM,PHARMACIE,1,0,Dépense,Matin
TX0500084,CUST0001_SEASONAL,2024-02-08,15:19:00,Courant,Carte,Debit,108.69,33456.08,TRANSPORT,Pharmacie,Oujda,MA,2024-02-08 15:19:00,2024,2,8,15,Thursday,February,TRANSPORT,PHARMACIE,1,0,Dépense,Après-midi
TX0500085,CUST0001_SEASONAL,2024-02-08,17:51:00,Courant,Virement,Debit,60.89,33395.2,CARBURANT,Shell,Fès,MA,2024-02-08 17:51:00,2024,2,8,17,Thursday,February,CARBURANT,SHELL,1,0,Dépense,Après-midi
TX0500086,CUST0001_SEASONAL,2024-02-08,14:55:00,Courant,Espèces,Debit,222.6,33172.59,CARBURANT,Carrefour,Marrakech,MA,2024-02-08 14:55:00,2024,2,8,14,Thursday,February,CARBURANT,CARREFOUR,1,0,Dépense,Après-midi
TX0500087,CUST0001_SEASONAL,2024-02-09,09:03:00,Courant,Virement instantané,Debit,66.98,33105.61,CARBURANT,Careem,Tanger,MA,2024-02-09 09:03:00,2024,2,9,9,Friday,February,CARBURANT,CAREEM,1,0,Dépense,Matin
TX0500088,CUST0001_SEASONAL,2024-02-09,08:56:00,Courant,Wallet,Debit,108.32,32997.3,ACHAT EPICERIE,Pharmacie,Agadir,MA,2024-02-09 08:56:00,2024,2,9,8,Friday,February,ACHAT EPICERIE,PHARMACIE,1,0,Dépense,Matin
TX0500089,CUST0001_SEASONAL,2024-02-10,09:10:00,Courant,ATM,Debit,186.58,32810.72,TRANSPORT,Carrefour,Meknès,MA,2024-02-10 09:10:00,2024,2,10,9,Saturday,February,TRANSPORT,CARREFOUR,1,0,Dépense,Matin
TX0500090,CUST0001_SEASONAL,2024-02-10,15:14:00,Courant,Wallet,Debit,100.72,32710.0,ACHAT EPICERIE,BIM,Casablanca,MA,2024-02-10 15:14:00,2024,2,10,15,Saturday,February,ACHAT EPICERIE,BIM,1,0,Dépense,Après-midi
TX0500091,CUST0001_SEASONAL,2024-02-11,13:44:00,Courant,Carte,Debit,93.56,32616.44,TRANSPORT,BIM,Agadir,MA,2024-02-11 13:44:00,2024,2,11,13,Sunday,February,TRANSPORT,BIM,1,0,Dépense,Après-midi
TX0500092,CUST0001_SEASONAL,2024-02-12,14:47:00,Courant,Espèces,Debit,195.41,32421.04,ACHAT SUPERMARCHE,Pharmacie,Tanger,MA,2024-02-12 14:47:00,2024,2,12,14,Monday,February,ACHAT SUPERMARCHE,PHARMACIE,1,0,Dépense,Après-midi
TX0500093,CUST0001_SEASONAL,2024-02-12,17:23:00,Courant,ATM,Debit,144.81,32276.22,RETRAIT ATM,Pharmacie,Tanger,MA,2024-02-12 17:23:00,2024,2,12,17,Monday,February,RETRAIT ATM,PHARMACIE,1,0,Dépense,Après-midi
TX0500094,CUST0001_SEASONAL,2024-02-13,12:20:00,Courant,Espèces,Debit,188.52,32087.7,RETRAIT ATM,ATM,Tanger,MA,2024-02-13 12:20:00,2024,2,13,12,Tuesday,February,RETRAIT ATM,ATM,1,0,Dépense,Après-midi
TX0500095,CUST0001_SEASONAL,2024-02-13,09:17:00,Courant,ATM,Debit,57.78,32029.92,TRANSPORT,ATM,Tanger,MA,2024-02-13 09:17:00,2024,2,13,9,Tuesday,February,TRANSPORT,ATM,1,0,Dépense,Matin
TX0500096,CUST0001_SEASONAL,2024-02-13,13:43:00,Courant,Carte,Debit,160.14,31869.79,ACHAT EPICERIE,Shell,Oujda,MA,2024-02-13 13:43:00,2024,2,13,13,Tuesday,February,ACHAT EPICERIE,SHELL,1,0,Dépense,Après-midi
TX0500097,CUST0001_SEASONAL,2024-02-13,13:45:00,Courant,Virement instantané,Debit,212.06,31657.72,ACHAT SUPERMARCHE,BIM,Marrakech,MA,2024-02-13 13:45:00,2024,2,13,13,Tuesday,February,ACHAT SUPERMARCHE,BIM,1,0,Dépense,Après-midi
TX0500098,CUST0001_SEASONAL,2024-02-14,11:07:00,Courant,Wallet,Debit,114.31,31543.41,CARBURANT,ATM,Marrakech,MA,2024-02-14 11:07:00,2024,2,14,11,Wednesday,February,CARBURANT,ATM,1,0,Dépense,Matin
TX0500099,CUST0001_SEASONAL,2024-02-14,17:36:00,Courant,Virement instantané,Debit,125.73,31417.68,CARBURANT,Careem,Rabat,MA,2024-02-14 17:36:00,2024,2,14,17,Wednesday,February,CARBURANT,CAREEM,1,0,Dépense,Après-midi
TX0500100,CUST0001_SEASONAL,2024-02-15,14:13:00,Courant,Virement,Debit,238.22,31179.46,ACHAT SUPERMARCHE,Shell,Fès,MA,2024-02-15 14:13:00,2024,2,15,14,Thursday,February,ACHAT SUPERMARCHE,SHELL,1,0,Dépense,Après-midi
TX0500101,CUST0001_SEASONAL,2024-02-15,13:02:00,Courant,Virement,Debit,201.12,30978.34,CARBURANT,Shell,Agadir,MA,2024-02-15 13:02:00,2024,2,15,13,Thursday,February,CARBURANT,SHELL,1,0,Dépense,Après-midi
TX0500102,CUST0001_SEASONAL,2024-02-16,11:50:00,Courant,Carte,Debit,33.72,30944.61,CARBURANT,Careem,Casablanca,MA,2024-02-16 11:50:00,2024,2,16,11,Friday,February,CARBURANT,CAREEM,1,0,Dépense,Matin
TX0500103,CUST0001_SEASONAL,2024-02-17,14:38:00,Courant,ATM,Debit,90.28,30854.33,ACHAT EPICERIE,Shell,Marrakech,MA,2024-02-17 14:38:00,2024,2,17,14,Saturday,February,ACHAT EPICERIE,SHELL,1,0,Dépense,Après-midi
TX0500104,CUST0001_SEASONAL,2024-02-17,14:15:00,Courant,Carte,Debit,115.65,30738.68,ACHAT EPICERIE,Pharmacie,Fès,MA,2024-02-17 14:15:00,2024,2,17,14,Saturday,February,ACHAT EPICERIE,PHARMACIE,1,0,Dépense,Après-midi
TX0500105,CUST0001_SEASONAL,2024-02-17,13:08:00,Courant,ATM,Debit,96.08,30642.6,RETRAIT ATM,BIM,Agadir,MA,2024-02-17 13:08:00,2024,2,17,13,Saturday,February,RETRAIT ATM,BIM,1,0,Dépense,Après-midi
TX0500106,CUST0001_SEASONAL,2024-02-18,17:16:00,Courant,Carte,Debit,109.33,30533.27,RETRAIT ATM,BIM,Fès,MA,2024-02-18 17:16:00,2024,2,18,17,Sunday,February,RETRAIT ATM,BIM,1,0,Dépense,Après-midi
TX0500107,CUST0001_SEASONAL,2024-02-18,16:41:00,Courant,Espèces,Debit,194.32,30338.94,ACHAT EPICERIE,Careem,Meknès,MA,2024-02-18 16:41:00,2024,2,18,16,Sunday,February,ACHAT EPICERIE,CAREEM,1,0,Dépense,Après-midi
TX0500108,CUST0001_SEASONAL,2024-02-18,10:19:00,Courant,Wallet,Debit,156.77,30182.17,RETRAIT ATM,Shell,Casablanca,MA,2024-02-18 10:19:00,2024,2,18,10,Sunday,February,RETRAIT ATM,SHELL,1,0,Dépense,Matin
TX0500109,CUST0001_SEASONAL,2024-02-19,17:37:00,Courant,Virement instantané,Debit,172.37,30009.8,CARBURANT,BIM,Meknès,MA,2024-02-19 17:37:00,2024,2,19,17,Monday,February,CARBURANT,BIM,1,0,Dépense,Après-midi
TX0500110,CUST0001_SEASONAL,2024-02-19,10:54:00,Courant,Wallet,Debit,36.57,29973.23,CARBURANT,Careem,Agadir,MA,2024-02-19 10:54:00,2024,2,19,10,Monday,February,CARBURANT,CAREEM,1,0,Dépense,Matin
TX0500111,CUST0001_SEASONAL,2024-02-20,12:20:00,Courant,Carte,Debit,214.23,29758.99,RETRAIT ATM,Careem,Oujda,MA,2024-02-20 12:20:00,2024,2,20,12,Tuesday,February,RETRAIT ATM,CAREEM,1,0,Dépense,Après-midi
TX0500112,CUST0001_SEASONAL,2024-02-20,10:36:00,Courant,Espèces,Debit,80.45,29678.54,CARBURANT,Pharmacie,Oujda,MA,2024-02-20 10:36:00,2024,2,20,10,Tuesday,February,CARBURANT,PHARMACIE,1,0,Dépense,Matin
TX0500113,CUST0001_SEASONAL,2024-02-21,12:27:00,Courant,Virement,Debit,183.62,29494.92,ACHAT EPICERIE,BIM,Rabat,MA,2024-02-21 12:27:00,2024,2,21,12,Wednesday,February,ACHAT EPICERIE,BIM,1,0,Dépense,Après-midi
TX0500114,CUST0001_SEASONAL,2024-02-21,14:16:00,Courant,Virement instantané,Debit,59.09,29435.83,TRANSPORT,Careem,Tanger,MA,2024-02-21 14:16:00,2024,2,21,14,Wednesday,February,TRANSPORT,CAREEM,1,0,Dépense,Après-midi
TX0500115,CUST0001_SEASONAL,2024-02-22,18:32:00,Courant,Carte,Debit,241.96,29193.87,CARBURANT,Shell,Marrakech,MA,2024-02-22 18:32:00,2024,2,22,18,Thursday,February,CARBURANT,SHELL,1,0,Dépense,Soir
TX0500116,CUST0001_SEASONAL,2024-02-22,19:23:00,Courant,ATM,Debit,106.79,29087.09,ACHAT EPICERIE,Careem,Meknès,MA,2024-02-22 19:23:00,2024,2,22,19,Thursday,February,ACHAT EPICERIE,CAREEM,1,0,Dépense,Soir
TX0500117,CUST0001_SEASONAL,2024-02-23,11:49:00,Courant,Espèces,Debit,101.0,28986.09,ACHAT SUPERMARCHE,BIM,Tanger,MA,2024-02-23 11:49:00,2024,2,23,11,Friday,February,ACHAT SUPERMARCHE,BIM,1,0,Dépense,Matin
TX0500118,CUST0001_SEASONAL,2024-02-23,13:04:00,Courant,ATM,Debit,98.67,28887.42,RETRAIT ATM,ATM,Rabat,MA,2024-02-23 13:04:00,2024,2,23,13,Friday,February,RETRAIT ATM,ATM,1,0,Dépense,Après-midi
TX0500119,CUST0001_SEASONAL,2024-02-23,10:39:00,Courant,Espèces,Debit,81.83,28805.59,TRANSPORT,Pharmacie,Tanger,MA,2024-02-23 10:39:00,2024,2,23,10,Friday,February,TRANSPORT,PHARMACIE,1,0,Dépense,Matin
TX0500120,CUST0001_SEASONAL,2024-02-24,15:27:00,Courant,ATM,Debit,178.0,28627.59,CARBURANT,Shell,Casablanca,MA,2024-02-24 15:27:00,2024,2,24,15,Saturday,February,CARBURANT,SHELL,1,0,Dépense,Après-midi
TX0500121,CUST0001_SEASONAL,2024-02-24,09:34:00,Courant,Virement instantané,Debit,216.38,28411.21,RETRAIT ATM,Shell,Rabat,MA,2024-02-24 09:34:00,2024,2,24,9,Saturday,February,RETRAIT ATM,SHELL,1,0,Dépense,Matin
TX0500122,CUST0001_SEASONAL,2024-02-25,08:34:00,Courant,Espèces,Debit,136.13,28275.08,TRANSPORT,BIM,Tanger,MA,2024-02-25 08:34:00,2024,2,25,8,Sunday,February,TRANSPORT,BIM,1,0,Dépense,Matin
TX0500123,CUST0001_SEASONAL,2024-02-25,18:09:00,Courant,Wallet,Debit,210.62,28064.46,ACHAT SUPERMARCHE,ATM,Oujda,MA,2024-02-25 18:09:00,2024,2,25,18,Sunday,February,ACHAT SUPERMARCHE,ATM,1,0,Dépense,Soir
TX0500124,CUST0001_SEASONAL,2024-02-25,09:24:00,Courant,Virement instantané,Debit,164.57,27899.89,TRANSPORT,Carrefour,Fès,MA,2024-02-25 09:24:00,2024,2,25,9,Sunday,February,TRANSPORT,CARREFOUR,1,0,Dépense,Matin
TX0500125,CUST0001_SEASONAL,2024-02-26,14:01:00,Courant,Espèces,Debit,125.77,27774.12,RETRAIT ATM,Carrefour,Agadir,MA,2024-02-26 14:01:00,2024,2,26,14,Monday,February,RETRAIT ATM,CARREFOUR,1,0,Dépense,Après-midi
TX0500126,CUST0001_SEASONAL,2024-02-27,12:48:00,Courant,Espèces,Debit,96.11,27678.01,ACHAT SUPERMARCHE,Careem,Casablanca,MA,2024-02-27 12:48:00,2024,2,27,12,Tuesday,February,ACHAT SUPERMARCHE,CAREEM,1,0,Dépense,Après-midi
TX0500127,CUST0001_SEASONAL,2024-02-27,19:17:00,Courant,Virement instantané,Debit,97.49,27580.53,ACHAT EPICERIE,ATM,Oujda,MA,2024-02-27 19:17:00,2024,2,27,19,Tuesday,February,ACHAT EPICERIE,ATM,1,0,Dépense,Soir
TX0500128,CUST0001_SEASONAL,2024-02-28,15:07:00,Courant,Espèces,Debit,240.58,27339.95,ACHAT SUPERMARCHE,Pharmacie,Agadir,MA,2024-02-28 15:07:00,2024,2,28,15,Wednesday,February,ACHAT SUPERMARCHE,PHARMACIE,1,0,Dépense,Après-midi
TX0500129,CUST0001_SEASONAL,2024-02-28,10:25:00,Courant,Espèces,Debit,38.6,27301.34,RETRAIT ATM,Pharmacie,Tanger,MA,2024-02-28 10:25:00,2024,2,28,10,Wednesday,February,RETRAIT ATM,PHARMACIE,1,0,Dépense,Matin
TX0500130,CUST0001_SEASONAL,2024-02-29,08:13:00,Courant,ATM,Debit,87.23,27214.11,CARBURANT,BIM,Tanger,MA,2024-02-29 08:13:00,2024,2,29,8,Thursday,February,CARBURANT,BIM,1,0,Dépense,Matin
TX0500131,CUST0001_SEASONAL,2024-02-29,11:52:00,Courant,ATM,Debit,68.57,27145.54,TRANSPORT,Pharmacie,Casablanca,MA,2024-02-29 11:52:00,2024,2,29,11,Thursday,February,TRANSPORT,PHARMACIE,1,0,Dépense,Matin
TX0500132,CUST0001_SEASONAL,2024-03-01,08:10:00,Salaire,Virement instantané,Credit,15062.0,42207.54,virement employeur,Salaire,Fès,MA,2024-03-01 08:10:00,2024,3,1,8,Friday,March,VIREMENT EMPLOYEUR,SALAIRE,0,1,Revenu,Matin
TX0500134,CUST0001_SEASONAL,2024-03-01,08:10:00,Courant,Virement instantané,Debit,1923.71,40283.83,ACHAT RAMADAN,Hôtel Kenzi,Fès,MA,2024-03-01 08:10:00,2024,3,1,8,Friday,March,ACHAT RAMADAN,HÔTEL KENZI,1,0,Dépense,Matin
TX0500134,CUST0001_SEASONAL,2024-03-02,12:22:00,Courant,Carte,Debit,1637.01,38646.83,VOYAGE MAROC,Hôtel Kenzi,Marrakech,MA,2024-03-02 12:22:00,2024,3,2,12,Saturday,March,VOYAGE MAROC,HÔTEL KENZI,1,0,Dépense,Après-midi
TX0500135,CUST0001_SEASONAL,2024-03-02,08:05:00,Courant,Virement instantané,Debit,1557.44,37089.39,HOTEL RESERVATION,Zara,Rabat,MA,2024-03-02 08:05:00,2024,3,2,8,Saturday,March,HOTEL RESERVATION,ZARA,1,0,Dépense,Matin
TX0500136,CUST0001_SEASONAL,2024-03-03,18:52:00,Courant,Virement,Debit,1419.93,35669.47,ACHAT RAMADAN,Hôtel Kenzi,Oujda,MA,2024-03-03 18:52:00,2024,3,3,18,Sunday,March,ACHAT RAMADAN,HÔTEL KENZI,1,0,Dépense,Soir
TX0500137,CUST0001_SEASONAL,2024-03-03,20:52:00,Courant,Carte,Debit,1572.05,34097.41,HOTEL RESERVATION,H&M,Tanger,MA,2024-03-03 20:52:00,2024,3,3,20,Sunday,March,HOTEL RESERVATION,H&M,1,0,Dépense,Soir
TX0500138,CUST0001_SEASONAL,2024-03-03,13:42:00,Courant,Wallet,Debit,829.77,33267.64,RESTAURANT ETE,Voyages Atlas,Fès,MA,2024-03-03 13:42:00,2024,3,3,13,Sunday,March,RESTAURANT ETE,VOYAGES ATLAS,1,0,Dépense,Après-midi
TX0500139,CUST0001_SEASONAL,2024-03-04,19:01:00,Courant,Espèces,Debit,1786.16,31481.48,VOYAGE MAROC,Hôtel Kenzi,Casablanca,MA,2024-03-04 19:01:00,2024,3,4,19,Monday,March,VOYAGE MAROC,HÔTEL KENZI,1,0,Dépense,Soir
TX0500140,CUST0001_SEASONAL,2024-03-05,11:21:00,Courant,Virement instantané,Debit,1746.01,29735.47,ACHAT ETE,Zara,Fès,MA,2024-03-05 11:21:00,2024,3,5,11,Tuesday,March,ACHAT ETE,ZARA,1,0,Dépense,Matin
TX0500141,CUST0001_SEASONAL,2024-03-05,12:57:00,Courant,ATM,Debit,438.32,29297.16,RESTAURANT ETE,Hôtel Kenzi,Tanger,MA,2024-03-05 12:57:00,2024,3,5,12,Tuesday,March,RESTAURANT ETE,HÔTEL KENZI,1,0,Dépense,Après-midi
TX0500142,CUST0001_SEASONAL,2024-03-06,20:36:00,Courant,Virement,Debit,579.58,28717.57,ACHAT ETE,Voyages Atlas,Marrakech,MA,2024-03-06 20:36:00,2024,3,6,20,Wednesday,March,ACHAT ETE,VOYAGES ATLAS,1,0,Dépense,Soir
TX0500143,CUST0001_SEASONAL,2024-03-07,17:12:00,Courant,Wallet,Debit,1793.02,26924.55,RESTAURANT ETE,McDonald's,Meknès,MA,2024-03-07 17:12:00,2024,3,7,17,Thursday,March,RESTAURANT ETE,MCDONALD'S,1,0,Dépense,Après-midi
TX0500144,CUST0001_SEASONAL,2024-03-07,14:51:00,Courant,ATM,Debit,988.94,25935.6,HOTEL RESERVATION,Hôtel Kenzi,Meknès,MA,2024-03-07 14:51:00,2024,3,7,14,Thursday,March,HOTEL RESERVATION,HÔTEL KENZI,1,0,Dépense,Après-midi
TX0500145,CUST0001_SEASONAL,2024-03-07,18:29:00,Courant,Espèces,Debit,1082.51,24853.1,ACHAT ETE,Voyages Atlas,Meknès,MA,2024-03-07 18:29:00,2024,3,7,18,Thursday,March,ACHAT ETE,VOYAGES ATLAS,1,0,Dépense,Soir
TX0500146,CUST0001_SEASONAL,2024-03-08,15:20:00,Courant,Carte,Debit,736.49,24116.61,RESTAURANT ETE,Carrefour,Tanger,MA,2024-03-08 15:20:00,2024,3,8,15,Friday,March,RESTAURANT ETE,CARREFOUR,1,0,Dépense,Après-midi
TX0500147,CUST0001_SEASONAL,2024-03-09,08:25:00,Courant,ATM,Debit,1264.06,22852.54,VOYAGE MAROC,Carrefour,Agadir,MA,2024-03-09 08:25:00,2024,3,9,8,Saturday,March,VOYAGE MAROC,CARREFOUR,1,0,Dépense,Matin
TX0500148,CUST0001_SEASONAL,2024-03-09,19:26:00,Courant,Wallet,Debit,1920.96,20931.59,HOTEL RESERVATION,Carrefour,Fès,MA,2024-03-09 19:26:00,2024,3,9,19,Saturday,March,HOTEL RESERVATION,CARREFOUR,1,0,Dépense,Soir
TX0500149,CUST0001_SEASONAL,2024-03-10,08:42:00,Courant,Espèces,Debit,1681.31,19250.27,ACHAT RAMADAN,Carrefour,Meknès,MA,2024-03-10 08:42:00,2024,3,10,8,Sunday,March,ACHAT RAMADAN,CARREFOUR,1,0,Dépense,Matin
TX0500150,CUST0001_SEASONAL,2024-03-11,09:44:00,Courant,Wallet,Debit,1239.86,18010.41,HOTEL RESERVATION,Marjane,Rabat,MA,2024-03-11 09:44:00,2024,3,11,9,Monday,March,HOTEL RESERVATION,MARJANE,1,0,Dépense,Matin
TX0500151,CUST0001_SEASONAL,2024-03-11,10:16:00,Courant,Espèces,Debit,1591.35,16419.06,VOYAGE MAROC,McDonald's,Oujda,MA,2024-03-11 10:16:00,2024,3,11,10,Monday,March,VOYAGE MAROC,MCDONALD'S,1,0,Dépense,Matin
TX0500152,CUST0001_SEASONAL,2024-03-11,10:49:00,Courant,ATM,Debit,777.26,15641.8,VOYAGE MAROC,Zara,Meknès,MA,2024-03-11 10:49:00,2024,3,11,10,Monday,March,VOYAGE MAROC,ZARA,1,0,Dépense,Matin
TX0500153,CUST0001_SEASONAL,2024-03-12,15:46:00,Courant,Virement instantané,Debit,1423.47,14218.32,HOTEL RESERVATION,Zara,Tanger,MA,2024-03-12 15:46:00,2024,3,12,15,Tuesday,March,HOTEL RESERVATION,ZARA,1,0,Dépense,Après-midi
TX0500154,CUST0001_SEASONAL,2024-03-12,13:44:00,Courant,Virement instantané,Debit,677.94,13540.38,ACHAT RAMADAN,McDonald's,Agadir,MA,2024-03-12 13:44:00,2024,3,12,13,Tuesday,March,ACHAT RAMADAN,MCDONALD'S,1,0,Dépense,Après-midi
TX0500155,CUST0001_SEASONAL,2024-03-12,10:02:00,Courant,Virement instantané,Debit,651.5,12888.88,RESTAURANT ETE,Zara,Tanger,MA,2024-03-12 10:02:00,2024,3,12,10,Tuesday,March,RESTAURANT ETE,ZARA,1,0,Dépense,Matin
TX0500156,CUST0001_SEASONAL,2024-03-12,16:14:00,Courant,Virement,Debit,516.03,12372.85,VOYAGE MAROC,Hôtel Kenzi,Agadir,MA,2024-03-12 16:14:00,2024,3,12,16,Tuesday,March,VOYAGE MAROC,HÔTEL KENZI,1,0,Dépense,Après-midi
TX0500157,CUST0001_SEASONAL,2024-03-13,12:26:00,Courant,Carte,Debit,1668.92,10703.94,ACHAT RAMADAN,Voyages Atlas,Rabat,MA,2024-03-13 12:26:00,2024,3,13,12,Wednesday,March,ACHAT RAMADAN,VOYAGES ATLAS,1,0,Dépense,Après-midi
TX0500158,CUST0001_SEASONAL,2024-03-14,13:20:00,Courant,Virement,Debit,534.12,10169.82,RESTAURANT ETE,Marjane,Rabat,MA,2024-03-14 13:20:00,2024,3,14,13,Thursday,March,RESTAURANT ETE,MARJANE,1,0,Dépense,Après-midi
TX0500159,CUST0001_SEASONAL,2024-03-14,17:16:00,Courant,Espèces,Debit,802.28,9367.53,RESTAURANT ETE,Voyages Atlas,Agadir,MA,2024-03-14 17:16:00,2024,3,14,17,Thursday,March,RESTAURANT ETE,VOYAGES ATLAS,1,0,Dépense,Après-midi
TX0500160,CUST0001_SEASONAL,2024-03-14,08:27:00,Courant,Espèces,Debit,1951.78,7415.75,ACHAT ETE,Marjane,Meknès,MA,2024-03-14 08:27:00,2024,3,14,8,Thursday,March,ACHAT ETE,MARJANE,1,0,Dépense,Matin
TX0500161,CUST0001_SEASONAL,2024-03-15,12:31:00,Courant,Espèces,Debit,805.07,6610.68,RESTAURANT ETE,Voyages Atlas,Marrakech,MA,2024-03-15 12:31:00,2024,3,15,12,Friday,March,RESTAURANT ETE,VOYAGES ATLAS,1,0,Dépense,Après-midi
TX0500162,CUST0001_SEASONAL,2024-03-16,15:06:00,Courant,Espèces,Debit,651.49,5959.19,ACHAT RAMADAN,Carrefour,Oujda,MA,2024-03-16 15:06:00,2024,3,16,15,Saturday,March,ACHAT RAMADAN,CARREFOUR,1,0,Dépense,Après-midi
TX0500163,CUST0001_SEASONAL,2024-03-16,18:02:00,Courant,Virement,Debit,1331.08,4628.12,RESTAURANT ETE,Restaurant Gastronomique,Meknès,MA,2024-03-16 18:02:00,2024,3,16,18,Saturday,March,RESTAURANT ETE,RESTAURANT GASTRONOMIQUE,1,0,Dépense,Soir
TX0500164,CUST0001_SEASONAL,2024-03-17,15:57:00,Courant,Virement,Debit,1207.74,3420.38,HOTEL RESERVATION,Restaurant Gastronomique,Casablanca,MA,2024-03-17 15:57:00,2024,3,17,15,Sunday,March,HOTEL RESERVATION,RESTAURANT GASTRONOMIQUE,1,0,Dépense,Après-midi
TX0500165,CUST0001_SEASONAL,2024-03-18,09:14:00,Courant,Espèces,Debit,732.56,2687.82,RESTAURANT ETE,McDonald's,Casablanca,MA,2024-03-18 09:14:00,2024,3,18,9,Monday,March,RESTAURANT ETE,MCDONALD'S,1,0,Dépense,Matin
TX0500166,CUST0001_SEASONAL,2024-03-18,20:34:00,Courant,Carte,Debit,1767.01,920.81,ACHAT ETE,Zara,Fès,MA,2024-03-18 20:34:00,2024,3,18,20,Monday,March,ACHAT ETE,ZARA,1,0,Dépense,Soir
TX0500167,CUST0001_SEASONAL,2024-03-19,14:58:00,Courant,ATM,Debit,1320.87,0.0,HOTEL RESERVATION,Zara,Oujda,MA,2024-03-19 14:58:00,2024,3,19,14,Tuesday,March,HOTEL RESERVATION,ZARA,1,0,Dépense,Après-midi
TX0500168,CUST0001_SEASONAL,2024-03-19,11:07:00,Courant,Virement instantané,Debit,892.1,0.0,ACHAT RAMADAN,Carrefour,Rabat,MA,2024-03-19 11:07:00,2024,3,19,11,Tuesday,March,ACHAT RAMADAN,CARREFOUR,1,0,Dépense,Matin
TX0500169,CUST0001_SEASONAL,2024-03-19,14:58:00,Courant,Virement instantané,Debit,462.81,0.0,VOYAGE MAROC,Zara,Fès,MA,2024-03-19 14:58:00,2024,3,19,14,Tuesday,March,VOYAGE MAROC,ZARA,1,0,Dépense,Après-midi
TX0500170,CUST0001_SEASONAL,2024-03-20,10:34:00,Courant,Virement instantané,Debit,1042.0,0.0,HOTEL RESERVATION,Hôtel Kenzi,Casablanca,MA,2024-03-20 10:34:00,2024,3,20,10,Wednesday,March,HOTEL RESERVATION,HÔTEL KENZI,1,0,Dépense,Matin
TX0500171,CUST0001_SEASONAL,2024-03-20,13:36:00,Courant,ATM,Debit,578.85,0.0,ACHAT ETE,McDonald's,Agadir,MA,2024-03-20 13:36:00,2024,3,20,13,Wednesday,March,ACHAT ETE,MCDONALD'S,1,0,Dépense,Après-midi
TX0500172,CUST0001_SEASONAL,2024-03-21,10:09:00,Courant,Wallet,Debit,1802.02,0.0,ACHAT RAMADAN,H&M,Marrakech,MA,2024-03-21 10:09:00,2024,3,21,10,Thursday,March,ACHAT RAMADAN,H&M,1,0,Dépense,Matin
TX0500173,CUST0001_SEASONAL,2024-03-21,09:50:00,Courant,Virement,Debit,1475.14,0.0,ACHAT RAMADAN,McDonald's,Fès,MA,2024-03-21 09:50:00,2024,3,21,9,Thursday,March,ACHAT RAMADAN,MCDONALD'S,1,0,Dépense,Matin
TX0500174,CUST0001_SEASONAL,2024-03-22,15:31:00,Courant,Espèces,Debit,845.44,0.0,VOYAGE MAROC,Zara,Marrakech,MA,2024-03-22 15:31:00,2024,3,22,15,Friday,March,VOYAGE MAROC,ZARA,1,0,Dépense,Après-midi
TX0500175,CUST0001_SEASONAL,2024-03-23,12:44:00,Courant,Wallet,Debit,492.01,0.0,ACHAT ETE,Marjane,Agadir,MA,2024-03-23 12:44:00,2024,3,23,12,Saturday,March,ACHAT ETE,MARJANE,1,0,Dépense,Après-midi
TX0500176,CUST0001_SEASONAL,2024-03-23,14:45:00,Courant,Carte,Debit,1724.51,0.0,ACHAT RAMADAN,Restaurant Gastronomique,Marrakech,MA,2024-03-23 14:45:00,2024,3,23,14,Saturday,March,ACHAT RAMADAN,RESTAURANT GASTRONOMIQUE,1,0,Dépense,Après-midi
TX0500177,CUST0001_SEASONAL,2024-03-24,17:31:00,Courant,Espèces,Debit,1588.25,0.0,ACHAT ETE,Restaurant Gastronomique,Agadir,MA,2024-03-24 17:31:00,2024,3,24,17,Sunday,March,ACHAT ETE,RESTAURANT GASTRONOMIQUE,1,0,Dépense,Après-midi
TX0500178,CUST0001_SEASONAL,2024-03-24,12:42:00,Courant,Wallet,Debit,420.95,0.0,HOTEL RESERVATION,Hôtel Kenzi,Oujda,MA,2024-03-24 12:42:00,2024,3,24,12,Sunday,March,HOTEL RESERVATION,HÔTEL KENZI,1,0,Dépense,Après-midi
TX0500179,CUST0001_SEASONAL,2024-03-25,19:26:00,Courant,Virement instantané,Debit,1937.25,0.0,ACHAT ETE,McDonald's,Rabat,MA,2024-03-25 19:26:00,2024,3,25,19,Monday,March,ACHAT ETE,MCDONALD'S,1,0,Dépense,Soir
TX0500180,CUST0001_SEASONAL,2024-03-25,12:04:00,Courant,Carte,Debit,780.88,0.0,ACHAT RAMADAN,Restaurant Gastronomique,Agadir,MA,2024-03-25 12:04:00,2024,3,25,12,Monday,March,ACHAT RAMADAN,RESTAURANT GASTRONOMIQUE,1,0,Dépense,Après-midi
TX0500181,CUST0001_SEASONAL,2024-03-25,16:19:00,Courant,Virement instantané,Debit,695.95,0.0,VOYAGE MAROC,Carrefour,Rabat,MA,2024-03-25 16:19:00,2024,3,25,16,Monday,March,VOYAGE MAROC,CARREFOUR,1,0,Dépense,Après-midi
TX0500182,CUST0001_SEASONAL,2024-03-25,09:00:00,Courant,Virement instantané,Debit,1722.37,0.0,ACHAT RAMADAN,Zara,Marrakech,MA,2024-03-25 09:00:00,2024,3,25,9,Monday,March,ACHAT RAMADAN,ZARA,1,0,Dépense,Matin
TX0500183,CUST0001_SEASONAL,2024-03-25,08:52:00,Courant,Wallet,Debit,1331.69,0.0,ACHAT ETE,H&M,Meknès,MA,2024-03-25 08:52:00,2024,3,25,8,Monday,March,ACHAT ETE,H&M,1,0,Dépense,Matin
TX0500184,CUST0001_SEASONAL,2024-03-26,14:30:00,Courant,ATM,Debit,1000.25,0.0,VOYAGE MAROC,Carrefour,Tanger,MA,2024-03-26 14:30:00,2024,3,26,14,Tuesday,March,VOYAGE MAROC,CARREFOUR,1,0,Dépense,Après-midi
TX0500185,CUST0001_SEASONAL,2024-03-26,11:49:00,Courant,Carte,Debit,1656.57,0.0,HOTEL RESERVATION,Carrefour,Tanger,MA,2024-03-26 11:49:00,2024,3,26,11,Tuesday,March,HOTEL RESERVATION,CARREFOUR,1,0,Dépense,Matin
TX0500186,CUST0001_SEASONAL,2024-03-27,10:54:00,Courant,Carte,Debit,1574.24,0.0,VOYAGE MAROC,McDonald's,Oujda,MA,2024-03-27 10:54:00,2024,3,27,10,Wednesday,March,VOYAGE MAROC,MCDONALD'S,1,0,Dépense,Matin
TX0500187,CUST0001_SEASONAL,2024-03-28,18:31:00,Courant,ATM,Debit,1125.83,0.0,ACHAT RAMADAN,Hôtel Kenzi,Fès,MA,2024-03-28 18:31:00,2024,3,28,18,Thursday,March,ACHAT RAMADAN,HÔTEL KENZI,1,0,Dépense,Soir
TX0500188,CUST0001_SEASONAL,2024-03-29,10:53:00,Courant,Carte,Debit,468.92,0.0,RESTAURANT ETE,H&M,Tanger,MA,2024-03-29 10:53:00,2024,3,29,10,Friday,March,RESTAURANT ETE,H&M,1,0,Dépense,Matin
TX0500189,CUST0001_SEASONAL,2024-03-29,09:14:00,Courant,Virement instantané,Debit,1126.36,0.0,ACHAT ETE,Carrefour,Casablanca,MA,2024-03-29 09:14:00,2024,3,29,9,Friday,March,ACHAT ETE,CARREFOUR,1,0,Dépense,Matin
TX0500190,CUST0001_SEASONAL,2024-03-29,13:25:00,Courant,Wallet,Debit,1259.51,0.0,HOTEL RESERVATION,Voyages Atlas,Agadir,MA,2024-03-29 13:25:00,2024,3,29,13,Friday,March,HOTEL RESERVATION,VOYAGES ATLAS,1,0,Dépense,Après-midi
TX0500191,CUST0001_SEASONAL,2024-03-29,14:03:00,Courant,Espèces,Debit,953.46,0.0,VOYAGE MAROC,Restaurant Gastronomique,Casablanca,MA,2024-03-29 14:03:00,2024,3,29,14,Friday,March,VOYAGE MAROC,RESTAURANT GASTRONOMIQUE,1,0,Dépense,Après-midi
TX0500192,CUST0001_SEASONAL,2024-03-30,12:18:00,Courant,Espèces,Debit,1523.03,0.0,ACHAT ETE,Marjane,Meknès,MA,2024-03-30 12:18:00,2024,3,30,12,Saturday,March,ACHAT ETE,MARJANE,1,0,Dépense,Après-midi
TX0500193,CUST0001_SEASONAL,2024-03-31,16:03:00,Courant,ATM,Debit,894.85,0.0,HOTEL RESERVATION,H&M,Fès,MA,2024-03-31 16:03:00,2024,3,31,16,Sunday,March,HOTEL RESERVATION,H&M,1,0,Dépense,Après-midi
TX0500194,CUST0001_SEASONAL,2024-03-31,17:00:00,Courant,Virement instantané,Debit,1910.5,0.0,VOYAGE MAROC,Carrefour,Casablanca,MA,2024-03-31 17:00:00,2024,3,31,17,Sunday,March,VOYAGE MAROC,CARREFOUR,1,0,Dépense,Après-midi
TX0500195,CUST0001_SEASONAL,2024-04-01,08:34:00,Salaire,Virement instantané,Credit,15440.0,-16245.8,virement employeur,Salaire,Oujda,MA,2024-04-01 08:34:00,2024,4,1,8,Monday,April,VIREMENT EMPLOYEUR,SALAIRE,0,1,Revenu,Matin
TX0500197,CUST0001_SEASONAL,2024-04-01,08:34:00,Courant,Wallet,Debit,100.8,0.0,TRANSPORT,Pharmacie,Casablanca,MA,2024-04-01 08:34:00,2024,4,1,8,Monday,April,TRANSPORT,PHARMACIE,1,0,Dépense,Matin
TX0500197,CUST0001_SEASONAL,2024-04-02,13:55:00,Courant,ATM,Debit,122.31,0.0,ACHAT SUPERMARCHE,Shell,Fès,MA,2024-04-02 13:55:00,2024,4,2,13,Tuesday,April,ACHAT SUPERMARCHE,SHELL,1,0,Dépense,Après-midi
TX0500198,CUST0001_SEASONAL,2024-04-02,16:08:00,Courant,Espèces,Debit,195.98,0.0,TRANSPORT,Carrefour,Fès,MA,2024-04-02 16:08:00,2024,4,2,16,Tuesday,April,TRANSPORT,CARREFOUR,1,0,Dépense,Après-midi
TX0500199,CUST0001_SEASONAL,2024-04-03,08:26:00,Courant,Virement,Debit,148.38,0.0,RETRAIT ATM,Careem,Fès,MA,2024-04-03 08:26:00,2024,4,3,8,Wednesday,April,RETRAIT ATM,CAREEM,1,0,Dépense,Matin
TX0500200,CUST0001_SEASONAL,2024-04-03,15:25:00,Courant,Virement instantané,Debit,166.45,0.0,RETRAIT ATM,ATM,Rabat,MA,2024-04-03 15:25:00,2024,4,3,15,Wednesday,April,RETRAIT ATM,ATM,1,0,Dépense,Après-midi
TX0500201,CUST0001_SEASONAL,2024-04-04,12:37:00,Courant,ATM,Debit,106.7,0.0,ACHAT SUPERMARCHE,Careem,Tanger,MA,2024-04-04 12:37:00,2024,4,4,12,Thursday,April,ACHAT SUPERMARCHE,CAREEM,1,0,Dépense,Après-midi
TX0500202,CUST0001_SEASONAL,2024-04-04,18:52:00,Courant,Carte,Debit,33.81,0.0,ACHAT SUPERMARCHE,Carrefour,Casablanca,MA,2024-04-04 18:52:00,2024,4,4,18,Thursday,April,ACHAT SUPERMARCHE,CARREFOUR,1,0,Dépense,Soir
TX0500203,CUST0001_SEASONAL,2024-04-05,20:41:00,Courant,Virement,Debit,110.27,0.0,RETRAIT ATM,Pharmacie,Oujda,MA,2024-04-05 20:41:00,2024,4,5,20,Friday,April,RETRAIT ATM,PHARMACIE,1,0,Dépense,Soir
TX0500204,CUST0001_SEASONAL,2024-04-05,18:42:00,Courant,Wallet,Debit,115.42,0.0,ACHAT EPICERIE,Careem,Marrakech,MA,2024-04-05 18:42:00,2024,4,5,18,Friday,April,ACHAT EPICERIE,CAREEM,1,0,Dépense,Soir
TX0500205,CUST0001_SEASONAL,2024-04-05,16:19:00,Courant,Espèces,Debit,216.16,0.0,ACHAT EPICERIE,ATM,Oujda,MA,2024-04-05 16:19:00,2024,4,5,16,Friday,April,ACHAT EPICERIE,ATM,1,0,Dépense,Après-midi
TX0500206,CUST0001_SEASONAL,2024-04-06,18:30:00,Courant,ATM,Debit,187.66,0.0,TRANSPORT,Shell,Marrakech,MA,2024-04-06 18:30:00,2024,4,6,18,Saturday,April,TRANSPORT,SHELL,1,0,Dépense,Soir
TX0500207,CUST0001_SEASONAL,2024-04-06,13:49:00,Courant,Carte,Debit,67.44,0.0,RETRAIT ATM,Careem,Meknès,MA,2024-04-06 13:49:00,2024,4,6,13,Saturday,April,RETRAIT ATM,CAREEM,1,0,Dépense,Après-midi
TX0500208,CUST0001_SEASONAL,2024-04-07,20:02:00,Courant,Virement,Debit,148.96,0.0,TRANSPORT,BIM,Rabat,MA,2024-04-07 20:02:00,2024,4,7,20,Sunday,April,TRANSPORT,BIM,1,0,Dépense,Soir
TX0500209,CUST0001_SEASONAL,2024-04-07,10:20:00,Courant,ATM,Debit,52.29,0.0,RETRAIT ATM,ATM,Oujda,MA,2024-04-07 10:20:00,2024,4,7,10,Sunday,April,RETRAIT ATM,ATM,1,0,Dépense,Matin
TX0500210,CUST0001_SEASONAL,2024-04-08,15:00:00,Courant,ATM,Debit,178.65,0.0,RETRAIT ATM,Pharmacie,Oujda,MA,2024-04-08 15:00:00,2024,4,8,15,Monday,April,RETRAIT ATM,PHARMACIE,1,0,Dépense,Après-midi
TX0500211,CUST0001_SEASONAL,2024-04-09,14:36:00,Courant,ATM,Debit,84.45,0.0,ACHAT SUPERMARCHE,Careem,Agadir,MA,2024-04-09 14:36:00,2024,4,9,14,Tuesday,April,ACHAT SUPERMARCHE,CAREEM,1,0,Dépense,Après-midi
TX0500212,CUST0001_SEASONAL,2024-04-10,17:07:00,Courant,Carte,Debit,35.08,0.0,ACHAT SUPERMARCHE,ATM,Marrakech,MA,2024-04-10 17:07:00,2024,4,10,17,Wednesday,April,ACHAT SUPERMARCHE,ATM,1,0,Dépense,Après-midi
TX0500213,CUST0001_SEASONAL,2024-04-10,13:38:00,Courant,Wallet,Debit,200.64,0.0,ACHAT EPICERIE,BIM,Tanger,MA,2024-04-10 13:38:00,2024,4,10,13,Wednesday,April,ACHAT EPICERIE,BIM,1,0,Dépense,Après-midi
TX0500214,CUST0001_SEASONAL,2024-04-10,16:04:00,Courant,Espèces,Debit,232.57,0.0,TRANSPORT,Carrefour,Casablanca,MA,2024-04-10 16:04:00,2024,4,10,16,Wednesday,April,TRANSPORT,CARREFOUR,1,0,Dépense,Après-midi
TX0500215,CUST0001_SEASONAL,2024-04-10,15:33:00,Courant,Espèces,Debit,58.8,0.0,CARBURANT,BIM,Agadir,MA,2024-04-10 15:33:00,2024,4,10,15,Wednesday,April,CARBURANT,BIM,1,0,Dépense,Après-midi
TX0500216,CUST0001_SEASONAL,2024-04-11,08:05:00,Courant,Espèces,Debit,107.81,0.0,ACHAT SUPERMARCHE,Shell,Marrakech,MA,2024-04-11 08:05:00,2024,4,11,8,Thursday,April,ACHAT SUPERMARCHE,SHELL,1,0,Dépense,Matin
TX0500217,CUST0001_SEASONAL,2024-04-11,14:43:00,Courant,Virement instantané,Debit,102.55,0.0,CARBURANT,ATM,Agadir,MA,2024-04-11 14:43:00,2024,4,11,14,Thursday,April,CARBURANT,ATM,1,0,Dépense,Après-midi
TX0500218,CUST0001_SEASONAL,2024-04-12,16:16:00,Courant,Virement instantané,Debit,245.91,0.0,ACHAT EPICERIE,Shell,Agadir,MA,2024-04-12 16:16:00,2024,4,12,16,Friday,April,ACHAT EPICERIE,SHELL,1,0,Dépense,Après-midi
TX0500219,CUST0001_SEASONAL,2024-04-12,11:22:00,Courant,ATM,Debit,109.08,0.0,ACHAT EPICERIE,Shell,Casablanca,MA,2024-04-12 11:22:00,2024,4,12,11,Friday,April,ACHAT EPICERIE,SHELL,1,0,Dépense,Matin
TX0500220,CUST0001_SEASONAL,2024-04-12,13:17:00,Courant,Virement,Debit,122.78,0.0,TRANSPORT,Careem,Rabat,MA,2024-04-12 13:17:00,2024,4,12,13,Friday,April,TRANSPORT,CAREEM,1,0,Dépense,Après-midi
TX0500221,CUST0001_SEASONAL,2024-04-13,16:56:00,Courant,Espèces,Debit,183.62,0.0,RETRAIT ATM,BIM,Casablanca,MA,2024-04-13 16:56:00,2024,4,13,16,Saturday,April,RETRAIT ATM,BIM,1,0,Dépense,Après-midi
TX0500222,CUST0001_SEASONAL,2024-04-13,08:09:00,Courant,Virement,Debit,40.11,0.0,ACHAT EPICERIE,Shell,Rabat,MA,2024-04-13 08:09:00,2024,4,13,8,Saturday,April,ACHAT EPICERIE,SHELL,1,0,Dépense,Matin
TX0500223,CUST0001_SEASONAL,2024-04-14,18:20:00,Courant,Carte,Debit,99.45,0.0,RETRAIT ATM,Pharmacie,Rabat,MA,2024-04-14 18:20:00,2024,4,14,18,Sunday,April,RETRAIT ATM,PHARMACIE,1,0,Dépense,Soir
TX0500224,CUST0001_SEASONAL,2024-04-14,18:26:00,Courant,Virement,Debit,187.59,0.0,ACHAT SUPERMARCHE,Shell,Meknès,MA,2024-04-14 18:26:00,2024,4,14,18,Sunday,April,ACHAT SUPERMARCHE,SHELL,1,0,Dépense,Soir
TX0500225,CUST0001_SEASONAL,2024-04-14,10:55:00,Courant,Carte,Debit,100.74,0.0,RETRAIT ATM,Shell,Tanger,MA,2024-04-14 10:55:00,2024,4,14,10,Sunday,April,RETRAIT ATM,SHELL,1,0,Dépense,Matin
TX0500226,CUST0001_SEASONAL,2024-04-15,17:57:00,Courant,Wallet,Debit,92.79,0.0,TRANSPORT,Carrefour,Casablanca,MA,2024-04-15 17:57:00,2024,4,15,17,Monday,April,TRANSPORT,CARREFOUR,1,0,Dépense,Après-midi
TX0500227,CUST0001_SEASONAL,2024-04-16,17:27:00,Courant,Wallet,Debit,214.05,0.0,CARBURANT,Shell,Fès,MA,2024-04-16 17:27:00,2024,4,16,17,Tuesday,April,CARBURANT,SHELL,1,0,Dépense,Après-midi
TX0500228,CUST0001_SEASONAL,2024-04-16,19:27:00,Courant,Virement,Debit,221.52,0.0,ACHAT EPICERIE,Shell,Tanger,MA,2024-04-16 19:27:00,2024,4,16,19,Tuesday,April,ACHAT EPICERIE,SHELL,1,0,Dépense,Soir
TX0500229,CUST0001_SEASONAL,2024-04-16,17:30:00,Courant,Virement instantané,Debit,85.0,0.0,RETRAIT ATM,ATM,Meknès,MA,2024-04-16 17:30:00,2024,4,16,17,Tuesday,April,RETRAIT ATM,ATM,1,0,Dépense,Après-midi
TX0500230,CUST0001_SEASONAL,2024-04-17,16:15:00,Courant,ATM,Debit,248.11,0.0,TRANSPORT,Pharmacie,Meknès,MA,2024-04-17 16:15:00,2024,4,17,16,Wednesday,April,TRANSPORT,PHARMACIE,1,0,Dépense,Après-midi
TX0500231,CUST0001_SEASONAL,2024-04-17,20:10:00,Courant,Virement instantané,Debit,74.89,0.0,TRANSPORT,BIM,Casablanca,MA,2024-04-17 20:10:00,2024,4,17,20,Wednesday,April,TRANSPORT,BIM,1,0,Dépense,Soir
TX0500232,CUST0001_SEASONAL,2024-04-17,16:06:00,Courant,ATM,Debit,74.29,0.0,CARBURANT,Careem,Oujda,MA,2024-04-17 16:06:00,2024,4,17,16,Wednesday,April,CARBURANT,CAREEM,1,0,Dépense,Après-midi
TX0500233,CUST0001_SEASONAL,2024-04-18,11:13:00,Courant,ATM,Debit,50.94,0.0,CARBURANT,Careem,Agadir,MA,2024-04-18 11:13:00,2024,4,18,11,Thursday,April,CARBURANT,CAREEM,1,0,Dépense,Matin
TX0500234,CUST0001_SEASONAL,2024-04-18,09:52:00,Courant,Espèces,Debit,243.82,0.0,RETRAIT ATM,Careem,Oujda,MA,2024-04-18 09:52:00,2024,4,18,9,Thursday,April,RETRAIT ATM,CAREEM,1,0,Dépense,Matin
TX0500235,CUST0001_SEASONAL,2024-04-19,11:46:00,Courant,Wallet,Debit,146.45,0.0,TRANSPORT,BIM,Meknès,MA,2024-04-19 11:46:00,2024,4,19,11,Friday,April,TRANSPORT,BIM,1,0,Dépense,Matin
TX0500236,CUST0001_SEASONAL,2024-04-20,17:12:00,Courant,Wallet,Debit,190.95,0.0,RETRAIT ATM,Shell,Oujda,MA,2024-04-20 17:12:00,2024,4,20,17,Saturday,April,RETRAIT ATM,SHELL,1,0,Dépense,Après-midi
TX0500237,CUST0001_SEASONAL,2024-04-20,15:06:00,Courant,Carte,Debit,227.12,0.0,ACHAT SUPERMARCHE,Pharmacie,Oujda,MA,2024-04-20 15:06:00,2024,4,20,15,Saturday,April,ACHAT SUPERMARCHE,PHARMACIE,1,0,Dépense,Après-midi
TX0500238,CUST0001_SEASONAL,2024-04-21,15:17:00,Courant,Virement instantané,Debit,64.37,0.0,RETRAIT ATM,Carrefour,Agadir,MA,2024-04-21 15:17:00,2024,4,21,15,Sunday,April,RETRAIT ATM,CARREFOUR,1,0,Dépense,Après-midi
TX0500239,CUST0001_SEASONAL,2024-04-21,20:37:00,Courant,Virement instantané,Debit,43.13,0.0,TRANSPORT,Pharmacie,Agadir,MA,2024-04-21 20:37:00,2024,4,21,20,Sunday,April,TRANSPORT,PHARMACIE,1,0,Dépense,Soir
TX0500240,CUST0001_SEASONAL,2024-04-21,13:14:00,Courant,Virement instantané,Debit,100.24,0.0,ACHAT SUPERMARCHE,BIM,Agadir,MA,2024-04-21 13:14:00,2024,4,21,13,Sunday,April,ACHAT SUPERMARCHE,BIM,1,0,Dépense,Après-midi
TX0500241,CUST0001_SEASONAL,2024-04-21,13:43:00,Courant,Wallet,Debit,110.46,0.0,TRANSPORT,Pharmacie,Marrakech,MA,2024-04-21 13:43:00,2024,4,21,13,Sunday,April,TRANSPORT,PHARMACIE,1,0,Dépense,Après-midi
TX0500242,CUST0001_SEASONAL,2024-04-22,14:33:00,Courant,Carte,Debit,31.28,0.0,RETRAIT ATM,Carrefour,Marrakech,MA,2024-04-22 14:33:00,2024,4,22,14,Monday,April,RETRAIT ATM,CARREFOUR,1,0,Dépense,Après-midi
TX0500243,CUST0001_SEASONAL,2024-04-23,13:40:00,Courant,Carte,Debit,200.47,0.0,ACHAT EPICERIE,ATM,Marrakech,MA,2024-04-23 13:40:00,2024,4,23,13,Tuesday,April,ACHAT EPICERIE,ATM,1,0,Dépense,Après-midi
TX0500244,CUST0001_SEASONAL,2024-04-23,10:43:00,Courant,Virement,Debit,96.99,0.0,TRANSPORT,BIM,Tanger,MA,2024-04-23 10:43:00,2024,4,23,10,Tuesday,April,TRANSPORT,BIM,1,0,Dépense,Matin
TX0500245,CUST0001_SEASONAL,2024-04-24,14:01:00,Courant,Wallet,Debit,223.63,0.0,TRANSPORT,Pharmacie,Fès,MA,2024-04-24 14:01:00,2024,4,24,14,Wednesday,April,TRANSPORT,PHARMACIE,1,0,Dépense,Après-midi
TX0500246,CUST0001_SEASONAL,2024-04-24,10:41:00,Courant,Virement instantané,Debit,130.44,0.0,CARBURANT,Shell,Rabat,MA,2024-04-24 10:41:00,2024,4,24,10,Wednesday,April,CARBURANT,SHELL,1,0,Dépense,Matin
TX0500247,CUST0001_SEASONAL,2024-04-25,08:53:00,Courant,Virement,Debit,30.06,0.0,ACHAT EPICERIE,Pharmacie,Oujda,MA,2024-04-25 08:53:00,2024,4,25,8,Thursday,April,ACHAT EPICERIE,PHARMACIE,1,0,Dépense,Matin
TX0500248,CUST0001_SEASONAL,2024-04-25,17:21:00,Courant,Virement,Debit,35.14,0.0,ACHAT EPICERIE,ATM,Rabat,MA,2024-04-25 17:21:00,2024,4,25,17,Thursday,April,ACHAT EPICERIE,ATM,1,0,Dépense,Après-midi
TX0500249,CUST0001_SEASONAL,2024-04-25,13:42:00,Courant,ATM,Debit,161.09,0.0,TRANSPORT,ATM,Tanger,MA,2024-04-25 13:42:00,2024,4,25,13,Thursday,April,TRANSPORT,ATM,1,0,Dépense,Après-midi
TX0500250,CUST0001_SEASONAL,2024-04-26,10:32:00,Courant,Carte,Debit,79.76,0.0,CARBURANT,BIM,Rabat,MA,2024-04-26 10:32:00,2024,4,26,10,Friday,April,CARBURANT,BIM,1,0,Dépense,Matin
TX0500251,CUST0001_SEASONAL,2024-04-26,14:34:00,Courant,ATM,Debit,127.82,0.0,RETRAIT ATM,ATM,Marrakech,MA,2024-04-26 14:34:00,2024,4,26,14,Friday,April,RETRAIT ATM,ATM,1,0,Dépense,Après-midi
TX0500252,CUST0001_SEASONAL,2024-04-27,14:51:00,Courant,Wallet,Debit,113.91,0.0,ACHAT EPICERIE,Carrefour,Casablanca,MA,2024-04-27 14:51:00,2024,4,27,14,Saturday,April,ACHAT EPICERIE,CARREFOUR,1,0,Dépense,Après-midi
TX0500253,CUST0001_SEASONAL,2024-04-27,16:41:00,Courant,Carte,Debit,181.5,0.0,TRANSPORT,Careem,Tanger,MA,2024-04-27 16:41:00,2024,4,27,16,Saturday,April,TRANSPORT,CAREEM,1,0,Dépense,Après-midi
TX0500254,CUST0001_SEASONAL,2024-04-28,11:52:00,Courant,Wallet,Debit,127.0,0.0,ACHAT SUPERMARCHE,Carrefour,Meknès,MA,2024-04-28 11:52:00,2024,4,28,11,Sunday,April,ACHAT SUPERMARCHE,CARREFOUR,1,0,Dépense,Matin
TX0500255,CUST0001_SEASONAL,2024-04-28,17:35:00,Courant,Carte,Debit,203.7,0.0,ACHAT EPICERIE,Pharmacie,Rabat,MA,2024-04-28 17:35:00,2024,4,28,17,Sunday,April,ACHAT EPICERIE,PHARMACIE,1,0,Dépense,Après-midi
TX0500256,CUST0001_SEASONAL,2024-04-29,09:01:00,Courant,Virement,Debit,30.04,0.0,ACHAT EPICERIE,ATM,Marrakech,MA,2024-04-29 09:01:00,2024,4,29,9,Monday,April,ACHAT EPICERIE,ATM,1,0,Dépense,Matin
TX0500257,CUST0001_SEASONAL,2024-04-30,19:34:00,Courant,Espèces,Debit,240.79,0.0,RETRAIT ATM,Shell,Agadir,MA,2024-04-30 19:34:00,2024,4,30,19,Tuesday,April,RETRAIT ATM,SHELL,1,0,Dépense,Soir
TX0500258,CUST0001_SEASONAL,2024-04-30,08:17:00,Courant,Wallet,Debit,203.35,0.0,RETRAIT ATM,Carrefour,Tanger,MA,2024-04-30 08:17:00,2024,4,30,8,Tuesday,April,RETRAIT ATM,CARREFOUR,1,0,Dépense,Matin
TX0500259,CUST0001_SEASONAL,2024-04-30,18:27:00,Courant,Espèces,Debit,182.25,0.0,CARBURANT,BIM,Marrakech,MA,2024-04-30 18:27:00,2024,4,30,18,Tuesday,April,CARBURANT,BIM,1,0,Dépense,Soir
TX0500260,CUST0001_SEASONAL,2024-05-01,10:08:00,Salaire,Virement instantané,Credit,15642.0,-9053.63,virement employeur,Salaire,Meknès,MA,2024-05-01 10:08:00,2024,5,1,10,Wednesday,May,VIREMENT EMPLOYEUR,SALAIRE,0,1,Revenu,Matin
TX0500262,CUST0001_SEASONAL,2024-05-01,10:08:00,Courant,Espèces,Debit,162.99,0.0,ACHAT SUPERMARCHE,Pharmacie,Fès,MA,2024-05-01 10:08:00,2024,5,1,10,Wednesday,May,ACHAT SUPERMARCHE,PHARMACIE,1,0,Dépense,Matin
TX0500262,CUST0001_SEASONAL,2024-05-02,20:19:00,Courant,Virement instantané,Debit,75.89,0.0,RETRAIT ATM,ATM,Fès,MA,2024-05-02 20:19:00,2024,5,2,20,Thursday,May,RETRAIT ATM,ATM,1,0,Dépense,Soir
TX0500263,CUST0001_SEASONAL,2024-05-02,19:37:00,Courant,Espèces,Debit,122.88,0.0,CARBURANT,Careem,Meknès,MA,2024-05-02 19:37:00,2024,5,2,19,Thursday,May,CARBURANT,CAREEM,1,0,Dépense,Soir
TX0500264,CUST0001_SEASONAL,2024-05-02,08:36:00,Courant,Virement,Debit,243.8,0.0,CARBURANT,Pharmacie,Fès,MA,2024-05-02 08:36:00,2024,5,2,8,Thursday,May,CARBURANT,PHARMACIE,1,0,Dépense,Matin
TX0500265,CUST0001_SEASONAL,2024-05-03,16:37:00,Courant,Wallet,Debit,43.35,0.0,RETRAIT ATM,Careem,Fès,MA,2024-05-03 16:37:00,2024,5,3,16,Friday,May,RETRAIT ATM,CAREEM,1,0,Dépense,Après-midi
TX0500266,CUST0001_SEASONAL,2024-05-04,14:18:00,Courant,Carte,Debit,94.41,0.0,RETRAIT ATM,Shell,Fès,MA,2024-05-04 14:18:00,2024,5,4,14,Saturday,May,RETRAIT ATM,SHELL,1,0,Dépense,Après-midi
TX0500267,CUST0001_SEASONAL,2024-05-04,18:49:00,Courant,Virement instantané,Debit,51.66,0.0,ACHAT SUPERMARCHE,BIM,Agadir,MA,2024-05-04 18:49:00,2024,5,4,18,Saturday,May,ACHAT SUPERMARCHE,BIM,1,0,Dépense,Soir
TX0500268,CUST0001_SEASONAL,2024-05-04,14:51:00,Courant,Virement,Debit,33.97,0.0,RETRAIT ATM,Careem,Meknès,MA,2024-05-04 14:51:00,2024,5,4,14,Saturday,May,RETRAIT ATM,CAREEM,1,0,Dépense,Après-midi
TX0500269,CUST0001_SEASONAL,2024-05-05,08:24:00,Courant,Wallet,Debit,45.23,0.0,ACHAT SUPERMARCHE,BIM,Meknès,MA,2024-05-05 08:24:00,2024,5,5,8,Sunday,May,ACHAT SUPERMARCHE,BIM,1,0,Dépense,Matin
TX0500270,CUST0001_SEASONAL,2024-05-05,14:10:00,Courant,Virement instantané,Debit,246.76,0.0,RETRAIT ATM,Pharmacie,Agadir,MA,2024-05-05 14:10:00,2024,5,5,14,Sunday,May,RETRAIT ATM,PHARMACIE,1,0,Dépense,Après-midi
TX0500271,CUST0001_SEASONAL,2024-05-06,18:02:00,Courant,ATM,Debit,177.57,0.0,ACHAT EPICERIE,Shell,Agadir,MA,2024-05-06 18:02:00,2024,5,6,18,Monday,May,ACHAT EPICERIE,SHELL,1,0,Dépense,Soir
TX0500272,CUST0001_SEASONAL,2024-05-06,18:02:00,Courant,Virement instantané,Debit,213.9,0.0,ACHAT SUPERMARCHE,ATM,Agadir,MA,2024-05-06 18:02:00,2024,5,6,18,Monday,May,ACHAT SUPERMARCHE,ATM,1,0,Dépense,Soir
TX0500273,CUST0001_SEASONAL,2024-05-07,14:24:00,Courant,Espèces,Debit,96.17,0.0,CARBURANT,ATM,Marrakech,MA,2024-05-07 14:24:00,2024,5,7,14,Tuesday,May,CARBURANT,ATM,1,0,Dépense,Après-midi
TX0500274,CUST0001_SEASONAL,2024-05-07,09:29:00,Courant,Espèces,Debit,33.01,0.0,CARBURANT,BIM,Fès,MA,2024-05-07 09:29:00,2024,5,7,9,Tuesday,May,CARBURANT,BIM,1,0,Dépense,Matin
TX0500275,CUST0001_SEASONAL,2024-05-07,11:22:00,Courant,ATM,Debit,132.03,0.0,RETRAIT ATM,Pharmacie,Tanger,MA,2024-05-07 11:22:00,2024,5,7,11,Tuesday,May,RETRAIT ATM,PHARMACIE,1,0,Dépense,Matin
TX0500276,CUST0001_SEASONAL,2024-05-08,09:00:00,Courant,Espèces,Debit,154.4,0.0,ACHAT SUPERMARCHE,Carrefour,Fès,MA,2024-05-08 09:00:00,2024,5,8,9,Wednesday,May,ACHAT SUPERMARCHE,CARREFOUR,1,0,Dépense,Matin
TX0500277,CUST0001_SEASONAL,2024-05-08,10:04:00,Courant,Carte,Debit,82.61,0.0,RETRAIT ATM,Pharmacie,Marrakech,MA,2024-05-08 10:04:00,2024,5,8,10,Wednesday,May,RETRAIT ATM,PHARMACIE,1,0,Dépense,Matin
TX0500278,CUST0001_SEASONAL,2024-05-09,09:23:00,Courant,ATM,Debit,167.2,0.0,ACHAT EPICERIE,Careem,Casablanca,MA,2024-05-09 09:23:00,2024,5,9,9,Thursday,May,ACHAT EPICERIE,CAREEM,1,0,Dépense,Matin
TX0500279,CUST0001_SEASONAL,2024-05-09,16:20:00,Courant,Carte,Debit,147.72,0.0,ACHAT EPICERIE,Pharmacie,Marrakech,MA,2024-05-09 16:20:00,2024,5,9,16,Thursday,May,ACHAT EPICERIE,PHARMACIE,1,0,Dépense,Après-midi
TX0500280,CUST0001_SEASONAL,2024-05-09,11:48:00,Courant,Virement,Debit,75.41,0.0,TRANSPORT,Careem,Casablanca,MA,2024-05-09 11:48:00,2024,5,9,11,Thursday,May,TRANSPORT,CAREEM,1,0,Dépense,Matin
TX0500281,CUST0001_SEASONAL,2024-05-10,14:15:00,Courant,ATM,Debit,216.99,0.0,RETRAIT ATM,Shell,Meknès,MA,2024-05-10 14:15:00,2024,5,10,14,Friday,May,RETRAIT ATM,SHELL,1,0,Dépense,Après-midi
TX0500282,CUST0001_SEASONAL,2024-05-10,11:25:00,Courant,ATM,Debit,237.64,0.0,ACHAT EPICERIE,Carrefour,Casablanca,MA,2024-05-10 11:25:00,2024,5,10,11,Friday,May,ACHAT EPICERIE,CARREFOUR,1,0,Dépense,Matin
TX0500283,CUST0001_SEASONAL,2024-05-11,16:20:00,Courant,Virement,Debit,94.22,0.0,RETRAIT ATM,Pharmacie,Fès,MA,2024-05-11 16:20:00,2024,5,11,16,Saturday,May,RETRAIT ATM,PHARMACIE,1,0,Dépense,Après-midi
TX0500284,CUST0001_SEASONAL,2024-05-11,13:35:00,Courant,Espèces,Debit,58.87,0.0,CARBURANT,Pharmacie,Rabat,MA,2024-05-11 13:35:00,2024,5,11,13,Saturday,May,CARBURANT,PHARMACIE,1,0,Dépense,Après-midi
TX0500285,CUST0001_SEASONAL,2024-05-11,13:12:00,Courant,Espèces,Debit,177.46,0.0,RETRAIT ATM,BIM,Agadir,MA,2024-05-11 13:12:00,2024,5,11,13,Saturday,May,RETRAIT ATM,BIM,1,0,Dépense,Après-midi
TX0500286,CUST0001_SEASONAL,2024-05-12,20:45:00,Courant,Virement instantané,Debit,234.3,0.0,TRANSPORT,Carrefour,Fès,MA,2024-05-12 20:45:00,2024,5,12,20,Sunday,May,TRANSPORT,CARREFOUR,1,0,Dépense,Soir
TX0500287,CUST0001_SEASONAL,2024-05-12,10:10:00,Courant,Wallet,Debit,216.11,0.0,CARBURANT,Carrefour,Rabat,MA,2024-05-12 10:10:00,2024,5,12,10,Sunday,May,CARBURANT,CARREFOUR,1,0,Dépense,Matin
TX0500288,CUST0001_SEASONAL,2024-05-13,13:50:00,Courant,Wallet,Debit,192.9,0.0,RETRAIT ATM,BIM,Fès,MA,2024-05-13 13:50:00,2024,5,13,13,Monday,May,RETRAIT ATM,BIM,1,0,Dépense,Après-midi
TX0500289,CUST0001_SEASONAL,2024-05-14,11:44:00,Courant,Virement instantané,Debit,161.9,0.0,RETRAIT ATM,Carrefour,Oujda,MA,2024-05-14 11:44:00,2024,5,14,11,Tuesday,May,RETRAIT ATM,CARREFOUR,1,0,Dépense,Matin
TX0500290,CUST0001_SEASONAL,2024-05-14,08:43:00,Courant,Wallet,Debit,75.16,0.0,ACHAT EPICERIE,Pharmacie,Oujda,MA,2024-05-14 08:43:00,2024,5,14,8,Tuesday,May,ACHAT EPICERIE,PHARMACIE,1,0,Dépense,Matin
TX0500291,CUST0001_SEASONAL,2024-05-15,10:28:00,Courant,Espèces,Debit,142.5,0.0,TRANSPORT,Pharmacie,Rabat,MA,2024-05-15 10:28:00,2024,5,15,10,Wednesday,May,TRANSPORT,PHARMACIE,1,0,Dépense,Matin
TX0500292,CUST0001_SEASONAL,2024-05-15,14:24:00,Courant,Carte,Debit,225.27,0.0,TRANSPORT,Shell,Tanger,MA,2024-05-15 14:24:00,2024,5,15,14,Wednesday,May,TRANSPORT,SHELL,1,0,Dépense,Après-midi
TX0500293,CUST0001_SEASONAL,2024-05-15,08:47:00,Courant,Espèces,Debit,101.59,0.0,RETRAIT ATM,BIM,Rabat,MA,2024-05-15 08:47:00,2024,5,15,8,Wednesday,May,RETRAIT ATM,BIM,1,0,Dépense,Matin
TX0500294,CUST0001_SEASONAL,2024-05-15,18:09:00,Courant,Virement,Debit,119.49,0.0,ACHAT EPICERIE,Shell,Casablanca,MA,2024-05-15 18:09:00,2024,5,15,18,Wednesday,May,ACHAT EPICERIE,SHELL,1,0,Dépense,Soir
TX0500295,CUST0001_SEASONAL,2024-05-16,17:38:00,Courant,Carte,Debit,74.46,0.0,TRANSPORT,Careem,Rabat,MA,2024-05-16 17:38:00,2024,5,16,17,Thursday,May,TRANSPORT,CAREEM,1,0,Dépense,Après-midi
TX0500296,CUST0001_SEASONAL,2024-05-17,09:15:00,Courant,ATM,Debit,199.12,0.0,RETRAIT ATM,Careem,Agadir,MA,2024-05-17 09:15:00,2024,5,17,9,Friday,May,RETRAIT ATM,CAREEM,1,0,Dépense,Matin
TX0500297,CUST0001_SEASONAL,2024-05-17,11:27:00,Courant,Carte,Debit,158.37,0.0,ACHAT SUPERMARCHE,ATM,Casablanca,MA,2024-05-17 11:27:00,2024,5,17,11,Friday,May,ACHAT SUPERMARCHE,ATM,1,0,Dépense,Matin
TX0500298,CUST0001_SEASONAL,2024-05-18,08:50:00,Courant,Carte,Debit,37.33,0.0,ACHAT SUPERMARCHE,BIM,Rabat,MA,2024-05-18 08:50:00,2024,5,18,8,Saturday,May,ACHAT SUPERMARCHE,BIM,1,0,Dépense,Matin
TX0500299,CUST0001_SEASONAL,2024-05-18,20:56:00,Courant,Espèces,Debit,34.93,0.0,CARBURANT,BIM,Marrakech,MA,2024-05-18 20:56:00,2024,5,18,20,Saturday,May,CARBURANT,BIM,1,0,Dépense,Soir
TX0500300,CUST0001_SEASONAL,2024-05-19,09:29:00,Courant,Wallet,Debit,118.31,0.0,CARBURANT,BIM,Casablanca,MA,2024-05-19 09:29:00,2024,5,19,9,Sunday,May,CARBURANT,BIM,1,0,Dépense,Matin
TX0500301,CUST0001_SEASONAL,2024-05-19,11:35:00,Courant,Virement instantané,Debit,68.41,0.0,ACHAT EPICERIE,BIM,Fès,MA,2024-05-19 11:35:00,2024,5,19,11,Sunday,May,ACHAT EPICERIE,BIM,1,0,Dépense,Matin
TX0500302,CUST0001_SEASONAL,2024-05-20,09:15:00,Courant,Carte,Debit,31.81,0.0,ACHAT SUPERMARCHE,Pharmacie,Marrakech,MA,2024-05-20 09:15:00,2024,5,20,9,Monday,May,ACHAT SUPERMARCHE,PHARMACIE,1,0,Dépense,Matin
TX0500303,CUST0001_SEASONAL,2024-05-21,15:38:00,Courant,Virement,Debit,166.82,0.0,CARBURANT,Carrefour,Casablanca,MA,2024-05-21 15:38:00,2024,5,21,15,Tuesday,May,CARBURANT,CARREFOUR,1,0,Dépense,Après-midi
TX0500304,CUST0001_SEASONAL,2024-05-21,14:38:00,Courant,Virement,Debit,44.59,0.0,ACHAT SUPERMARCHE,Pharmacie,Casablanca,MA,2024-05-21 14:38:00,2024,5,21,14,Tuesday,May,ACHAT SUPERMARCHE,PHARMACIE,1,0,Dépense,Après-midi
TX0500305,CUST0001_SEASONAL,2024-05-21,17:37:00,Courant,Espèces,Debit,134.22,0.0,TRANSPORT,BIM,Agadir,MA,2024-05-21 17:37:00,2024,5,21,17,Tuesday,May,TRANSPORT,BIM,1,0,Dépense,Après-midi
TX0500306,CUST0001_SEASONAL,2024-05-22,11:34:00,Courant,ATM,Debit,244.58,0.0,ACHAT EPICERIE,ATM,Marrakech,MA,2024-05-22 11:34:00,2024,5,22,11,Wednesday,May,ACHAT EPICERIE,ATM,1,0,Dépense,Matin
TX0500307,CUST0001_SEASONAL,2024-05-22,17:40:00,Courant,Virement instantané,Debit,125.02,0.0,ACHAT EPICERIE,Pharmacie,Oujda,MA,2024-05-22 17:40:00,2024,5,22,17,Wednesday,May,ACHAT EPICERIE,PHARMACIE,1,0,Dépense,Après-midi
TX0500308,CUST0001_SEASONAL,2024-05-23,18:02:00,Courant,Carte,Debit,148.51,0.0,ACHAT SUPERMARCHE,Pharmacie,Tanger,MA,2024-05-23 18:02:00,2024,5,23,18,Thursday,May,ACHAT SUPERMARCHE,PHARMACIE,1,0,Dépense,Soir
TX0500309,CUST0001_SEASONAL,2024-05-23,16:00:00,Courant,Carte,Debit,163.73,0.0,ACHAT EPICERIE,Carrefour,Rabat,MA,2024-05-23 16:00:00,2024,5,23,16,Thursday,May,ACHAT EPICERIE,CARREFOUR,1,0,Dépense,Après-midi
TX0500310,CUST0001_SEASONAL,2024-05-24,15:17:00,Courant,Carte,Debit,78.63,0.0,CARBURANT,Careem,Casablanca,MA,2024-05-24 15:17:00,2024,5,24,15,Friday,May,CARBURANT,CAREEM,1,0,Dépense,Après-midi
TX0500311,CUST0001_SEASONAL,2024-05-24,09:08:00,Courant,Wallet,Debit,243.57,0.0,ACHAT EPICERIE,Careem,Meknès,MA,2024-05-24 09:08:00,2024,5,24,9,Friday,May,ACHAT EPICERIE,CAREEM,1,0,Dépense,Matin
TX0500312,CUST0001_SEASONAL,2024-05-25,08:30:00,Courant,Virement,Debit,178.1,0.0,ACHAT SUPERMARCHE,Carrefour,Rabat,MA,2024-05-25 08:30:00,2024,5,25,8,Saturday,May,ACHAT SUPERMARCHE,CARREFOUR,1,0,Dépense,Matin
TX0500313,CUST0001_SEASONAL,2024-05-25,17:41:00,Courant,ATM,Debit,72.2,0.0,ACHAT EPICERIE,Carrefour,Oujda,MA,2024-05-25 17:41:00,2024,5,25,17,Saturday,May,ACHAT EPICERIE,CARREFOUR,1,0,Dépense,Après-midi
TX0500314,CUST0001_SEASONAL,2024-05-26,10:12:00,Courant,Virement instantané,Debit,235.23,0.0,ACHAT SUPERMARCHE,Shell,Fès,MA,2024-05-26 10:12:00,2024,5,26,10,Sunday,May,ACHAT SUPERMARCHE,SHELL,1,0,Dépense,Matin
TX0500315,CUST0001_SEASONAL,2024-05-26,08:40:00,Courant,ATM,Debit,112.98,0.0,RETRAIT ATM,Shell,Tanger,MA,2024-05-26 08:40:00,2024,5,26,8,Sunday,May,RETRAIT ATM,SHELL,1,0,Dépense,Matin
TX0500316,CUST0001_SEASONAL,2024-05-27,13:38:00,Courant,ATM,Debit,78.51,0.0,CARBURANT,Shell,Tanger,MA,2024-05-27 13:38:00,2024,5,27,13,Monday,May,CARBURANT,SHELL,1,0,Dépense,Après-midi
TX0500317,CUST0001_SEASONAL,2024-05-27,20:03:00,Courant,Virement,Debit,233.7,0.0,TRANSPORT,Pharmacie,Marrakech,MA,2024-05-27 20:03:00,2024,5,27,20,Monday,May,TRANSPORT,PHARMACIE,1,0,Dépense,Soir
TX0500318,CUST0001_SEASONAL,2024-05-27,20:34:00,Courant,Virement,Debit,121.18,0.0,CARBURANT,BIM,Fès,MA,2024-05-27 20:34:00,2024,5,27,20,Monday,May,CARBURANT,BIM,1,0,Dépense,Soir
TX0500319,CUST0001_SEASONAL,2024-05-28,17:32:00,Courant,Carte,Debit,60.49,0.0,ACHAT SUPERMARCHE,ATM,Meknès,MA,2024-05-28 17:32:00,2024,5,28,17,Tuesday,May,ACHAT SUPERMARCHE,ATM,1,0,Dépense,Après-midi
TX0500320,CUST0001_SEASONAL,2024-05-28,20:41:00,Courant,Carte,Debit,157.49,0.0,RETRAIT ATM,Carrefour,Fès,MA,2024-05-28 20:41:00,2024,5,28,20,Tuesday,May,RETRAIT ATM,CARREFOUR,1,0,Dépense,Soir
TX0500321,CUST0001_SEASONAL,2024-05-29,15:20:00,Courant,Virement,Debit,173.77,0.0,ACHAT EPICERIE,Careem,Meknès,MA,2024-05-29 15:20:00,2024,5,29,15,Wednesday,May,ACHAT EPICERIE,CAREEM,1,0,Dépense,Après-midi
TX0500322,CUST0001_SEASONAL,2024-05-30,14:21:00,Courant,Carte,Debit,100.07,0.0,ACHAT SUPERMARCHE,Pharmacie,Oujda,MA,2024-05-30 14:21:00,2024,5,30,14,Thursday,May,ACHAT SUPERMARCHE,PHARMACIE,1,0,Dépense,Après-midi
TX0500323,CUST0001_SEASONAL,2024-05-30,11:11:00,Courant,ATM,Debit,95.98,0.0,RETRAIT ATM,Shell,Meknès,MA,2024-05-30 11:11:00,2024,5,30,11,Thursday,May,RETRAIT ATM,SHELL,1,0,Dépense,Matin
TX0500324,CUST0001_SEASONAL,2024-05-31,09:07:00,Courant,Virement instantané,Debit,202.19,0.0,RETRAIT ATM,Pharmacie,Tanger,MA,2024-05-31 09:07:00,2024,5,31,9,Friday,May,RETRAIT ATM,PHARMACIE,1,0,Dépense,Matin
TX0500325,CUST0001_SEASONAL,2024-05-31,10:49:00,Courant,Virement,Debit,216.78,0.0,CARBURANT,Shell,Agadir,MA,2024-05-31 10:49:00,2024,5,31,10,Friday,May,CARBURANT,SHELL,1,0,Dépense,Matin
TX0500326,CUST0001_SEASONAL,2024-05-31,18:41:00,Courant,Carte,Debit,198.55,0.0,ACHAT EPICERIE,Careem,Meknès,MA,2024-05-31 18:41:00,2024,5,31,18,Friday,May,ACHAT EPICERIE,CAREEM,1,0,Dépense,Soir
TX0500327,CUST0001_SEASONAL,2024-06-01,12:31:00,Salaire,Virement instantané,Credit,14939.0,-3079.62,virement employeur,Salaire,Tanger,MA,2024-06-01 12:31:00,2024,6,1,12,Saturday,June,VIREMENT EMPLOYEUR,SALAIRE,0,1,Revenu,Après-midi
TX0500329,CUST0001_SEASONAL,2024-06-01,12:31:00,Courant,Virement instantané,Debit,235.08,0.0,CARBURANT,BIM,Rabat,MA,2024-06-01 12:31:00,2024,6,1,12,Saturday,June,CARBURANT,BIM,1,0,Dépense,Après-midi
TX0500329,CUST0001_SEASONAL,2024-06-02,11:14:00,Courant,Wallet,Debit,67.59,0.0,ACHAT EPICERIE,Shell,Tanger,MA,2024-06-02 11:14:00,2024,6,2,11,Sunday,June,ACHAT EPICERIE,SHELL,1,0,Dépense,Matin
TX0500330,CUST0001_SEASONAL,2024-06-02,20:52:00,Courant,ATM,Debit,91.94,0.0,CARBURANT,Carrefour,Oujda,MA,2024-06-02 20:52:00,2024,6,2,20,Sunday,June,CARBURANT,CARREFOUR,1,0,Dépense,Soir
TX0500331,CUST0001_SEASONAL,2024-06-02,14:16:00,Courant,Wallet,Debit,241.2,0.0,ACHAT EPICERIE,BIM,Meknès,MA,2024-06-02 14:16:00,2024,6,2,14,Sunday,June,ACHAT EPICERIE,BIM,1,0,Dépense,Après-midi
TX0500332,CUST0001_SEASONAL,2024-06-03,10:17:00,Courant,ATM,Debit,144.71,0.0,CARBURANT,Shell,Fès,MA,2024-06-03 10:17:00,2024,6,3,10,Monday,June,CARBURANT,SHELL,1,0,Dépense,Matin
TX0500333,CUST0001_SEASONAL,2024-06-03,20:22:00,Courant,Virement instantané,Debit,161.53,0.0,TRANSPORT,ATM,Fès,MA,2024-06-03 20:22:00,2024,6,3,20,Monday,June,TRANSPORT,ATM,1,0,Dépense,Soir
TX0500334,CUST0002_SEASONAL,2024-01-01,20:15:00,Salaire,Virement instantané,Credit,17267.0,29280.0,virement employeur,Salaire,Marrakech,MA,2024-01-01 20:15:00,2024,1,1,20,Monday,January,VIREMENT EMPLOYEUR,SALAIRE,0,1,Revenu,Soir
TX0500336,CUST0002_SEASONAL,2024-01-01,20:15:00,Courant,ATM,Debit,102.63,29177.37,RETRAIT ATM,Carrefour,Oujda,MA,2024-01-01 20:15:00,2024,1,1,20,Monday,January,RETRAIT ATM,CARREFOUR,1,0,Dépense,Soir
TX0500336,CUST0002_SEASONAL,2024-01-01,11:12:00,Courant,Carte,Debit,205.65,28971.71,CARBURANT,ATM,Meknès,MA,2024-01-01 11:12:00,2024,1,1,11,Monday,January,CARBURANT,ATM,1,0,Dépense,Matin
TX0500337,CUST0002_SEASONAL,2024-01-01,14:55:00,Courant,ATM,Debit,182.31,28789.4,CARBURANT,Careem,Agadir,MA,2024-01-01 14:55:00,2024,1,1,14,Monday,January,CARBURANT,CAREEM,1,0,Dépense,Après-midi
TX0500338,CUST0002_SEASONAL,2024-01-01,18:55:00,Courant,Virement,Debit,96.34,28693.06,RETRAIT ATM,Carrefour,Agadir,MA,2024-01-01 18:55:00,2024,1,1,18,Monday,January,RETRAIT ATM,CARREFOUR,1,0,Dépense,Soir
TX0500339,CUST0002_SEASONAL,2024-01-02,08:06:00,Courant,Virement,Debit,218.59,28474.48,RETRAIT ATM,BIM,Meknès,MA,2024-01-02 08:06:00,2024,1,2,8,Tuesday,January,RETRAIT ATM,BIM,1,0,Dépense,Matin
TX0500340,CUST0002_SEASONAL,2024-01-02,15:49:00,Courant,Espèces,Debit,134.58,28339.9,CARBURANT,Carrefour,Casablanca,MA,2024-01-02 15:49:00,2024,1,2,15,Tuesday,January,CARBURANT,CARREFOUR,1,0,Dépense,Après-midi
TX0500341,CUST0002_SEASONAL,2024-01-03,09:08:00,Courant,Virement instantané,Debit,177.05,28162.84,ACHAT EPICERIE,Pharmacie,Marrakech,MA,2024-01-03 09:08:00,2024,1,3,9,Wednesday,January,ACHAT EPICERIE,PHARMACIE,1,0,Dépense,Matin
TX0500342,CUST0002_SEASONAL,2024-01-03,16:19:00,Courant,Carte,Debit,48.15,28114.69,TRANSPORT,BIM,Fès,MA,2024-01-03 16:19:00,2024,1,3,16,Wednesday,January,TRANSPORT,BIM,1,0,Dépense,Après-midi
TX0500343,CUST0002_SEASONAL,2024-01-04,12:02:00,Courant,Virement,Debit,245.24,27869.45,ACHAT SUPERMARCHE,BIM,Rabat,MA,2024-01-04 12:02:00,2024,1,4,12,Thursday,January,ACHAT SUPERMARCHE,BIM,1,0,Dépense,Après-midi
TX0500344,CUST0002_SEASONAL,2024-01-04,09:11:00,Courant,Carte,Debit,231.2,27638.25,ACHAT EPICERIE,BIM,Fès,MA,2024-01-04 09:11:00,2024,1,4,9,Thursday,January,ACHAT EPICERIE,BIM,1,0,Dépense,Matin
TX0500345,CUST0002_SEASONAL,2024-01-05,13:54:00,Courant,Virement instantané,Debit,220.01,27418.23,CARBURANT,Careem,Marrakech,MA,2024-01-05 13:54:00,2024,1,5,13,Friday,January,CARBURANT,CAREEM,1,0,Dépense,Après-midi
TX0500346,CUST0002_SEASONAL,2024-01-05,20:32:00,Courant,ATM,Debit,43.52,27374.71,TRANSPORT,BIM,Marrakech,MA,2024-01-05 20:32:00,2024,1,5,20,Friday,January,TRANSPORT,BIM,1,0,Dépense,Soir
TX0500347,CUST0002_SEASONAL,2024-01-06,11:00:00,Courant,Virement instantané,Debit,151.64,27223.08,ACHAT SUPERMARCHE,Carrefour,Marrakech,MA,2024-01-06 11:00:00,2024,1,6,11,Saturday,January,ACHAT SUPERMARCHE,CARREFOUR,1,0,Dépense,Matin
TX0500348,CUST0002_SEASONAL,2024-01-06,18:19:00,Courant,Espèces,Debit,158.33,27064.75,ACHAT SUPERMARCHE,Carrefour,Agadir,MA,2024-01-06 18:19:00,2024,1,6,18,Saturday,January,ACHAT SUPERMARCHE,CARREFOUR,1,0,Dépense,Soir
TX0500349,CUST0002_SEASONAL,2024-01-07,11:46:00,Courant,Wallet,Debit,212.25,26852.5,ACHAT SUPERMARCHE,Pharmacie,Oujda,MA,2024-01-07 11:46:00,2024,1,7,11,Sunday,January,ACHAT SUPERMARCHE,PHARMACIE,1,0,Dépense,Matin
TX0500350,CUST0002_SEASONAL,2024-01-07,09:23:00,Courant,Wallet,Debit,90.28,26762.22,TRANSPORT,BIM,Casablanca,MA,2024-01-07 09:23:00,2024,1,7,9,Sunday,January,TRANSPORT,BIM,1,0,Dépense,Matin
TX0500351,CUST0002_SEASONAL,2024-01-07,13:29:00,Courant,Virement,Debit,69.77,26692.45,RETRAIT ATM,Shell,Oujda,MA,2024-01-07 13:29:00,2024,1,7,13,Sunday,January,RETRAIT ATM,SHELL,1,0,Dépense,Après-midi
TX0500352,CUST0002_SEASONAL,2024-01-08,11:10:00,Courant,Wallet,Debit,107.83,26584.62,RETRAIT ATM,Shell,Agadir,MA,2024-01-08 11:10:00,2024,1,8,11,Monday,January,RETRAIT ATM,SHELL,1,0,Dépense,Matin
TX0500353,CUST0002_SEASONAL,2024-01-09,08:32:00,Courant,Wallet,Debit,32.42,26552.21,TRANSPORT,BIM,Fès,MA,2024-01-09 08:32:00,2024,1,9,8,Tuesday,January,TRANSPORT,BIM,1,0,Dépense,Matin
TX0500354,CUST0002_SEASONAL,2024-01-09,10:08:00,Courant,Wallet,Debit,170.89,26381.32,ACHAT SUPERMARCHE,Carrefour,Oujda,MA,2024-01-09 10:08:00,2024,1,9,10,Tuesday,January,ACHAT SUPERMARCHE,CARREFOUR,1,0,Dépense,Matin
TX0500355,CUST0002_SEASONAL,2024-01-10,10:15:00,Courant,ATM,Debit,185.23,26196.09,ACHAT EPICERIE,Careem,Meknès,MA,2024-01-10 10:15:00,2024,1,10,10,Wednesday,January,ACHAT EPICERIE,CAREEM,1,0,Dépense,Matin
TX0500356,CUST0002_SEASONAL,2024-01-10,08:01:00,Courant,Espèces,Debit,75.99,26120.1,RETRAIT ATM,Shell,Casablanca,MA,2024-01-10 08:01:00,2024,1,10,8,Wednesday,January,RETRAIT ATM,SHELL,1,0,Dépense,Matin
TX0500357,CUST0002_SEASONAL,2024-01-10,20:11:00,Courant,Carte,Debit,175.2,25944.91,CARBURANT,Pharmacie,Oujda,MA,2024-01-10 20:11:00,2024,1,10,20,Wednesday,January,CARBURANT,PHARMACIE,1,0,Dépense,Soir
TX0500358,CUST0002_SEASONAL,2024-01-11,15:30:00,Courant,Virement instantané,Debit,242.5,25702.41,TRANSPORT,Shell,Agadir,MA,2024-01-11 15:30:00,2024,1,11,15,Thursday,January,TRANSPORT,SHELL,1,0,Dépense,Après-midi
TX0500359,CUST0002_SEASONAL,2024-01-11,09:05:00,Courant,Virement,Debit,209.56,25492.85,RETRAIT ATM,BIM,Tanger,MA,2024-01-11 09:05:00,2024,1,11,9,Thursday,January,RETRAIT ATM,BIM,1,0,Dépense,Matin
TX0500360,CUST0002_SEASONAL,2024-01-11,10:00:00,Courant,ATM,Debit,153.54,25339.31,ACHAT EPICERIE,BIM,Casablanca,MA,2024-01-11 10:00:00,2024,1,11,10,Thursday,January,ACHAT EPICERIE,BIM,1,0,Dépense,Matin
TX0500361,CUST0002_SEASONAL,2024-01-12,08:11:00,Courant,Virement instantané,Debit,173.2,25166.11,RETRAIT ATM,ATM,Oujda,MA,2024-01-12 08:11:00,2024,1,12,8,Friday,January,RETRAIT ATM,ATM,1,0,Dépense,Matin
TX0500362,CUST0002_SEASONAL,2024-01-12,18:32:00,Courant,Wallet,Debit,153.17,25012.94,TRANSPORT,Careem,Tanger,MA,2024-01-12 18:32:00,2024,1,12,18,Friday,January,TRANSPORT,CAREEM,1,0,Dépense,Soir
TX0500363,CUST0002_SEASONAL,2024-01-13,10:33:00,Courant,Carte,Debit,186.21,24826.74,TRANSPORT,Shell,Tanger,MA,2024-01-13 10:33:00,2024,1,13,10,Saturday,January,TRANSPORT,SHELL,1,0,Dépense,Matin
TX0500364,CUST0002_SEASONAL,2024-01-13,08:01:00,Courant,Virement instantané,Debit,160.96,24665.78,ACHAT EPICERIE,Shell,Fès,MA,2024-01-13 08:01:00,2024,1,13,8,Saturday,January,ACHAT EPICERIE,SHELL,1,0,Dépense,Matin
TX0500365,CUST0002_SEASONAL,2024-01-14,14:15:00,Courant,Espèces,Debit,103.65,24562.12,RETRAIT ATM,Careem,Meknès,MA,2024-01-14 14:15:00,2024,1,14,14,Sunday,January,RETRAIT ATM,CAREEM,1,0,Dépense,Après-midi
TX0500366,CUST0002_SEASONAL,2024-01-14,16:47:00,Courant,Wallet,Debit,114.04,24448.09,ACHAT EPICERIE,Pharmacie,Agadir,MA,2024-01-14 16:47:00,2024,1,14,16,Sunday,January,ACHAT EPICERIE,PHARMACIE,1,0,Dépense,Après-midi
TX0500367,CUST0002_SEASONAL,2024-01-14,09:47:00,Courant,Espèces,Debit,58.68,24389.4,RETRAIT ATM,Careem,Oujda,MA,2024-01-14 09:47:00,2024,1,14,9,Sunday,January,RETRAIT ATM,CAREEM,1,0,Dépense,Matin
TX0500368,CUST0002_SEASONAL,2024-01-15,10:47:00,Courant,Virement instantané,Debit,33.07,24356.34,TRANSPORT,Carrefour,Agadir,MA,2024-01-15 10:47:00,2024,1,15,10,Monday,January,TRANSPORT,CARREFOUR,1,0,Dépense,Matin
TX0500369,CUST0002_SEASONAL,2024-01-15,12:23:00,Courant,Virement instantané,Debit,36.55,24319.78,ACHAT SUPERMARCHE,ATM,Meknès,MA,2024-01-15 12:23:00,2024,1,15,12,Monday,January,ACHAT SUPERMARCHE,ATM,1,0,Dépense,Après-midi
TX0500370,CUST0002_SEASONAL,2024-01-16,09:43:00,Courant,ATM,Debit,87.33,24232.46,RETRAIT ATM,BIM,Tanger,MA,2024-01-16 09:43:00,2024,1,16,9,Tuesday,January,RETRAIT ATM,BIM,1,0,Dépense,Matin
TX0500371,CUST0002_SEASONAL,2024-01-17,15:47:00,Courant,Espèces,Debit,160.05,24072.41,ACHAT SUPERMARCHE,Pharmacie,Meknès,MA,2024-01-17 15:47:00,2024,1,17,15,Wednesday,January,ACHAT SUPERMARCHE,PHARMACIE,1,0,Dépense,Après-midi
TX0500372,CUST0002_SEASONAL,2024-01-17,15:26:00,Courant,Virement,Debit,103.94,23968.47,ACHAT EPICERIE,Careem,Casablanca,MA,2024-01-17 15:26:00,2024,1,17,15,Wednesday,January,ACHAT EPICERIE,CAREEM,1,0,Dépense,Après-midi
TX0500373,CUST0002_SEASONAL,2024-01-17,08:26:00,Courant,Virement instantané,Debit,160.22,23808.24,ACHAT SUPERMARCHE,Pharmacie,Marrakech,MA,2024-01-17 08:26:00,2024,1,17,8,Wednesday,January,ACHAT SUPERMARCHE,PHARMACIE,1,0,Dépense,Matin
TX0500374,CUST0002_SEASONAL,2024-01-18,10:37:00,Courant,Virement instantané,Debit,126.91,23681.33,RETRAIT ATM,ATM,Agadir,MA,2024-01-18 10:37:00,2024,1,18,10,Thursday,January,RETRAIT ATM,ATM,1,0,Dépense,Matin
TX0500375,CUST0002_SEASONAL,2024-01-19,12:55:00,Courant,Espèces,Debit,67.18,23614.15,ACHAT EPICERIE,ATM,Rabat,MA,2024-01-19 12:55:00,2024,1,19,12,Friday,January,ACHAT EPICERIE,ATM,1,0,Dépense,Après-midi
TX0500376,CUST0002_SEASONAL,2024-01-19,11:25:00,Courant,Virement instantané,Debit,83.18,23530.98,ACHAT SUPERMARCHE,ATM,Tanger,MA,2024-01-19 11:25:00,2024,1,19,11,Friday,January,ACHAT SUPERMARCHE,ATM,1,0,Dépense,Matin
TX0500377,CUST0002_SEASONAL,2024-01-19,08:42:00,Courant,Virement,Debit,132.11,23398.87,RETRAIT ATM,Careem,Marrakech,MA,2024-01-19 08:42:00,2024,1,19,8,Friday,January,RETRAIT ATM,CAREEM,1,0,Dépense,Matin
TX0500378,CUST0002_SEASONAL,2024-01-20,10:24:00,Courant,Virement,Debit,202.53,23196.34,CARBURANT,ATM,Tanger,MA,2024-01-20 10:24:00,2024,1,20,10,Saturday,January,CARBURANT,ATM,1,0,Dépense,Matin
TX0500379,CUST0002_SEASONAL,2024-01-20,15:46:00,Courant,Carte,Debit,197.62,22998.72,TRANSPORT,Carrefour,Rabat,MA,2024-01-20 15:46:00,2024,1,20,15,Saturday,January,TRANSPORT,CARREFOUR,1,0,Dépense,Après-midi
TX0500380,CUST0002_SEASONAL,2024-01-20,11:28:00,Courant,Virement,Debit,143.7,22855.02,RETRAIT ATM,Shell,Fès,MA,2024-01-20 11:28:00,2024,1,20,11,Saturday,January,RETRAIT ATM,SHELL,1,0,Dépense,Matin
TX0500381,CUST0002_SEASONAL,2024-01-21,19:21:00,Courant,Virement,Debit,161.87,22693.15,ACHAT EPICERIE,ATM,Meknès,MA,2024-01-21 19:21:00,2024,1,21,19,Sunday,January,ACHAT EPICERIE,ATM,1,0,Dépense,Soir
TX0500382,CUST0002_SEASONAL,2024-01-21,18:16:00,Courant,Virement instantané,Debit,38.08,22655.08,ACHAT SUPERMARCHE,BIM,Marrakech,MA,2024-01-21 18:16:00,2024,1,21,18,Sunday,January,ACHAT SUPERMARCHE,BIM,1,0,Dépense,Soir
TX0500383,CUST0002_SEASONAL,2024-01-21,13:40:00,Courant,Espèces,Debit,30.33,22624.75,CARBURANT,BIM,Fès,MA,2024-01-21 13:40:00,2024,1,21,13,Sunday,January,CARBURANT,BIM,1,0,Dépense,Après-midi
TX0500384,CUST0002_SEASONAL,2024-01-22,18:29:00,Courant,Virement,Debit,98.45,22526.3,ACHAT EPICERIE,BIM,Tanger,MA,2024-01-22 18:29:00,2024,1,22,18,Monday,January,ACHAT EPICERIE,BIM,1,0,Dépense,Soir
TX0500385,CUST0002_SEASONAL,2024-01-22,13:18:00,Courant,Virement instantané,Debit,118.39,22407.91,ACHAT EPICERIE,Shell,Oujda,MA,2024-01-22 13:18:00,2024,1,22,13,Monday,January,ACHAT EPICERIE,SHELL,1,0,Dépense,Après-midi
TX0500386,CUST0002_SEASONAL,2024-01-22,17:27:00,Courant,Carte,Debit,132.52,22275.38,ACHAT SUPERMARCHE,Carrefour,Oujda,MA,2024-01-22 17:27:00,2024,1,22,17,Monday,January,ACHAT SUPERMARCHE,CARREFOUR,1,0,Dépense,Après-midi
TX0500387,CUST0002_SEASONAL,2024-01-23,17:39:00,Courant,Espèces,Debit,36.13,22239.25,TRANSPORT,BIM,Agadir,MA,2024-01-23 17:39:00,2024,1,23,17,Tuesday,January,TRANSPORT,BIM,1,0,Dépense,Après-midi
TX0500388,CUST0002_SEASONAL,2024-01-23,15:23:00,Courant,Wallet,Debit,218.48,22020.78,RETRAIT ATM,BIM,Fès,MA,2024-01-23 15:23:00,2024,1,23,15,Tuesday,January,RETRAIT ATM,BIM,1,0,Dépense,Après-midi
TX0500389,CUST0002_SEASONAL,2024-01-24,16:37:00,Courant,ATM,Debit,186.95,21833.82,ACHAT SUPERMARCHE,Careem,Meknès,MA,2024-01-24 16:37:00,2024,1,24,16,Wednesday,January,ACHAT SUPERMARCHE,CAREEM,1,0,Dépense,Après-midi
TX0500390,CUST0002_SEASONAL,2024-01-25,17:42:00,Courant,Wallet,Debit,46.74,21787.09,ACHAT SUPERMARCHE,ATM,Tanger,MA,2024-01-25 17:42:00,2024,1,25,17,Thursday,January,ACHAT SUPERMARCHE,ATM,1,0,Dépense,Après-midi
TX0500391,CUST0002_SEASONAL,2024-01-25,11:52:00,Courant,Virement,Debit,144.93,21642.16,CARBURANT,Carrefour,Agadir,MA,2024-01-25 11:52:00,2024,1,25,11,Thursday,January,CARBURANT,CARREFOUR,1,0,Dépense,Matin
TX0500392,CUST0002_SEASONAL,2024-01-26,16:44:00,Courant,Virement instantané,Debit,248.6,21393.55,TRANSPORT,BIM,Meknès,MA,2024-01-26 16:44:00,2024,1,26,16,Friday,January,TRANSPORT,BIM,1,0,Dépense,Après-midi
TX0500393,CUST0002_SEASONAL,2024-01-26,10:35:00,Courant,Wallet,Debit,220.7,21172.85,ACHAT SUPERMARCHE,Pharmacie,Fès,MA,2024-01-26 10:35:00,2024,1,26,10,Friday,January,ACHAT SUPERMARCHE,PHARMACIE,1,0,Dépense,Matin
TX0500394,CUST0002_SEASONAL,2024-01-27,11:49:00,Courant,Carte,Debit,209.78,20963.07,CARBURANT,Careem,Fès,MA,2024-01-27 11:49:00,2024,1,27,11,Saturday,January,CARBURANT,CAREEM,1,0,Dépense,Matin
TX0500395,CUST0002_SEASONAL,2024-01-27,16:11:00,Courant,Wallet,Debit,108.74,20854.33,RETRAIT ATM,ATM,Meknès,MA,2024-01-27 16:11:00,2024,1,27,16,Saturday,January,RETRAIT ATM,ATM,1,0,Dépense,Après-midi
TX0500396,CUST0002_SEASONAL,2024-01-28,11:06:00,Courant,ATM,Debit,59.16,20795.17,CARBURANT,Pharmacie,Meknès,MA,2024-01-28 11:06:00,2024,1,28,11,Sunday,January,CARBURANT,PHARMACIE,1,0,Dépense,Matin
TX0500397,CUST0002_SEASONAL,2024-01-29,13:36:00,Courant,Virement instantané,Debit,129.63,20665.54,ACHAT SUPERMARCHE,Carrefour,Casablanca,MA,2024-01-29 13:36:00,2024,1,29,13,Monday,January,ACHAT SUPERMARCHE,CARREFOUR,1,0,Dépense,Après-midi
TX0500398,CUST0002_SEASONAL,2024-01-29,08:36:00,Courant,Virement,Debit,108.76,20556.77,RETRAIT ATM,Shell,Oujda,MA,2024-01-29 08:36:00,2024,1,29,8,Monday,January,RETRAIT ATM,SHELL,1,0,Dépense,Matin
TX0500399,CUST0002_SEASONAL,2024-01-30,17:36:00,Courant,Wallet,Debit,144.43,20412.35,CARBURANT,Carrefour,Tanger,MA,2024-01-30 17:36:00,2024,1,30,17,Tuesday,January,CARBURANT,CARREFOUR,1,0,Dépense,Après-midi
TX0500400,CUST0002_SEASONAL,2024-01-30,09:10:00,Courant,Wallet,Debit,133.09,20279.26,ACHAT EPICERIE,Shell,Meknès,MA,2024-01-30 09:10:00,2024,1,30,9,Tuesday,January,ACHAT EPICERIE,SHELL,1,0,Dépense,Matin
TX0500401,CUST0002_SEASONAL,2024-01-30,13:49:00,Courant,ATM,Debit,142.1,20137.16,ACHAT SUPERMARCHE,Shell,Casablanca,MA,2024-01-30 13:49:00,2024,1,30,13,Tuesday,January,ACHAT SUPERMARCHE,SHELL,1,0,Dépense,Après-midi
TX0500402,CUST0002_SEASONAL,2024-01-31,09:57:00,Courant,Virement instantané,Debit,228.07,19909.09,ACHAT EPICERIE,Carrefour,Casablanca,MA,2024-01-31 09:57:00,2024,1,31,9,Wednesday,January,ACHAT EPICERIE,CARREFOUR,1,0,Dépense,Matin
TX0500403,CUST0002_SEASONAL,2024-02-01,11:28:00,Salaire,Virement instantané,Credit,10969.0,30878.09,virement employeur,Salaire,Marrakech,MA,2024-02-01 11:28:00,2024,2,1,11,Thursday,February,VIREMENT EMPLOYEUR,SALAIRE,0,1,Revenu,Matin
TX0500405,CUST0002_SEASONAL,2024-02-01,11:28:00,Courant,ATM,Debit,44.25,30833.85,TRANSPORT,BIM,Marrakech,MA,2024-02-01 11:28:00,2024,2,1,11,Thursday,February,TRANSPORT,BIM,1,0,Dépense,Matin
TX0500405,CUST0002_SEASONAL,2024-02-01,10:07:00,Courant,Espèces,Debit,225.51,30608.34,RETRAIT ATM,BIM,Rabat,MA,2024-02-01 10:07:00,2024,2,1,10,Thursday,February,RETRAIT ATM,BIM,1,0,Dépense,Matin
TX0500406,CUST0002_SEASONAL,2024-02-01,20:54:00,Courant,Espèces,Debit,80.7,30527.63,TRANSPORT,Shell,Tanger,MA,2024-02-01 20:54:00,2024,2,1,20,Thursday,February,TRANSPORT,SHELL,1,0,Dépense,Soir
TX0500407,CUST0002_SEASONAL,2024-02-02,17:13:00,Courant,Wallet,Debit,113.05,30414.58,TRANSPORT,Pharmacie,Rabat,MA,2024-02-02 17:13:00,2024,2,2,17,Friday,February,TRANSPORT,PHARMACIE,1,0,Dépense,Après-midi
TX0500408,CUST0002_SEASONAL,2024-02-03,15:51:00,Courant,Wallet,Debit,247.5,30167.08,ACHAT SUPERMARCHE,Careem,Oujda,MA,2024-02-03 15:51:00,2024,2,3,15,Saturday,February,ACHAT SUPERMARCHE,CAREEM,1,0,Dépense,Après-midi
TX0500409,CUST0002_SEASONAL,2024-02-03,20:13:00,Courant,Wallet,Debit,111.77,30055.31,CARBURANT,Careem,Marrakech,MA,2024-02-03 20:13:00,2024,2,3,20,Saturday,February,CARBURANT,CAREEM,1,0,Dépense,Soir
TX0500410,CUST0002_SEASONAL,2024-02-04,13:13:00,Courant,ATM,Debit,248.43,29806.88,ACHAT SUPERMARCHE,ATM,Casablanca,MA,2024-02-04 13:13:00,2024,2,4,13,Sunday,February,ACHAT SUPERMARCHE,ATM,1,0,Dépense,Après-midi
TX0500411,CUST0002_SEASONAL,2024-02-04,11:39:00,Courant,Espèces,Debit,88.11,29718.77,ACHAT EPICERIE,BIM,Casablanca,MA,2024-02-04 11:39:00,2024,2,4,11,Sunday,February,ACHAT EPICERIE,BIM,1,0,Dépense,Matin
TX0500412,CUST0002_SEASONAL,2024-02-05,14:29:00,Courant,Virement,Debit,54.28,29664.49,ACHAT SUPERMARCHE,Shell,Casablanca,MA,2024-02-05 14:29:00,2024,2,5,14,Monday,February,ACHAT SUPERMARCHE,SHELL,1,0,Dépense,Après-midi
TX0500413,CUST0002_SEASONAL,2024-02-05,18:21:00,Courant,Wallet,Debit,122.29,29542.2,RETRAIT ATM,Pharmacie,Tanger,MA,2024-02-05 18:21:00,2024,2,5,18,Monday,February,RETRAIT ATM,PHARMACIE,1,0,Dépense,Soir
TX0500414,CUST0002_SEASONAL,2024-02-06,20:21:00,Courant,Espèces,Debit,157.55,29384.64,TRANSPORT,ATM,Meknès,MA,2024-02-06 20:21:00,2024,2,6,20,Tuesday,February,TRANSPORT,ATM,1,0,Dépense,Soir
TX0500415,CUST0002_SEASONAL,2024-02-06,18:02:00,Courant,Espèces,Debit,215.13,29169.51,TRANSPORT,ATM,Tanger,MA,2024-02-06 18:02:00,2024,2,6,18,Tuesday,February,TRANSPORT,ATM,1,0,Dépense,Soir
TX0500416,CUST0002_SEASONAL,2024-02-07,13:26:00,Courant,Virement instantané,Debit,213.48,28956.03,RETRAIT ATM,Careem,Meknès,MA,2024-02-07 13:26:00,2024,2,7,13,Wednesday,February,RETRAIT ATM,CAREEM,1,0,Dépense,Après-midi
TX0500417,CUST0002_SEASONAL,2024-02-07,14:15:00,Courant,Carte,Debit,178.4,28777.63,RETRAIT ATM,Shell,Casablanca,MA,2024-02-07 14:15:00,2024,2,7,14,Wednesday,February,RETRAIT ATM,SHELL,1,0,Dépense,Après-midi
TX0500418,CUST0002_SEASONAL,2024-02-07,08:23:00,Courant,Wallet,Debit,136.93,28640.7,ACHAT SUPERMARCHE,ATM,Fès,MA,2024-02-07 08:23:00,2024,2,7,8,Wednesday,February,ACHAT SUPERMARCHE,ATM,1,0,Dépense,Matin
TX0500419,CUST0002_SEASONAL,2024-02-08,17:31:00,Courant,Virement,Debit,194.32,28446.38,ACHAT EPICERIE,ATM,Casablanca,MA,2024-02-08 17:31:00,2024,2,8,17,Thursday,February,ACHAT EPICERIE,ATM,1,0,Dépense,Après-midi
TX0500420,CUST0002_SEASONAL,2024-02-08,16:20:00,Courant,Virement instantané,Debit,158.81,28287.57,CARBURANT,ATM,Rabat,MA,2024-02-08 16:20:00,2024,2,8,16,Thursday,February,CARBURANT,ATM,1,0,Dépense,Après-midi
TX0500421,CUST0002_SEASONAL,2024-02-09,18:45:00,Courant,Virement,Debit,82.87,28204.69,CARBURANT,BIM,Fès,MA,2024-02-09 18:45:00,2024,2,9,18,Friday,February,CARBURANT,BIM,1,0,Dépense,Soir
TX0500422,CUST0002_SEASONAL,2024-02-09,08:33:00,Courant,Virement,Debit,53.34,28151.35,CARBURANT,Pharmacie,Oujda,MA,2024-02-09 08:33:00,2024,2,9,8,Friday,February,CARBURANT,PHARMACIE,1,0,Dépense,Matin
TX0500423,CUST0002_SEASONAL,2024-02-09,10:25:00,Courant,Virement instantané,Debit,35.68,28115.67,ACHAT EPICERIE,BIM,Tanger,MA,2024-02-09 10:25:00,2024,2,9,10,Friday,February,ACHAT EPICERIE,BIM,1,0,Dépense,Matin
TX0500424,CUST0002_SEASONAL,2024-02-10,10:35:00,Courant,Carte,Debit,37.51,28078.16,CARBURANT,BIM,Fès,MA,2024-02-10 10:35:00,2024,2,10,10,Saturday,February,CARBURANT,BIM,1,0,Dépense,Matin
TX0500425,CUST0002_SEASONAL,2024-02-10,09:28:00,Courant,Wallet,Debit,242.25,27835.91,TRANSPORT,Pharmacie,Casablanca,MA,2024-02-10 09:28:00,2024,2,10,9,Saturday,February,TRANSPORT,PHARMACIE,1,0,Dépense,Matin
TX0500426,CUST0002_SEASONAL,2024-02-10,17:32:00,Courant,Espèces,Debit,98.69,27737.22,TRANSPORT,Careem,Tanger,MA,2024-02-10 17:32:00,2024,2,10,17,Saturday,February,TRANSPORT,CAREEM,1,0,Dépense,Après-midi
TX0500427,CUST0002_SEASONAL,2024-02-11,13:22:00,Courant,Carte,Debit,166.27,27570.95,ACHAT EPICERIE,Careem,Rabat,MA,2024-02-11 13:22:00,2024,2,11,13,Sunday,February,ACHAT EPICERIE,CAREEM,1,0,Dépense,Après-midi
TX0500428,CUST0002_SEASONAL,2024-02-12,18:15:00,Courant,Virement,Debit,73.4,27497.54,ACHAT SUPERMARCHE,Carrefour,Tanger,MA,2024-02-12 18:15:00,2024,2,12,18,Monday,February,ACHAT SUPERMARCHE,CARREFOUR,1,0,Dépense,Soir
TX0500429,CUST0002_SEASONAL,2024-02-12,14:30:00,Courant,Wallet,Debit,209.65,27287.89,ACHAT EPICERIE,Pharmacie,Meknès,MA,2024-02-12 14:30:00,2024,2,12,14,Monday,February,ACHAT EPICERIE,PHARMACIE,1,0,Dépense,Après-midi
TX0500430,CUST0002_SEASONAL,2024-02-12,15:34:00,Courant,ATM,Debit,182.34,27105.56,RETRAIT ATM,Carrefour,Agadir,MA,2024-02-12 15:34:00,2024,2,12,15,Monday,February,RETRAIT ATM,CARREFOUR,1,0,Dépense,Après-midi
TX0500431,CUST0002_SEASONAL,2024-02-13,14:13:00,Courant,ATM,Debit,169.8,26935.76,ACHAT SUPERMARCHE,Carrefour,Fès,MA,2024-02-13 14:13:00,2024,2,13,14,Tuesday,February,ACHAT SUPERMARCHE,CARREFOUR,1,0,Dépense,Après-midi
TX0500432,CUST0002_SEASONAL,2024-02-13,13:13:00,Courant,ATM,Debit,235.5,26700.26,ACHAT EPICERIE,Shell,Fès,MA,2024-02-13 13:13:00,2024,2,13,13,Tuesday,February,ACHAT EPICERIE,SHELL,1,0,Dépense,Après-midi
TX0500433,CUST0002_SEASONAL,2024-02-14,12:26:00,Courant,Espèces,Debit,153.41,26546.85,ACHAT SUPERMARCHE,Careem,Casablanca,MA,2024-02-14 12:26:00,2024,2,14,12,Wednesday,February,ACHAT SUPERMARCHE,CAREEM,1,0,Dépense,Après-midi
TX0500434,CUST0002_SEASONAL,2024-02-14,08:50:00,Courant,Virement instantané,Debit,54.99,26491.86,TRANSPORT,BIM,Meknès,MA,2024-02-14 08:50:00,2024,2,14,8,Wednesday,February,TRANSPORT,BIM,1,0,Dépense,Matin
TX0500435,CUST0002_SEASONAL,2024-02-15,19:56:00,Courant,Virement,Debit,61.8,26430.06,TRANSPORT,Careem,Tanger,MA,2024-02-15 19:56:00,2024,2,15,19,Thursday,February,TRANSPORT,CAREEM,1,0,Dépense,Soir
TX0500436,CUST0002_SEASONAL,2024-02-15,12:50:00,Courant,Carte,Debit,86.56,26343.5,TRANSPORT,Carrefour,Marrakech,MA,2024-02-15 12:50:00,2024,2,15,12,Thursday,February,TRANSPORT,CARREFOUR,1,0,Dépense,Après-midi
TX0500437,CUST0002_SEASONAL,2024-02-15,15:35:00,Courant,Carte,Debit,235.54,26107.96,RETRAIT ATM,Shell,Fès,MA,2024-02-15 15:35:00,2024,2,15,15,Thursday,February,RETRAIT ATM,SHELL,1,0,Dépense,Après-midi
TX0500438,CUST0002_SEASONAL,2024-02-16,14:46:00,Courant,Carte,Debit,103.7,26004.26,ACHAT EPICERIE,Carrefour,Tanger,MA,2024-02-16 14:46:00,2024,2,16,14,Friday,February,ACHAT EPICERIE,CARREFOUR,1,0,Dépense,Après-midi
TX0500439,CUST0002_SEASONAL,2024-02-16,18:12:00,Courant,Espèces,Debit,165.43,25838.84,ACHAT SUPERMARCHE,Shell,Oujda,MA,2024-02-16 18:12:00,2024,2,16,18,Friday,February,ACHAT SUPERMARCHE,SHELL,1,0,Dépense,Soir
TX0500440,CUST0002_SEASONAL,2024-02-17,17:44:00,Courant,Wallet,Debit,184.69,25654.14,ACHAT SUPERMARCHE,Careem,Casablanca,MA,2024-02-17 17:44:00,2024,2,17,17,Saturday,February,ACHAT SUPERMARCHE,CAREEM,1,0,Dépense,Après-midi
TX0500441,CUST0002_SEASONAL,2024-02-17,16:27:00,Courant,Carte,Debit,152.37,25501.78,RETRAIT ATM,ATM,Tanger,MA,2024-02-17 16:27:00,2024,2,17,16,Saturday,February,RETRAIT ATM,ATM,1,0,Dépense,Après-midi
TX0500442,CUST0002_SEASONAL,2024-02-17,16:54:00,Courant,ATM,Debit,61.86,25439.92,RETRAIT ATM,Carrefour,Casablanca,MA,2024-02-17 16:54:00,2024,2,17,16,Saturday,February,RETRAIT ATM,CARREFOUR,1,0,Dépense,Après-midi
TX0500443,CUST0002_SEASONAL,2024-02-18,12:37:00,Courant,Virement,Debit,97.77,25342.15,RETRAIT ATM,ATM,Meknès,MA,2024-02-18 12:37:00,2024,2,18,12,Sunday,February,RETRAIT ATM,ATM,1,0,Dépense,Après-midi
TX0500444,CUST0002_SEASONAL,2024-02-19,15:26:00,Courant,Virement,Debit,200.03,25142.11,RETRAIT ATM,Pharmacie,Tanger,MA,2024-02-19 15:26:00,2024,2,19,15,Monday,February,RETRAIT ATM,PHARMACIE,1,0,Dépense,Après-midi
TX0500445,CUST0002_SEASONAL,2024-02-19,15:53:00,Courant,Virement,Debit,68.46,25073.65,ACHAT EPICERIE,Carrefour,Meknès,MA,2024-02-19 15:53:00,2024,2,19,15,Monday,February,ACHAT EPICERIE,CARREFOUR,1,0,Dépense,Après-midi
TX0500446,CUST0002_SEASONAL,2024-02-19,13:17:00,Courant,Wallet,Debit,96.66,24976.99,CARBURANT,Shell,Casablanca,MA,2024-02-19 13:17:00,2024,2,19,13,Monday,February,CARBURANT,SHELL,1,0,Dépense,Après-midi
TX0500447,CUST0002_SEASONAL,2024-02-20,09:26:00,Courant,Espèces,Debit,92.18,24884.81,ACHAT SUPERMARCHE,ATM,Marrakech,MA,2024-02-20 09:26:00,2024,2,20,9,Tuesday,February,ACHAT SUPERMARCHE,ATM,1,0,Dépense,Matin
TX0500448,CUST0002_SEASONAL,2024-02-20,20:47:00,Courant,Wallet,Debit,244.16,24640.65,RETRAIT ATM,ATM,Fès,MA,2024-02-20 20:47:00,2024,2,20,20,Tuesday,February,RETRAIT ATM,ATM,1,0,Dépense,Soir
TX0500449,CUST0002_SEASONAL,2024-02-21,12:54:00,Courant,Wallet,Debit,72.06,24568.58,ACHAT SUPERMARCHE,BIM,Tanger,MA,2024-02-21 12:54:00,2024,2,21,12,Wednesday,February,ACHAT SUPERMARCHE,BIM,1,0,Dépense,Après-midi
TX0500450,CUST0002_SEASONAL,2024-02-21,10:38:00,Courant,Wallet,Debit,248.06,24320.53,ACHAT SUPERMARCHE,Shell,Meknès,MA,2024-02-21 10:38:00,2024,2,21,10,Wednesday,February,ACHAT SUPERMARCHE,SHELL,1,0,Dépense,Matin
TX0500451,CUST0002_SEASONAL,2024-02-22,18:57:00,Courant,Espèces,Debit,86.61,24233.91,RETRAIT ATM,BIM,Fès,MA,2024-02-22 18:57:00,2024,2,22,18,Thursday,February,RETRAIT ATM,BIM,1,0,Dépense,Soir
TX0500452,CUST0002_SEASONAL,2024-02-23,09:15:00,Courant,Wallet,Debit,237.46,23996.45,RETRAIT ATM,Pharmacie,Fès,MA,2024-02-23 09:15:00,2024,2,23,9,Friday,February,RETRAIT ATM,PHARMACIE,1,0,Dépense,Matin
TX0500453,CUST0002_SEASONAL,2024-02-23,11:35:00,Courant,Carte,Debit,106.98,23889.48,CARBURANT,Pharmacie,Oujda,MA,2024-02-23 11:35:00,2024,2,23,11,Friday,February,CARBURANT,PHARMACIE,1,0,Dépense,Matin
TX0500454,CUST0002_SEASONAL,2024-02-24,09:21:00,Courant,Carte,Debit,119.81,23769.67,TRANSPORT,ATM,Casablanca,MA,2024-02-24 09:21:00,2024,2,24,9,Saturday,February,TRANSPORT,ATM,1,0,Dépense,Matin
TX0500455,CUST0002_SEASONAL,2024-02-24,12:27:00,Courant,Wallet,Debit,123.6,23646.07,ACHAT EPICERIE,BIM,Marrakech,MA,2024-02-24 12:27:00,2024,2,24,12,Saturday,February,ACHAT EPICERIE,BIM,1,0,Dépense,Après-midi
TX0500456,CUST0002_SEASONAL,2024-02-24,09:26:00,Courant,ATM,Debit,141.32,23504.75,ACHAT EPICERIE,Shell,Rabat,MA,2024-02-24 09:26:00,2024,2,24,9,Saturday,February,ACHAT EPICERIE,SHELL,1,0,Dépense,Matin
TX0500457,CUST0002_SEASONAL,2024-02-25,12:39:00,Courant,Virement,Debit,140.77,23363.98,RETRAIT ATM,ATM,Fès,MA,2024-02-25 12:39:00,2024,2,25,12,Sunday,February,RETRAIT ATM,ATM,1,0,Dépense,Après-midi
TX0500458,CUST0002_SEASONAL,2024-02-25,14:30:00,Courant,ATM,Debit,76.17,23287.82,ACHAT SUPERMARCHE,Careem,Marrakech,MA,2024-02-25 14:30:00,2024,2,25,14,Sunday,February,ACHAT SUPERMARCHE,CAREEM,1,0,Dépense,Après-midi
TX0500459,CUST0002_SEASONAL,2024-02-25,08:03:00,Courant,Virement,Debit,218.21,23069.61,CARBURANT,Careem,Oujda,MA,2024-02-25 08:03:00,2024,2,25,8,Sunday,February,CARBURANT,CAREEM,1,0,Dépense,Matin
TX0500460,CUST0002_SEASONAL,2024-02-26,19:14:00,Courant,Virement instantané,Debit,109.21,22960.4,ACHAT SUPERMARCHE,Pharmacie,Casablanca,MA,2024-02-26 19:14:00,2024,2,26,19,Monday,February,ACHAT SUPERMARCHE,PHARMACIE,1,0,Dépense,Soir
TX0500461,CUST0002_SEASONAL,2024-02-26,12:20:00,Courant,Carte,Debit,71.19,22889.21,ACHAT SUPERMARCHE,Carrefour,Fès,MA,2024-02-26 12:20:00,2024,2,26,12,Monday,February,ACHAT SUPERMARCHE,CARREFOUR,1,0,Dépense,Après-midi
TX0500462,CUST0002_SEASONAL,2024-02-27,12:57:00,Courant,Wallet,Debit,43.61,22845.6,ACHAT EPICERIE,Careem,Fès,MA,2024-02-27 12:57:00,2024,2,27,12,Tuesday,February,ACHAT EPICERIE,CAREEM,1,0,Dépense,Après-midi
TX0500463,CUST0002_SEASONAL,2024-02-28,20:11:00,Courant,ATM,Debit,99.85,22745.75,CARBURANT,Shell,Fès,MA,2024-02-28 20:11:00,2024,2,28,20,Wednesday,February,CARBURANT,SHELL,1,0,Dépense,Soir
TX0500464,CUST0002_SEASONAL,2024-02-28,20:14:00,Courant,Virement,Debit,87.12,22658.63,RETRAIT ATM,Pharmacie,Marrakech,MA,2024-02-28 20:14:00,2024,2,28,20,Wednesday,February,RETRAIT ATM,PHARMACIE,1,0,Dépense,Soir
TX0500465,CUST0002_SEASONAL,2024-02-28,20:04:00,Courant,Espèces,Debit,56.29,22602.34,TRANSPORT,Pharmacie,Oujda,MA,2024-02-28 20:04:00,2024,2,28,20,Wednesday,February,TRANSPORT,PHARMACIE,1,0,Dépense,Soir
TX0500466,CUST0002_SEASONAL,2024-02-29,08:57:00,Courant,Virement,Debit,83.39,22518.95,CARBURANT,Shell,Agadir,MA,2024-02-29 08:57:00,2024,2,29,8,Thursday,February,CARBURANT,SHELL,1,0,Dépense,Matin
TX0500467,CUST0002_SEASONAL,2024-02-29,08:08:00,Courant,Espèces,Debit,131.91,22387.04,TRANSPORT,BIM,Marrakech,MA,2024-02-29 08:08:00,2024,2,29,8,Thursday,February,TRANSPORT,BIM,1,0,Dépense,Matin
TX0500468,CUST0002_SEASONAL,2024-02-29,11:54:00,Courant,Virement instantané,Debit,33.73,22353.31,ACHAT SUPERMARCHE,Careem,Rabat,MA,2024-02-29 11:54:00,2024,2,29,11,Thursday,February,ACHAT SUPERMARCHE,CAREEM,1,0,Dépense,Matin
TX0500469,CUST0002_SEASONAL,2024-02-29,17:31:00,Courant,ATM,Debit,78.19,22275.11,TRANSPORT,Carrefour,Rabat,MA,2024-02-29 17:31:00,2024,2,29,17,Thursday,February,TRANSPORT,CARREFOUR,1,0,Dépense,Après-midi
TX0500470,CUST0002_SEASONAL,2024-02-29,13:41:00,Courant,Carte,Debit,194.53,22080.58,RETRAIT ATM,BIM,Casablanca,MA,2024-02-29 13:41:00,2024,2,29,13,Thursday,February,RETRAIT ATM,BIM,1,0,Dépense,Après-midi
TX0500471,CUST0002_SEASONAL,2024-03-01,15:45:00,Salaire,Virement instantané,Credit,11618.0,33698.58,virement employeur,Salaire,Marrakech,MA,2024-03-01 15:45:00,2024,3,1,15,Friday,March,VIREMENT EMPLOYEUR,SALAIRE,0,1,Revenu,Après-midi
TX0500473,CUST0002_SEASONAL,2024-03-01,15:45:00,Courant,Espèces,Debit,410.09,33288.49,HOTEL RESERVATION,McDonald's,Agadir,MA,2024-03-01 15:45:00,2024,3,1,15,Friday,March,HOTEL RESERVATION,MCDONALD'S,1,0,Dépense,Après-midi
TX0500473,CUST0002_SEASONAL,2024-03-01,17:36:00,Courant,Virement instantané,Debit,1076.07,32212.42,HOTEL RESERVATION,Carrefour,Agadir,MA,2024-03-01 17:36:00,2024,3,1,17,Friday,March,HOTEL RESERVATION,CARREFOUR,1,0,Dépense,Après-midi
TX0500474,CUST0002_SEASONAL,2024-03-02,20:12:00,Courant,Wallet,Debit,1619.1,30593.32,ACHAT RAMADAN,Carrefour,Casablanca,MA,2024-03-02 20:12:00,2024,3,2,20,Saturday,March,ACHAT RAMADAN,CARREFOUR,1,0,Dépense,Soir
TX0500475,CUST0002_SEASONAL,2024-03-03,08:26:00,Courant,Virement instantané,Debit,1501.44,29091.88,ACHAT RAMADAN,Restaurant Gastronomique,Agadir,MA,2024-03-03 08:26:00,2024,3,3,8,Sunday,March,ACHAT RAMADAN,RESTAURANT GASTRONOMIQUE,1,0,Dépense,Matin
TX0500476,CUST0002_SEASONAL,2024-03-03,16:13:00,Courant,Carte,Debit,1173.32,27918.56,ACHAT ETE,Hôtel Kenzi,Fès,MA,2024-03-03 16:13:00,2024,3,3,16,Sunday,March,ACHAT ETE,HÔTEL KENZI,1,0,Dépense,Après-midi
TX0500477,CUST0002_SEASONAL,2024-03-04,14:31:00,Courant,ATM,Debit,1841.9,26076.66,VOYAGE MAROC,Voyages Atlas,Agadir,MA,2024-03-04 14:31:00,2024,3,4,14,Monday,March,VOYAGE MAROC,VOYAGES ATLAS,1,0,Dépense,Après-midi
TX0500478,CUST0002_SEASONAL,2024-03-04,15:32:00,Courant,Espèces,Debit,507.71,25568.95,ACHAT RAMADAN,McDonald's,Casablanca,MA,2024-03-04 15:32:00,2024,3,4,15,Monday,March,ACHAT RAMADAN,MCDONALD'S,1,0,Dépense,Après-midi
TX0500479,CUST0002_SEASONAL,2024-03-05,12:25:00,Courant,Carte,Debit,933.03,24635.93,VOYAGE MAROC,H&M,Rabat,MA,2024-03-05 12:25:00,2024,3,5,12,Tuesday,March,VOYAGE MAROC,H&M,1,0,Dépense,Après-midi
TX0500480,CUST0002_SEASONAL,2024-03-06,08:45:00,Courant,Carte,Debit,703.85,23932.08,VOYAGE MAROC,Zara,Casablanca,MA,2024-03-06 08:45:00,2024,3,6,8,Wednesday,March,VOYAGE MAROC,ZARA,1,0,Dépense,Matin
TX0500481,CUST0002_SEASONAL,2024-03-06,09:46:00,Courant,Virement instantané,Debit,1801.74,22130.34,HOTEL RESERVATION,Restaurant Gastronomique,Oujda,MA,2024-03-06 09:46:00,2024,3,6,9,Wednesday,March,HOTEL RESERVATION,RESTAURANT GASTRONOMIQUE,1,0,Dépense,Matin
TX0500482,CUST0002_SEASONAL,2024-03-06,17:40:00,Courant,Wallet,Debit,1232.08,20898.26,VOYAGE MAROC,Restaurant Gastronomique,Rabat,MA,2024-03-06 17:40:00,2024,3,6,17,Wednesday,March,VOYAGE MAROC,RESTAURANT GASTRONOMIQUE,1,0,Dépense,Après-midi
TX0500483,CUST0002_SEASONAL,2024-03-07,11:56:00,Courant,Virement instantané,Debit,1822.04,19076.22,RESTAURANT ETE,McDonald's,Tanger,MA,2024-03-07 11:56:00,2024,3,7,11,Thursday,March,RESTAURANT ETE,MCDONALD'S,1,0,Dépense,Matin
TX0500484,CUST0002_SEASONAL,2024-03-07,18:23:00,Courant,Wallet,Debit,1604.36,17471.86,ACHAT RAMADAN,H&M,Fès,MA,2024-03-07 18:23:00,2024,3,7,18,Thursday,March,ACHAT RAMADAN,H&M,1,0,Dépense,Soir
TX0500485,CUST0002_SEASONAL,2024-03-08,19:29:00,Courant,Virement,Debit,925.95,16545.92,ACHAT ETE,Marjane,Tanger,MA,2024-03-08 19:29:00,2024,3,8,19,Friday,March,ACHAT ETE,MARJANE,1,0,Dépense,Soir
TX0500486,CUST0002_SEASONAL,2024-03-08,12:32:00,Courant,Espèces,Debit,1053.39,15492.53,RESTAURANT ETE,Hôtel Kenzi,Meknès,MA,2024-03-08 12:32:00,2024,3,8,12,Friday,March,RESTAURANT ETE,HÔTEL KENZI,1,0,Dépense,Après-midi
TX0500487,CUST0002_SEASONAL,2024-03-08,17:17:00,Courant,Carte,Debit,738.97,14753.56,ACHAT ETE,Carrefour,Fès,MA,2024-03-08 17:17:00,2024,3,8,17,Friday,March,ACHAT ETE,CARREFOUR,1,0,Dépense,Après-midi
TX0500488,CUST0002_SEASONAL,2024-03-09,11:21:00,Courant,Espèces,Debit,1473.98,13279.58,HOTEL RESERVATION,Zara,Casablanca,MA,2024-03-09 11:21:00,2024,3,9,11,Saturday,March,HOTEL RESERVATION,ZARA,1,0,Dépense,Matin
TX0500489,CUST0002_SEASONAL,2024-03-09,08:00:00,Courant,Virement instantané,Debit,425.75,12853.82,HOTEL RESERVATION,Marjane,Agadir,MA,2024-03-09 08:00:00,2024,3,9,8,Saturday,March,HOTEL RESERVATION,MARJANE,1,0,Dépense,Matin
TX0500490,CUST0002_SEASONAL,2024-03-10,17:48:00,Courant,Virement,Debit,587.5,12266.32,VOYAGE MAROC,Hôtel Kenzi,Oujda,MA,2024-03-10 17:48:00,2024,3,10,17,Sunday,March,VOYAGE MAROC,HÔTEL KENZI,1,0,Dépense,Après-midi
TX0500491,CUST0002_SEASONAL,2024-03-10,09:49:00,Courant,Virement,Debit,543.21,11723.11,ACHAT ETE,Carrefour,Agadir,MA,2024-03-10 09:49:00,2024,3,10,9,Sunday,March,ACHAT ETE,CARREFOUR,1,0,Dépense,Matin
TX0500492,CUST0002_SEASONAL,2024-03-10,20:40:00,Courant,Virement,Debit,1007.78,10715.33,ACHAT RAMADAN,Hôtel Kenzi,Agadir,MA,2024-03-10 20:40:00,2024,3,10,20,Sunday,March,ACHAT RAMADAN,HÔTEL KENZI,1,0,Dépense,Soir
TX0500493,CUST0002_SEASONAL,2024-03-11,18:03:00,Courant,Carte,Debit,535.07,10180.26,VOYAGE MAROC,Hôtel Kenzi,Fès,MA,2024-03-11 18:03:00,2024,3,11,18,Monday,March,VOYAGE MAROC,HÔTEL KENZI,1,0,Dépense,Soir
TX0500494,CUST0002_SEASONAL,2024-03-11,15:13:00,Courant,ATM,Debit,1891.42,8288.84,ACHAT ETE,Hôtel Kenzi,Meknès,MA,2024-03-11 15:13:00,2024,3,11,15,Monday,March,ACHAT ETE,HÔTEL KENZI,1,0,Dépense,Après-midi
TX0500495,CUST0002_SEASONAL,2024-03-11,18:02:00,Courant,ATM,Debit,729.78,7559.06,ACHAT RAMADAN,Marjane,Oujda,MA,2024-03-11 18:02:00,2024,3,11,18,Monday,March,ACHAT RAMADAN,MARJANE,1,0,Dépense,Soir
TX0500496,CUST0002_SEASONAL,2024-03-11,09:09:00,Courant,Espèces,Debit,753.93,6805.14,ACHAT ETE,Hôtel Kenzi,Rabat,MA,2024-03-11 09:09:00,2024,3,11,9,Monday,March,ACHAT ETE,HÔTEL KENZI,1,0,Dépense,Matin
TX0500497,CUST0002_SEASONAL,2024-03-12,10:52:00,Courant,Carte,Debit,431.98,6373.16,RESTAURANT ETE,Carrefour,Meknès,MA,2024-03-12 10:52:00,2024,3,12,10,Tuesday,March,RESTAURANT ETE,CARREFOUR,1,0,Dépense,Matin
TX0500498,CUST0002_SEASONAL,2024-03-13,11:51:00,Courant,Espèces,Debit,466.28,5906.88,ACHAT ETE,Restaurant Gastronomique,Meknès,MA,2024-03-13 11:51:00,2024,3,13,11,Wednesday,March,ACHAT ETE,RESTAURANT GASTRONOMIQUE,1,0,Dépense,Matin
TX0500499,CUST0002_SEASONAL,2024-03-13,18:51:00,Courant,Virement instantané,Debit,523.53,5383.35,RESTAURANT ETE,H&M,Rabat,MA,2024-03-13 18:51:00,2024,3,13,18,Wednesday,March,RESTAURANT ETE,H&M,1,0,Dépense,Soir
TX0500500,CUST0002_SEASONAL,2024-03-13,10:47:00,Courant,Virement instantané,Debit,810.3,4573.05,ACHAT ETE,Hôtel Kenzi,Rabat,MA,2024-03-13 10:47:00,2024,3,13,10,Wednesday,March,ACHAT ETE,HÔTEL KENZI,1,0,Dépense,Matin
TX0500501,CUST0002_SEASONAL,2024-03-14,19:58:00,Courant,Espèces,Debit,1970.83,2602.21,VOYAGE MAROC,Carrefour,Tanger,MA,2024-03-14 19:58:00,2024,3,14,19,Thursday,March,VOYAGE MAROC,CARREFOUR,1,0,Dépense,Soir
TX0500502,CUST0002_SEASONAL,2024-03-15,16:49:00,Courant,Virement,Debit,785.54,1816.68,HOTEL RESERVATION,Marjane,Tanger,MA,2024-03-15 16:49:00,2024,3,15,16,Friday,March,HOTEL RESERVATION,MARJANE,1,0,Dépense,Après-midi
TX0500503,CUST0002_SEASONAL,2024-03-15,13:20:00,Courant,Virement instantané,Debit,905.7,910.97,HOTEL RESERVATION,Carrefour,Casablanca,MA,2024-03-15 13:20:00,2024,3,15,13,Friday,March,HOTEL RESERVATION,CARREFOUR,1,0,Dépense,Après-midi
TX0500504,CUST0002_SEASONAL,2024-03-16,11:32:00,Courant,Virement instantané,Debit,780.24,130.74,ACHAT ETE,Carrefour,Casablanca,MA,2024-03-16 11:32:00,2024,3,16,11,Saturday,March,ACHAT ETE,CARREFOUR,1,0,Dépense,Matin
TX0500505,CUST0002_SEASONAL,2024-03-16,16:24:00,Courant,Virement instantané,Debit,488.28,0.0,ACHAT RAMADAN,McDonald's,Casablanca,MA,2024-03-16 16:24:00,2024,3,16,16,Saturday,March,ACHAT RAMADAN,MCDONALD'S,1,0,Dépense,Après-midi
TX0500506,CUST0002_SEASONAL,2024-03-16,17:57:00,Courant,ATM,Debit,1750.25,0.0,RESTAURANT ETE,Restaurant Gastronomique,Marrakech,MA,2024-03-16 17:57:00,2024,3,16,17,Saturday,March,RESTAURANT ETE,RESTAURANT GASTRONOMIQUE,1,0,Dépense,Après-midi
TX0500507,CUST0002_SEASONAL,2024-03-17,11:33:00,Courant,Virement instantané,Debit,1576.36,0.0,ACHAT ETE,H&M,Marrakech,MA,2024-03-17 11:33:00,2024,3,17,11,Sunday,March,ACHAT ETE,H&M,1,0,Dépense,Matin
TX0500508,CUST0002_SEASONAL,2024-03-17,19:13:00,Courant,Wallet,Debit,1368.73,0.0,ACHAT ETE,H&M,Tanger,MA,2024-03-17 19:13:00,2024,3,17,19,Sunday,March,ACHAT ETE,H&M,1,0,Dépense,Soir
TX0500509,CUST0002_SEASONAL,2024-03-17,18:51:00,Courant,Wallet,Debit,855.42,0.0,ACHAT ETE,H&M,Tanger,MA,2024-03-17 18:51:00,2024,3,17,18,Sunday,March,ACHAT ETE,H&M,1,0,Dépense,Soir
TX0500510,CUST0002_SEASONAL,2024-03-18,17:03:00,Courant,Virement,Debit,911.76,0.0,ACHAT ETE,H&M,Marrakech,MA,2024-03-18 17:03:00,2024,3,18,17,Monday,March,ACHAT ETE,H&M,1,0,Dépense,Après-midi
TX0500511,CUST0002_SEASONAL,2024-03-18,15:47:00,Courant,Carte,Debit,1924.93,0.0,RESTAURANT ETE,H&M,Fès,MA,2024-03-18 15:47:00,2024,3,18,15,Monday,March,RESTAURANT ETE,H&M,1,0,Dépense,Après-midi
TX0500512,CUST0002_SEASONAL,2024-03-18,19:42:00,Courant,Virement,Debit,726.24,0.0,RESTAURANT ETE,Hôtel Kenzi,Casablanca,MA,2024-03-18 19:42:00,2024,3,18,19,Monday,March,RESTAURANT ETE,HÔTEL KENZI,1,0,Dépense,Soir
TX0500513,CUST0002_SEASONAL,2024-03-19,14:26:00,Courant,ATM,Debit,1011.77,0.0,HOTEL RESERVATION,Marjane,Oujda,MA,2024-03-19 14:26:00,2024,3,19,14,Tuesday,March,HOTEL RESERVATION,MARJANE,1,0,Dépense,Après-midi
TX0500514,CUST0002_SEASONAL,2024-03-19,18:33:00,Courant,Wallet,Debit,573.04,0.0,ACHAT RAMADAN,Voyages Atlas,Fès,MA,2024-03-19 18:33:00,2024,3,19,18,Tuesday,March,ACHAT RAMADAN,VOYAGES ATLAS,1,0,Dépense,Soir
TX0500515,CUST0002_SEASONAL,2024-03-19,10:23:00,Courant,ATM,Debit,678.37,0.0,ACHAT RAMADAN,McDonald's,Rabat,MA,2024-03-19 10:23:00,2024,3,19,10,Tuesday,March,ACHAT RAMADAN,MCDONALD'S,1,0,Dépense,Matin
TX0500516,CUST0002_SEASONAL,2024-03-20,09:38:00,Courant,Espèces,Debit,1993.86,0.0,VOYAGE MAROC,McDonald's,Fès,MA,2024-03-20 09:38:00,2024,3,20,9,Wednesday,March,VOYAGE MAROC,MCDONALD'S,1,0,Dépense,Matin
TX0500517,CUST0002_SEASONAL,2024-03-20,16:49:00,Courant,ATM,Debit,1323.21,0.0,VOYAGE MAROC,Carrefour,Meknès,MA,2024-03-20 16:49:00,2024,3,20,16,Wednesday,March,VOYAGE MAROC,CARREFOUR,1,0,Dépense,Après-midi
TX0500518,CUST0002_SEASONAL,2024-03-21,18:16:00,Courant,Wallet,Debit,1795.69,0.0,ACHAT RAMADAN,H&M,Marrakech,MA,2024-03-21 18:16:00,2024,3,21,18,Thursday,March,ACHAT RAMADAN,H&M,1,0,Dépense,Soir
TX0500519,CUST0002_SEASONAL,2024-03-21,08:40:00,Courant,ATM,Debit,1916.2,0.0,ACHAT RAMADAN,H&M,Fès,MA,2024-03-21 08:40:00,2024,3,21,8,Thursday,March,ACHAT RAMADAN,H&M,1,0,Dépense,Matin
TX0500520,CUST0002_SEASONAL,2024-03-21,15:38:00,Courant,ATM,Debit,1886.34,0.0,HOTEL RESERVATION,Voyages Atlas,Marrakech,MA,2024-03-21 15:38:00,2024,3,21,15,Thursday,March,HOTEL RESERVATION,VOYAGES ATLAS,1,0,Dépense,Après-midi
TX0500521,CUST0002_SEASONAL,2024-03-22,09:19:00,Courant,Carte,Debit,775.7,0.0,ACHAT RAMADAN,Voyages Atlas,Meknès,MA,2024-03-22 09:19:00,2024,3,22,9,Friday,March,ACHAT RAMADAN,VOYAGES ATLAS,1,0,Dépense,Matin
TX0500522,CUST0002_SEASONAL,2024-03-23,14:20:00,Courant,Carte,Debit,1838.39,0.0,RESTAURANT ETE,H&M,Tanger,MA,2024-03-23 14:20:00,2024,3,23,14,Saturday,March,RESTAURANT ETE,H&M,1,0,Dépense,Après-midi
TX0500523,CUST0002_SEASONAL,2024-03-23,13:38:00,Courant,Virement,Debit,1819.64,0.0,VOYAGE MAROC,Carrefour,Fès,MA,2024-03-23 13:38:00,2024,3,23,13,Saturday,March,VOYAGE MAROC,CARREFOUR,1,0,Dépense,Après-midi
TX0500524,CUST0002_SEASONAL,2024-03-24,11:51:00,Courant,Wallet,Debit,414.25,0.0,ACHAT RAMADAN,Zara,Casablanca,MA,2024-03-24 11:51:00,2024,3,24,11,Sunday,March,ACHAT RAMADAN,ZARA,1,0,Dépense,Matin
TX0500525,CUST0002_SEASONAL,2024-03-24,10:28:00,Courant,Carte,Debit,1299.87,0.0,RESTAURANT ETE,Zara,Fès,MA,2024-03-24 10:28:00,2024,3,24,10,Sunday,March,RESTAURANT ETE,ZARA,1,0,Dépense,Matin
TX0500526,CUST0002_SEASONAL,2024-03-25,18:28:00,Courant,Carte,Debit,504.41,0.0,ACHAT ETE,H&M,Marrakech,MA,2024-03-25 18:28:00,2024,3,25,18,Monday,March,ACHAT ETE,H&M,1,0,Dépense,Soir
TX0500527,CUST0002_SEASONAL,2024-03-26,08:00:00,Courant,Espèces,Debit,1158.16,0.0,HOTEL RESERVATION,Voyages Atlas,Meknès,MA,2024-03-26 08:00:00,2024,3,26,8,Tuesday,March,HOTEL RESERVATION,VOYAGES ATLAS,1,0,Dépense,Matin
TX0500528,CUST0002_SEASONAL,2024-03-26,09:46:00,Courant,Virement,Debit,752.0,0.0,HOTEL RESERVATION,Hôtel Kenzi,Marrakech,MA,2024-03-26 09:46:00,2024,3,26,9,Tuesday,March,HOTEL RESERVATION,HÔTEL KENZI,1,0,Dépense,Matin
TX0500529,CUST0002_SEASONAL,2024-03-27,11:29:00,Courant,Carte,Debit,1801.64,0.0,RESTAURANT ETE,Marjane,Marrakech,MA,2024-03-27 11:29:00,2024,3,27,11,Wednesday,March,RESTAURANT ETE,MARJANE,1,0,Dépense,Matin
TX0500530,CUST0002_SEASONAL,2024-03-28,17:17:00,Courant,Carte,Debit,926.08,0.0,ACHAT ETE,Restaurant Gastronomique,Marrakech,MA,2024-03-28 17:17:00,2024,3,28,17,Thursday,March,ACHAT ETE,RESTAURANT GASTRONOMIQUE,1,0,Dépense,Après-midi
TX0500531,CUST0002_SEASONAL,2024-03-28,15:23:00,Courant,Virement,Debit,1006.02,0.0,HOTEL RESERVATION,Marjane,Casablanca,MA,2024-03-28 15:23:00,2024,3,28,15,Thursday,March,HOTEL RESERVATION,MARJANE,1,0,Dépense,Après-midi
TX0500532,CUST0002_SEASONAL,2024-03-28,12:32:00,Courant,Wallet,Debit,407.72,0.0,ACHAT ETE,McDonald's,Rabat,MA,2024-03-28 12:32:00,2024,3,28,12,Thursday,March,ACHAT ETE,MCDONALD'S,1,0,Dépense,Après-midi
TX0500533,CUST0002_SEASONAL,2024-03-29,16:32:00,Courant,Virement,Debit,1551.93,0.0,ACHAT RAMADAN,Voyages Atlas,Oujda,MA,2024-03-29 16:32:00,2024,3,29,16,Friday,March,ACHAT RAMADAN,VOYAGES ATLAS,1,0,Dépense,Après-midi
TX0500534,CUST0002_SEASONAL,2024-03-29,15:47:00,Courant,Carte,Debit,1742.07,0.0,HOTEL RESERVATION,Zara,Marrakech,MA,2024-03-29 15:47:00,2024,3,29,15,Friday,March,HOTEL RESERVATION,ZARA,1,0,Dépense,Après-midi
TX0500535,CUST0002_SEASONAL,2024-03-29,16:03:00,Courant,Wallet,Debit,892.1,0.0,ACHAT ETE,Hôtel Kenzi,Marrakech,MA,2024-03-29 16:03:00,2024,3,29,16,Friday,March,ACHAT ETE,HÔTEL KENZI,1,0,Dépense,Après-midi
TX0500536,CUST0002_SEASONAL,2024-03-30,16:25:00,Courant,Virement instantané,Debit,539.29,0.0,HOTEL RESERVATION,McDonald's,Rabat,MA,2024-03-30 16:25:00,2024,3,30,16,Saturday,March,HOTEL RESERVATION,MCDONALD'S,1,0,Dépense,Après-midi
TX0500537,CUST0002_SEASONAL,2024-03-31,17:25:00,Courant,Espèces,Debit,1061.5,0.0,ACHAT RAMADAN,Hôtel Kenzi,Oujda,MA,2024-03-31 17:25:00,2024,3,31,17,Sunday,March,ACHAT RAMADAN,HÔTEL KENZI,1,0,Dépense,Après-midi
TX0500538,CUST0002_SEASONAL,2024-03-31,15:29:00,Courant,ATM,Debit,1440.14,0.0,RESTAURANT ETE,H&M,Fès,MA,2024-03-31 15:29:00,2024,3,31,15,Sunday,March,RESTAURANT ETE,H&M,1,0,Dépense,Après-midi
TX0500539,CUST0002_SEASONAL,2024-03-31,12:19:00,Courant,Espèces,Debit,1339.8,0.0,RESTAURANT ETE,Zara,Agadir,MA,2024-03-31 12:19:00,2024,3,31,12,Sunday,March,RESTAURANT ETE,ZARA,1,0,Dépense,Après-midi
TX0500540,CUST0002_SEASONAL,2024-04-01,09:54:00,Salaire,Virement instantané,Credit,11617.0,-30303.43,virement employeur,Salaire,Marrakech,MA,2024-04-01 09:54:00,2024,4,1,9,Monday,April,VIREMENT EMPLOYEUR,SALAIRE,0,1,Revenu,Matin
TX0500542,CUST0002_SEASONAL,2024-04-01,09:54:00,Courant,ATM,Debit,85.98,0.0,RETRAIT ATM,Carrefour,Agadir,MA,2024-04-01 09:54:00,2024,4,1,9,Monday,April,RETRAIT ATM,CARREFOUR,1,0,Dépense,Matin
TX0500542,CUST0002_SEASONAL,2024-04-01,15:49:00,Courant,Virement instantané,Debit,42.11,0.0,TRANSPORT,Carrefour,Casablanca,MA,2024-04-01 15:49:00,2024,4,1,15,Monday,April,TRANSPORT,CARREFOUR,1,0,Dépense,Après-midi
TX0500543,CUST0002_SEASONAL,2024-04-02,11:21:00,Courant,Wallet,Debit,128.35,0.0,ACHAT SUPERMARCHE,ATM,Agadir,MA,2024-04-02 11:21:00,2024,4,2,11,Tuesday,April,ACHAT SUPERMARCHE,ATM,1,0,Dépense,Matin
TX0500544,CUST0002_SEASONAL,2024-04-02,10:37:00,Courant,Virement,Debit,146.82,0.0,CARBURANT,BIM,Oujda,MA,2024-04-02 10:37:00,2024,4,2,10,Tuesday,April,CARBURANT,BIM,1,0,Dépense,Matin
TX0500545,CUST0002_SEASONAL,2024-04-03,18:40:00,Courant,Wallet,Debit,81.19,0.0,CARBURANT,Carrefour,Tanger,MA,2024-04-03 18:40:00,2024,4,3,18,Wednesday,April,CARBURANT,CARREFOUR,1,0,Dépense,Soir
TX0500546,CUST0002_SEASONAL,2024-04-03,15:31:00,Courant,ATM,Debit,191.81,0.0,CARBURANT,Shell,Marrakech,MA,2024-04-03 15:31:00,2024,4,3,15,Wednesday,April,CARBURANT,SHELL,1,0,Dépense,Après-midi
TX0500547,CUST0002_SEASONAL,2024-04-04,14:07:00,Courant,Espèces,Debit,146.4,0.0,ACHAT EPICERIE,Shell,Tanger,MA,2024-04-04 14:07:00,2024,4,4,14,Thursday,April,ACHAT EPICERIE,SHELL,1,0,Dépense,Après-midi
TX0500548,CUST0002_SEASONAL,2024-04-05,15:32:00,Courant,ATM,Debit,98.32,0.0,ACHAT EPICERIE,BIM,Marrakech,MA,2024-04-05 15:32:00,2024,4,5,15,Friday,April,ACHAT EPICERIE,BIM,1,0,Dépense,Après-midi
TX0500549,CUST0002_SEASONAL,2024-04-05,19:23:00,Courant,Espèces,Debit,37.22,0.0,RETRAIT ATM,Pharmacie,Oujda,MA,2024-04-05 19:23:00,2024,4,5,19,Friday,April,RETRAIT ATM,PHARMACIE,1,0,Dépense,Soir
TX0500550,CUST0002_SEASONAL,2024-04-05,12:43:00,Courant,Wallet,Debit,215.31,0.0,RETRAIT ATM,Pharmacie,Agadir,MA,2024-04-05 12:43:00,2024,4,5,12,Friday,April,RETRAIT ATM,PHARMACIE,1,0,Dépense,Après-midi
TX0500551,CUST0002_SEASONAL,2024-04-05,16:25:00,Courant,Virement instantané,Debit,244.55,0.0,CARBURANT,Careem,Agadir,MA,2024-04-05 16:25:00,2024,4,5,16,Friday,April,CARBURANT,CAREEM,1,0,Dépense,Après-midi
TX0500552,CUST0002_SEASONAL,2024-04-06,17:21:00,Courant,Virement,Debit,119.3,0.0,RETRAIT ATM,Pharmacie,Rabat,MA,2024-04-06 17:21:00,2024,4,6,17,Saturday,April,RETRAIT ATM,PHARMACIE,1,0,Dépense,Après-midi
TX0500553,CUST0002_SEASONAL,2024-04-06,15:31:00,Courant,Wallet,Debit,152.17,0.0,RETRAIT ATM,Carrefour,Rabat,MA,2024-04-06 15:31:00,2024,4,6,15,Saturday,April,RETRAIT ATM,CARREFOUR,1,0,Dépense,Après-midi
TX0500554,CUST0002_SEASONAL,2024-04-07,18:57:00,Courant,Virement instantané,Debit,82.25,0.0,ACHAT SUPERMARCHE,Careem,Fès,MA,2024-04-07 18:57:00,2024,4,7,18,Sunday,April,ACHAT SUPERMARCHE,CAREEM,1,0,Dépense,Soir
TX0500555,CUST0002_SEASONAL,2024-04-07,09:36:00,Courant,Carte,Debit,140.88,0.0,TRANSPORT,Pharmacie,Tanger,MA,2024-04-07 09:36:00,2024,4,7,9,Sunday,April,TRANSPORT,PHARMACIE,1,0,Dépense,Matin
TX0500556,CUST0002_SEASONAL,2024-04-08,14:42:00,Courant,ATM,Debit,240.14,0.0,RETRAIT ATM,Careem,Casablanca,MA,2024-04-08 14:42:00,2024,4,8,14,Monday,April,RETRAIT ATM,CAREEM,1,0,Dépense,Après-midi
TX0500557,CUST0002_SEASONAL,2024-04-08,16:46:00,Courant,Carte,Debit,84.19,0.0,RETRAIT ATM,Pharmacie,Rabat,MA,2024-04-08 16:46:00,2024,4,8,16,Monday,April,RETRAIT ATM,PHARMACIE,1,0,Dépense,Après-midi
TX0500558,CUST0002_SEASONAL,2024-04-09,12:12:00,Courant,Espèces,Debit,97.44,0.0,RETRAIT ATM,Pharmacie,Agadir,MA,2024-04-09 12:12:00,2024,4,9,12,Tuesday,April,RETRAIT ATM,PHARMACIE,1,0,Dépense,Après-midi
TX0500559,CUST0002_SEASONAL,2024-04-10,18:17:00,Courant,ATM,Debit,73.16,0.0,ACHAT SUPERMARCHE,BIM,Tanger,MA,2024-04-10 18:17:00,2024,4,10,18,Wednesday,April,ACHAT SUPERMARCHE,BIM,1,0,Dépense,Soir
TX0500560,CUST0002_SEASONAL,2024-04-10,13:24:00,Courant,ATM,Debit,99.86,0.0,ACHAT SUPERMARCHE,Pharmacie,Oujda,MA,2024-04-10 13:24:00,2024,4,10,13,Wednesday,April,ACHAT SUPERMARCHE,PHARMACIE,1,0,Dépense,Après-midi
TX0500561,CUST0002_SEASONAL,2024-04-10,16:02:00,Courant,Virement,Debit,60.51,0.0,ACHAT EPICERIE,BIM,Marrakech,MA,2024-04-10 16:02:00,2024,4,10,16,Wednesday,April,ACHAT EPICERIE,BIM,1,0,Dépense,Après-midi
TX0500562,CUST0002_SEASONAL,2024-04-11,10:32:00,Courant,Carte,Debit,49.45,0.0,TRANSPORT,Careem,Oujda,MA,2024-04-11 10:32:00,2024,4,11,10,Thursday,April,TRANSPORT,CAREEM,1,0,Dépense,Matin
TX0500563,CUST0002_SEASONAL,2024-04-11,10:53:00,Courant,Virement instantané,Debit,157.4,0.0,RETRAIT ATM,BIM,Marrakech,MA,2024-04-11 10:53:00,2024,4,11,10,Thursday,April,RETRAIT ATM,BIM,1,0,Dépense,Matin
TX0500564,CUST0002_SEASONAL,2024-04-12,20:32:00,Courant,ATM,Debit,171.47,0.0,CARBURANT,Pharmacie,Casablanca,MA,2024-04-12 20:32:00,2024,4,12,20,Friday,April,CARBURANT,PHARMACIE,1,0,Dépense,Soir
TX0500565,CUST0002_SEASONAL,2024-04-12,18:23:00,Courant,Espèces,Debit,193.54,0.0,TRANSPORT,Careem,Agadir,MA,2024-04-12 18:23:00,2024,4,12,18,Friday,April,TRANSPORT,CAREEM,1,0,Dépense,Soir
TX0500566,CUST0002_SEASONAL,2024-04-12,11:39:00,Courant,ATM,Debit,47.54,0.0,ACHAT EPICERIE,Carrefour,Marrakech,MA,2024-04-12 11:39:00,2024,4,12,11,Friday,April,ACHAT EPICERIE,CARREFOUR,1,0,Dépense,Matin
TX0500567,CUST0002_SEASONAL,2024-04-13,12:33:00,Courant,Espèces,Debit,49.84,0.0,TRANSPORT,Carrefour,Rabat,MA,2024-04-13 12:33:00,2024,4,13,12,Saturday,April,TRANSPORT,CARREFOUR,1,0,Dépense,Après-midi
TX0500568,CUST0002_SEASONAL,2024-04-13,11:16:00,Courant,ATM,Debit,83.49,0.0,RETRAIT ATM,Carrefour,Agadir,MA,2024-04-13 11:16:00,2024,4,13,11,Saturday,April,RETRAIT ATM,CARREFOUR,1,0,Dépense,Matin
TX0500569,CUST0002_SEASONAL,2024-04-14,19:05:00,Courant,Espèces,Debit,157.13,0.0,TRANSPORT,Carrefour,Marrakech,MA,2024-04-14 19:05:00,2024,4,14,19,Sunday,April,TRANSPORT,CARREFOUR,1,0,Dépense,Soir
TX0500570,CUST0002_SEASONAL,2024-04-14,16:43:00,Courant,Carte,Debit,249.91,0.0,CARBURANT,Shell,Marrakech,MA,2024-04-14 16:43:00,2024,4,14,16,Sunday,April,CARBURANT,SHELL,1,0,Dépense,Après-midi
TX0500571,CUST0002_SEASONAL,2024-04-15,13:31:00,Courant,ATM,Debit,173.25,0.0,ACHAT SUPERMARCHE,Careem,Casablanca,MA,2024-04-15 13:31:00,2024,4,15,13,Monday,April,ACHAT SUPERMARCHE,CAREEM,1,0,Dépense,Après-midi
TX0500572,CUST0002_SEASONAL,2024-04-15,13:54:00,Courant,Wallet,Debit,205.34,0.0,ACHAT EPICERIE,Carrefour,Meknès,MA,2024-04-15 13:54:00,2024,4,15,13,Monday,April,ACHAT EPICERIE,CARREFOUR,1,0,Dépense,Après-midi
TX0500573,CUST0002_SEASONAL,2024-04-16,08:57:00,Courant,Wallet,Debit,85.43,0.0,ACHAT EPICERIE,Careem,Casablanca,MA,2024-04-16 08:57:00,2024,4,16,8,Tuesday,April,ACHAT EPICERIE,CAREEM,1,0,Dépense,Matin
TX0500574,CUST0002_SEASONAL,2024-04-16,12:15:00,Courant,Espèces,Debit,150.39,0.0,ACHAT SUPERMARCHE,ATM,Fès,MA,2024-04-16 12:15:00,2024,4,16,12,Tuesday,April,ACHAT SUPERMARCHE,ATM,1,0,Dépense,Après-midi
TX0500575,CUST0002_SEASONAL,2024-04-16,17:16:00,Courant,Carte,Debit,99.19,0.0,ACHAT EPICERIE,Shell,Tanger,MA,2024-04-16 17:16:00,2024,4,16,17,Tuesday,April,ACHAT EPICERIE,SHELL,1,0,Dépense,Après-midi
TX0500576,CUST0002_SEASONAL,2024-04-17,11:42:00,Courant,Wallet,Debit,63.44,0.0,ACHAT SUPERMARCHE,Careem,Fès,MA,2024-04-17 11:42:00,2024,4,17,11,Wednesday,April,ACHAT SUPERMARCHE,CAREEM,1,0,Dépense,Matin
TX0500577,CUST0002_SEASONAL,2024-04-17,19:29:00,Courant,Virement,Debit,158.92,0.0,ACHAT EPICERIE,Pharmacie,Fès,MA,2024-04-17 19:29:00,2024,4,17,19,Wednesday,April,ACHAT EPICERIE,PHARMACIE,1,0,Dépense,Soir
TX0500578,CUST0002_SEASONAL,2024-04-17,16:04:00,Courant,Carte,Debit,239.99,0.0,RETRAIT ATM,Pharmacie,Casablanca,MA,2024-04-17 16:04:00,2024,4,17,16,Wednesday,April,RETRAIT ATM,PHARMACIE,1,0,Dépense,Après-midi
TX0500579,CUST0002_SEASONAL,2024-04-17,19:23:00,Courant,Virement instantané,Debit,175.88,0.0,TRANSPORT,Careem,Agadir,MA,2024-04-17 19:23:00,2024,4,17,19,Wednesday,April,TRANSPORT,CAREEM,1,0,Dépense,Soir
TX0500580,CUST0002_SEASONAL,2024-04-18,12:46:00,Courant,Virement,Debit,56.83,0.0,ACHAT EPICERIE,ATM,Meknès,MA,2024-04-18 12:46:00,2024,4,18,12,Thursday,April,ACHAT EPICERIE,ATM,1,0,Dépense,Après-midi
TX0500581,CUST0002_SEASONAL,2024-04-18,15:41:00,Courant,Carte,Debit,141.48,0.0,ACHAT EPICERIE,ATM,Tanger,MA,2024-04-18 15:41:00,2024,4,18,15,Thursday,April,ACHAT EPICERIE,ATM,1,0,Dépense,Après-midi
TX0500582,CUST0002_SEASONAL,2024-04-19,14:54:00,Courant,Virement,Debit,40.52,0.0,RETRAIT ATM,Careem,Tanger,MA,2024-04-19 14:54:00,2024,4,19,14,Friday,April,RETRAIT ATM,CAREEM,1,0,Dépense,Après-midi
TX0500583,CUST0002_SEASONAL,2024-04-19,19:03:00,Courant,Carte,Debit,64.31,0.0,TRANSPORT,Pharmacie,Marrakech,MA,2024-04-19 19:03:00,2024,4,19,19,Friday,April,TRANSPORT,PHARMACIE,1,0,Dépense,Soir
TX0500584,CUST0002_SEASONAL,2024-04-20,16:25:00,Courant,ATM,Debit,166.57,0.0,ACHAT EPICERIE,BIM,Fès,MA,2024-04-20 16:25:00,2024,4,20,16,Saturday,April,ACHAT EPICERIE,BIM,1,0,Dépense,Après-midi
TX0500585,CUST0002_SEASONAL,2024-04-21,19:24:00,Courant,Virement instantané,Debit,103.49,0.0,ACHAT EPICERIE,BIM,Marrakech,MA,2024-04-21 19:24:00,2024,4,21,19,Sunday,April,ACHAT EPICERIE,BIM,1,0,Dépense,Soir
TX0500586,CUST0002_SEASONAL,2024-04-21,17:47:00,Courant,Espèces,Debit,120.2,0.0,ACHAT EPICERIE,Shell,Fès,MA,2024-04-21 17:47:00,2024,4,21,17,Sunday,April,ACHAT EPICERIE,SHELL,1,0,Dépense,Après-midi
TX0500587,CUST0002_SEASONAL,2024-04-21,15:46:00,Courant,Espèces,Debit,244.1,0.0,RETRAIT ATM,Carrefour,Rabat,MA,2024-04-21 15:46:00,2024,4,21,15,Sunday,April,RETRAIT ATM,CARREFOUR,1,0,Dépense,Après-midi
TX0500588,CUST0002_SEASONAL,2024-04-22,09:08:00,Courant,Carte,Debit,238.66,0.0,ACHAT SUPERMARCHE,Careem,Rabat,MA,2024-04-22 09:08:00,2024,4,22,9,Monday,April,ACHAT SUPERMARCHE,CAREEM,1,0,Dépense,Matin
TX0500589,CUST0002_SEASONAL,2024-04-22,15:56:00,Courant,Virement,Debit,55.95,0.0,TRANSPORT,ATM,Oujda,MA,2024-04-22 15:56:00,2024,4,22,15,Monday,April,TRANSPORT,ATM,1,0,Dépense,Après-midi
TX0500590,CUST0002_SEASONAL,2024-04-23,19:37:00,Courant,Virement,Debit,214.82,0.0,CARBURANT,Shell,Fès,MA,2024-04-23 19:37:00,2024,4,23,19,Tuesday,April,CARBURANT,SHELL,1,0,Dépense,Soir
TX0500591,CUST0002_SEASONAL,2024-04-24,18:15:00,Courant,Espèces,Debit,129.49,0.0,TRANSPORT,BIM,Agadir,MA,2024-04-24 18:15:00,2024,4,24,18,Wednesday,April,TRANSPORT,BIM,1,0,Dépense,Soir
TX0500592,CUST0002_SEASONAL,2024-04-24,19:06:00,Courant,Carte,Debit,63.62,0.0,RETRAIT ATM,Careem,Marrakech,MA,2024-04-24 19:06:00,2024,4,24,19,Wednesday,April,RETRAIT ATM,CAREEM,1,0,Dépense,Soir
TX0500593,CUST0002_SEASONAL,2024-04-24,17:21:00,Courant,ATM,Debit,169.5,0.0,CARBURANT,BIM,Marrakech,MA,2024-04-24 17:21:00,2024,4,24,17,Wednesday,April,CARBURANT,BIM,1,0,Dépense,Après-midi
TX0500594,CUST0002_SEASONAL,2024-04-25,08:06:00,Courant,Virement,Debit,83.68,0.0,ACHAT EPICERIE,Careem,Agadir,MA,2024-04-25 08:06:00,2024,4,25,8,Thursday,April,ACHAT EPICERIE,CAREEM,1,0,Dépense,Matin
TX0500595,CUST0002_SEASONAL,2024-04-25,12:35:00,Courant,ATM,Debit,216.55,0.0,ACHAT EPICERIE,Carrefour,Oujda,MA,2024-04-25 12:35:00,2024,4,25,12,Thursday,April,ACHAT EPICERIE,CARREFOUR,1,0,Dépense,Après-midi
TX0500596,CUST0002_SEASONAL,2024-04-26,18:11:00,Courant,Carte,Debit,58.5,0.0,RETRAIT ATM,Carrefour,Marrakech,MA,2024-04-26 18:11:00,2024,4,26,18,Friday,April,RETRAIT ATM,CARREFOUR,1,0,Dépense,Soir
TX0500597,CUST0002_SEASONAL,2024-04-26,17:44:00,Courant,ATM,Debit,120.27,0.0,CARBURANT,ATM,Oujda,MA,2024-04-26 17:44:00,2024,4,26,17,Friday,April,CARBURANT,ATM,1,0,Dépense,Après-midi
TX0500598,CUST0002_SEASONAL,2024-04-26,17:30:00,Courant,Virement,Debit,47.65,0.0,ACHAT SUPERMARCHE,Careem,Casablanca,MA,2024-04-26 17:30:00,2024,4,26,17,Friday,April,ACHAT SUPERMARCHE,CAREEM,1,0,Dépense,Après-midi
TX0500599,CUST0002_SEASONAL,2024-04-27,15:39:00,Courant,Espèces,Debit,177.05,0.0,ACHAT EPICERIE,ATM,Rabat,MA,2024-04-27 15:39:00,2024,4,27,15,Saturday,April,ACHAT EPICERIE,ATM,1,0,Dépense,Après-midi
TX0500600,CUST0002_SEASONAL,2024-04-27,11:12:00,Courant,ATM,Debit,108.46,0.0,ACHAT EPICERIE,Pharmacie,Oujda,MA,2024-04-27 11:12:00,2024,4,27,11,Saturday,April,ACHAT EPICERIE,PHARMACIE,1,0,Dépense,Matin
TX0500601,CUST0002_SEASONAL,2024-04-28,16:22:00,Courant,Espèces,Debit,55.47,0.0,ACHAT EPICERIE,Careem,Oujda,MA,2024-04-28 16:22:00,2024,4,28,16,Sunday,April,ACHAT EPICERIE,CAREEM,1,0,Dépense,Après-midi
TX0500602,CUST0002_SEASONAL,2024-04-28,10:16:00,Courant,Carte,Debit,53.4,0.0,CARBURANT,ATM,Rabat,MA,2024-04-28 10:16:00,2024,4,28,10,Sunday,April,CARBURANT,ATM,1,0,Dépense,Matin
TX0500603,CUST0002_SEASONAL,2024-04-28,08:54:00,Courant,Carte,Debit,130.27,0.0,CARBURANT,Careem,Fès,MA,2024-04-28 08:54:00,2024,4,28,8,Sunday,April,CARBURANT,CAREEM,1,0,Dépense,Matin
TX0500604,CUST0002_SEASONAL,2024-04-29,11:31:00,Courant,ATM,Debit,86.08,0.0,ACHAT SUPERMARCHE,Carrefour,Tanger,MA,2024-04-29 11:31:00,2024,4,29,11,Monday,April,ACHAT SUPERMARCHE,CARREFOUR,1,0,Dépense,Matin
TX0500605,CUST0002_SEASONAL,2024-04-30,08:38:00,Courant,Espèces,Debit,189.23,0.0,RETRAIT ATM,ATM,Tanger,MA,2024-04-30 08:38:00,2024,4,30,8,Tuesday,April,RETRAIT ATM,ATM,1,0,Dépense,Matin
TX0500606,CUST0002_SEASONAL,2024-04-30,17:57:00,Courant,ATM,Debit,34.64,0.0,RETRAIT ATM,Shell,Casablanca,MA,2024-04-30 17:57:00,2024,4,30,17,Tuesday,April,RETRAIT ATM,SHELL,1,0,Dépense,Après-midi
TX0500607,CUST0002_SEASONAL,2024-04-30,09:34:00,Courant,Virement,Debit,102.62,0.0,ACHAT EPICERIE,Shell,Tanger,MA,2024-04-30 09:34:00,2024,4,30,9,Tuesday,April,ACHAT EPICERIE,SHELL,1,0,Dépense,Matin
TX0500608,CUST0002_SEASONAL,2024-05-01,10:03:00,Salaire,Virement instantané,Credit,12992.0,-25664.37,virement employeur,Salaire,Fès,MA,2024-05-01 10:03:00,2024,5,1,10,Wednesday,May,VIREMENT EMPLOYEUR,SALAIRE,0,1,Revenu,Matin
TX0500610,CUST0002_SEASONAL,2024-05-01,10:03:00,Courant,Espèces,Debit,49.3,0.0,TRANSPORT,ATM,Meknès,MA,2024-05-01 10:03:00,2024,5,1,10,Wednesday,May,TRANSPORT,ATM,1,0,Dépense,Matin
TX0500610,CUST0002_SEASONAL,2024-05-01,11:49:00,Courant,Espèces,Debit,222.93,0.0,TRANSPORT,Pharmacie,Casablanca,MA,2024-05-01 11:49:00,2024,5,1,11,Wednesday,May,TRANSPORT,PHARMACIE,1,0,Dépense,Matin
TX0500611,CUST0002_SEASONAL,2024-05-02,16:06:00,Courant,ATM,Debit,199.13,0.0,ACHAT EPICERIE,Careem,Agadir,MA,2024-05-02 16:06:00,2024,5,2,16,Thursday,May,ACHAT EPICERIE,CAREEM,1,0,Dépense,Après-midi
TX0500612,CUST0002_SEASONAL,2024-05-02,14:37:00,Courant,Virement instantané,Debit,204.24,0.0,RETRAIT ATM,Shell,Tanger,MA,2024-05-02 14:37:00,2024,5,2,14,Thursday,May,RETRAIT ATM,SHELL,1,0,Dépense,Après-midi
TX0500613,CUST0002_SEASONAL,2024-05-03,14:04:00,Courant,Wallet,Debit,93.81,0.0,ACHAT SUPERMARCHE,BIM,Tanger,MA,2024-05-03 14:04:00,2024,5,3,14,Friday,May,ACHAT SUPERMARCHE,BIM,1,0,Dépense,Après-midi
TX0500614,CUST0002_SEASONAL,2024-05-03,09:35:00,Courant,Wallet,Debit,207.77,0.0,ACHAT EPICERIE,ATM,Marrakech,MA,2024-05-03 09:35:00,2024,5,3,9,Friday,May,ACHAT EPICERIE,ATM,1,0,Dépense,Matin
TX0500615,CUST0002_SEASONAL,2024-05-04,19:36:00,Courant,Wallet,Debit,116.9,0.0,CARBURANT,Shell,Marrakech,MA,2024-05-04 19:36:00,2024,5,4,19,Saturday,May,CARBURANT,SHELL,1,0,Dépense,Soir
TX0500616,CUST0002_SEASONAL,2024-05-05,14:41:00,Courant,Virement instantané,Debit,93.84,0.0,RETRAIT ATM,ATM,Casablanca,MA,2024-05-05 14:41:00,2024,5,5,14,Sunday,May,RETRAIT ATM,ATM,1,0,Dépense,Après-midi
TX0500617,CUST0002_SEASONAL,2024-05-06,16:37:00,Courant,Virement instantané,Debit,122.72,0.0,CARBURANT,Shell,Casablanca,MA,2024-05-06 16:37:00,2024,5,6,16,Monday,May,CARBURANT,SHELL,1,0,Dépense,Après-midi
TX0500618,CUST0002_SEASONAL,2024-05-06,16:54:00,Courant,Virement,Debit,208.4,0.0,RETRAIT ATM,Pharmacie,Tanger,MA,2024-05-06 16:54:00,2024,5,6,16,Monday,May,RETRAIT ATM,PHARMACIE,1,0,Dépense,Après-midi
TX0500619,CUST0002_SEASONAL,2024-05-06,14:56:00,Courant,Virement instantané,Debit,117.69,0.0,RETRAIT ATM,Careem,Agadir,MA,2024-05-06 14:56:00,2024,5,6,14,Monday,May,RETRAIT ATM,CAREEM,1,0,Dépense,Après-midi
TX0500620,CUST0002_SEASONAL,2024-05-07,16:08:00,Courant,Wallet,Debit,45.08,0.0,TRANSPORT,ATM,Tanger,MA,2024-05-07 16:08:00,2024,5,7,16,Tuesday,May,TRANSPORT,ATM,1,0,Dépense,Après-midi
TX0500621,CUST0002_SEASONAL,2024-05-07,19:37:00,Courant,Virement instantané,Debit,49.67,0.0,RETRAIT ATM,BIM,Tanger,MA,2024-05-07 19:37:00,2024,5,7,19,Tuesday,May,RETRAIT ATM,BIM,1,0,Dépense,Soir
TX0500622,CUST0002_SEASONAL,2024-05-07,09:42:00,Courant,Virement,Debit,46.32,0.0,CARBURANT,Carrefour,Marrakech,MA,2024-05-07 09:42:00,2024,5,7,9,Tuesday,May,CARBURANT,CARREFOUR,1,0,Dépense,Matin
TX0500623,CUST0002_SEASONAL,2024-05-08,13:56:00,Courant,Wallet,Debit,66.22,0.0,ACHAT SUPERMARCHE,BIM,Marrakech,MA,2024-05-08 13:56:00,2024,5,8,13,Wednesday,May,ACHAT SUPERMARCHE,BIM,1,0,Dépense,Après-midi
TX0500624,CUST0002_SEASONAL,2024-05-08,10:31:00,Courant,Espèces,Debit,188.33,0.0,ACHAT EPICERIE,ATM,Fès,MA,2024-05-08 10:31:00,2024,5,8,10,Wednesday,May,ACHAT EPICERIE,ATM,1,0,Dépense,Matin
TX0500625,CUST0002_SEASONAL,2024-05-09,14:14:00,Courant,Carte,Debit,231.83,0.0,ACHAT SUPERMARCHE,BIM,Fès,MA,2024-05-09 14:14:00,2024,5,9,14,Thursday,May,ACHAT SUPERMARCHE,BIM,1,0,Dépense,Après-midi
TX0500626,CUST0002_SEASONAL,2024-05-09,19:47:00,Courant,Wallet,Debit,240.43,0.0,RETRAIT ATM,Pharmacie,Oujda,MA,2024-05-09 19:47:00,2024,5,9,19,Thursday,May,RETRAIT ATM,PHARMACIE,1,0,Dépense,Soir
TX0500627,CUST0002_SEASONAL,2024-05-10,20:01:00,Courant,Espèces,Debit,94.38,0.0,CARBURANT,ATM,Marrakech,MA,2024-05-10 20:01:00,2024,5,10,20,Friday,May,CARBURANT,ATM,1,0,Dépense,Soir
TX0500628,CUST0002_SEASONAL,2024-05-10,16:10:00,Courant,Virement,Debit,189.94,0.0,ACHAT EPICERIE,Carrefour,Oujda,MA,2024-05-10 16:10:00,2024,5,10,16,Friday,May,ACHAT EPICERIE,CARREFOUR,1,0,Dépense,Après-midi
TX0500629,CUST0002_SEASONAL,2024-05-11,18:06:00,Courant,Virement,Debit,171.6,0.0,ACHAT SUPERMARCHE,ATM,Fès,MA,2024-05-11 18:06:00,2024,5,11,18,Saturday,May,ACHAT SUPERMARCHE,ATM,1,0,Dépense,Soir
TX0500630,CUST0002_SEASONAL,2024-05-11,15:48:00,Courant,Virement instantané,Debit,185.58,0.0,RETRAIT ATM,Shell,Tanger,MA,2024-05-11 15:48:00,2024,5,11,15,Saturday,May,RETRAIT ATM,SHELL,1,0,Dépense,Après-midi
TX0500631,CUST0002_SEASONAL,2024-05-11,16:11:00,Courant,Espèces,Debit,131.3,0.0,TRANSPORT,ATM,Rabat,MA,2024-05-11 16:11:00,2024,5,11,16,Saturday,May,TRANSPORT,ATM,1,0,Dépense,Après-midi
TX0500632,CUST0002_SEASONAL,2024-05-12,20:01:00,Courant,Espèces,Debit,50.32,0.0,RETRAIT ATM,BIM,Rabat,MA,2024-05-12 20:01:00,2024,5,12,20,Sunday,May,RETRAIT ATM,BIM,1,0,Dépense,Soir
TX0500633,CUST0002_SEASONAL,2024-05-12,15:48:00,Courant,ATM,Debit,230.91,0.0,ACHAT SUPERMARCHE,Shell,Oujda,MA,2024-05-12 15:48:00,2024,5,12,15,Sunday,May,ACHAT SUPERMARCHE,SHELL,1,0,Dépense,Après-midi
TX0500634,CUST0002_SEASONAL,2024-05-12,09:26:00,Courant,Wallet,Debit,183.99,0.0,ACHAT SUPERMARCHE,Pharmacie,Meknès,MA,2024-05-12 09:26:00,2024,5,12,9,Sunday,May,ACHAT SUPERMARCHE,PHARMACIE,1,0,Dépense,Matin
TX0500635,CUST0002_SEASONAL,2024-05-12,09:26:00,Courant,ATM,Debit,135.17,0.0,RETRAIT ATM,BIM,Meknès,MA,2024-05-12 09:26:00,2024,5,12,9,Sunday,May,RETRAIT ATM,BIM,1,0,Dépense,Matin
TX0500636,CUST0002_SEASONAL,2024-05-13,14:32:00,Courant,Virement,Debit,172.67,0.0,CARBURANT,Carrefour,Casablanca,MA,2024-05-13 14:32:00,2024,5,13,14,Monday,May,CARBURANT,CARREFOUR,1,0,Dépense,Après-midi
TX0500637,CUST0002_SEASONAL,2024-05-13,15:36:00,Courant,Wallet,Debit,193.8,0.0,RETRAIT ATM,Pharmacie,Oujda,MA,2024-05-13 15:36:00,2024,5,13,15,Monday,May,RETRAIT ATM,PHARMACIE,1,0,Dépense,Après-midi
TX0500638,CUST0002_SEASONAL,2024-05-14,17:47:00,Courant,Wallet,Debit,97.36,0.0,CARBURANT,ATM,Tanger,MA,2024-05-14 17:47:00,2024,5,14,17,Tuesday,May,CARBURANT,ATM,1,0,Dépense,Après-midi
TX0500639,CUST0002_SEASONAL,2024-05-14,19:51:00,Courant,ATM,Debit,89.91,0.0,ACHAT SUPERMARCHE,Pharmacie,Casablanca,MA,2024-05-14 19:51:00,2024,5,14,19,Tuesday,May,ACHAT SUPERMARCHE,PHARMACIE,1,0,Dépense,Soir
TX0500640,CUST0002_SEASONAL,2024-05-15,08:18:00,Courant,Espèces,Debit,108.87,0.0,RETRAIT ATM,Shell,Tanger,MA,2024-05-15 08:18:00,2024,5,15,8,Wednesday,May,RETRAIT ATM,SHELL,1,0,Dépense,Matin
TX0500641,CUST0002_SEASONAL,2024-05-15,12:42:00,Courant,Virement,Debit,153.45,0.0,ACHAT EPICERIE,Carrefour,Casablanca,MA,2024-05-15 12:42:00,2024,5,15,12,Wednesday,May,ACHAT EPICERIE,CARREFOUR,1,0,Dépense,Après-midi
TX0500642,CUST0002_SEASONAL,2024-05-15,15:57:00,Courant,ATM,Debit,48.47,0.0,ACHAT SUPERMARCHE,ATM,Agadir,MA,2024-05-15 15:57:00,2024,5,15,15,Wednesday,May,ACHAT SUPERMARCHE,ATM,1,0,Dépense,Après-midi
TX0500643,CUST0002_SEASONAL,2024-05-16,15:39:00,Courant,Virement,Debit,130.95,0.0,ACHAT EPICERIE,Pharmacie,Casablanca,MA,2024-05-16 15:39:00,2024,5,16,15,Thursday,May,ACHAT EPICERIE,PHARMACIE,1,0,Dépense,Après-midi
TX0500644,CUST0002_SEASONAL,2024-05-16,18:22:00,Courant,Carte,Debit,179.77,0.0,ACHAT SUPERMARCHE,ATM,Rabat,MA,2024-05-16 18:22:00,2024,5,16,18,Thursday,May,ACHAT SUPERMARCHE,ATM,1,0,Dépense,Soir
TX0500645,CUST0002_SEASONAL,2024-05-16,17:00:00,Courant,Espèces,Debit,72.62,0.0,CARBURANT,Carrefour,Fès,MA,2024-05-16 17:00:00,2024,5,16,17,Thursday,May,CARBURANT,CARREFOUR,1,0,Dépense,Après-midi
TX0500646,CUST0002_SEASONAL,2024-05-17,08:24:00,Courant,Wallet,Debit,83.24,0.0,ACHAT SUPERMARCHE,Pharmacie,Tanger,MA,2024-05-17 08:24:00,2024,5,17,8,Friday,May,ACHAT SUPERMARCHE,PHARMACIE,1,0,Dépense,Matin
TX0500647,CUST0002_SEASONAL,2024-05-17,16:55:00,Courant,Virement instantané,Debit,211.93,0.0,TRANSPORT,Careem,Meknès,MA,2024-05-17 16:55:00,2024,5,17,16,Friday,May,TRANSPORT,CAREEM,1,0,Dépense,Après-midi
TX0500648,CUST0002_SEASONAL,2024-05-17,08:57:00,Courant,Carte,Debit,113.18,0.0,TRANSPORT,Pharmacie,Rabat,MA,2024-05-17 08:57:00,2024,5,17,8,Friday,May,TRANSPORT,PHARMACIE,1,0,Dépense,Matin
TX0500649,CUST0002_SEASONAL,2024-05-18,19:55:00,Courant,Espèces,Debit,62.81,0.0,TRANSPORT,BIM,Agadir,MA,2024-05-18 19:55:00,2024,5,18,19,Saturday,May,TRANSPORT,BIM,1,0,Dépense,Soir
TX0500650,CUST0002_SEASONAL,2024-05-19,10:49:00,Courant,Virement instantané,Debit,135.93,0.0,TRANSPORT,BIM,Casablanca,MA,2024-05-19 10:49:00,2024,5,19,10,Sunday,May,TRANSPORT,BIM,1,0,Dépense,Matin
TX0500651,CUST0002_SEASONAL,2024-05-19,17:20:00,Courant,Carte,Debit,224.91,0.0,TRANSPORT,ATM,Casablanca,MA,2024-05-19 17:20:00,2024,5,19,17,Sunday,May,TRANSPORT,ATM,1,0,Dépense,Après-midi
TX0500652,CUST0002_SEASONAL,2024-05-20,10:44:00,Courant,Espèces,Debit,211.42,0.0,ACHAT EPICERIE,Pharmacie,Agadir,MA,2024-05-20 10:44:00,2024,5,20,10,Monday,May,ACHAT EPICERIE,PHARMACIE,1,0,Dépense,Matin
TX0500653,CUST0002_SEASONAL,2024-05-20,12:30:00,Courant,ATM,Debit,175.55,0.0,CARBURANT,Shell,Agadir,MA,2024-05-20 12:30:00,2024,5,20,12,Monday,May,CARBURANT,SHELL,1,0,Dépense,Après-midi
TX0500654,CUST0002_SEASONAL,2024-05-21,10:45:00,Courant,Espèces,Debit,218.95,0.0,RETRAIT ATM,Careem,Agadir,MA,2024-05-21 10:45:00,2024,5,21,10,Tuesday,May,RETRAIT ATM,CAREEM,1,0,Dépense,Matin
TX0500655,CUST0002_SEASONAL,2024-05-21,09:56:00,Courant,Virement instantané,Debit,213.91,0.0,ACHAT EPICERIE,Carrefour,Meknès,MA,2024-05-21 09:56:00,2024,5,21,9,Tuesday,May,ACHAT EPICERIE,CARREFOUR,1,0,Dépense,Matin
TX0500656,CUST0002_SEASONAL,2024-05-21,13:54:00,Courant,ATM,Debit,196.34,0.0,RETRAIT ATM,ATM,Meknès,MA,2024-05-21 13:54:00,2024,5,21,13,Tuesday,May,RETRAIT ATM,ATM,1,0,Dépense,Après-midi
TX0500657,CUST0002_SEASONAL,2024-05-22,14:28:00,Courant,Carte,Debit,145.51,0.0,TRANSPORT,Shell,Oujda,MA,2024-05-22 14:28:00,2024,5,22,14,Wednesday,May,TRANSPORT,SHELL,1,0,Dépense,Après-midi
TX0500658,CUST0002_SEASONAL,2024-05-22,08:23:00,Courant,ATM,Debit,224.84,0.0,TRANSPORT,Pharmacie,Fès,MA,2024-05-22 08:23:00,2024,5,22,8,Wednesday,May,TRANSPORT,PHARMACIE,1,0,Dépense,Matin
TX0500659,CUST0002_SEASONAL,2024-05-23,15:04:00,Courant,Virement instantané,Debit,139.67,0.0,CARBURANT,Carrefour,Agadir,MA,2024-05-23 15:04:00,2024,5,23,15,Thursday,May,CARBURANT,CARREFOUR,1,0,Dépense,Après-midi
TX0500660,CUST0002_SEASONAL,2024-05-23,19:55:00,Courant,Virement instantané,Debit,164.92,0.0,ACHAT EPICERIE,Pharmacie,Agadir,MA,2024-05-23 19:55:00,2024,5,23,19,Thursday,May,ACHAT EPICERIE,PHARMACIE,1,0,Dépense,Soir
TX0500661,CUST0002_SEASONAL,2024-05-24,10:25:00,Courant,Virement instantané,Debit,132.44,0.0,CARBURANT,BIM,Fès,MA,2024-05-24 10:25:00,2024,5,24,10,Friday,May,CARBURANT,BIM,1,0,Dépense,Matin
TX0500662,CUST0002_SEASONAL,2024-05-24,09:18:00,Courant,Carte,Debit,191.99,0.0,ACHAT SUPERMARCHE,Shell,Casablanca,MA,2024-05-24 09:18:00,2024,5,24,9,Friday,May,ACHAT SUPERMARCHE,SHELL,1,0,Dépense,Matin
TX0500663,CUST0002_SEASONAL,2024-05-25,11:02:00,Courant,Virement,Debit,127.03,0.0,ACHAT EPICERIE,Careem,Meknès,MA,2024-05-25 11:02:00,2024,5,25,11,Saturday,May,ACHAT EPICERIE,CAREEM,1,0,Dépense,Matin
TX0500664,CUST0002_SEASONAL,2024-05-25,15:27:00,Courant,Carte,Debit,154.69,0.0,ACHAT SUPERMARCHE,ATM,Tanger,MA,2024-05-25 15:27:00,2024,5,25,15,Saturday,May,ACHAT SUPERMARCHE,ATM,1,0,Dépense,Après-midi
TX0500665,CUST0002_SEASONAL,2024-05-26,16:39:00,Courant,Wallet,Debit,93.43,0.0,ACHAT SUPERMARCHE,Carrefour,Rabat,MA,2024-05-26 16:39:00,2024,5,26,16,Sunday,May,ACHAT SUPERMARCHE,CARREFOUR,1,0,Dépense,Après-midi
TX0500666,CUST0002_SEASONAL,2024-05-26,13:45:00,Courant,Wallet,Debit,229.7,0.0,ACHAT EPICERIE,Pharmacie,Rabat,MA,2024-05-26 13:45:00,2024,5,26,13,Sunday,May,ACHAT EPICERIE,PHARMACIE,1,0,Dépense,Après-midi
TX0500667,CUST0002_SEASONAL,2024-05-26,08:41:00,Courant,Espèces,Debit,235.44,0.0,ACHAT EPICERIE,ATM,Marrakech,MA,2024-05-26 08:41:00,2024,5,26,8,Sunday,May,ACHAT EPICERIE,ATM,1,0,Dépense,Matin
TX0500668,CUST0002_SEASONAL,2024-05-27,20:08:00,Courant,Espèces,Debit,245.44,0.0,ACHAT EPICERIE,Shell,Tanger,MA,2024-05-27 20:08:00,2024,5,27,20,Monday,May,ACHAT EPICERIE,SHELL,1,0,Dépense,Soir
TX0500669,CUST0002_SEASONAL,2024-05-27,18:04:00,Courant,Virement,Debit,52.56,0.0,CARBURANT,Shell,Meknès,MA,2024-05-27 18:04:00,2024,5,27,18,Monday,May,CARBURANT,SHELL,1,0,Dépense,Soir
TX0500670,CUST0002_SEASONAL,2024-05-27,11:57:00,Courant,Virement,Debit,86.06,0.0,TRANSPORT,Pharmacie,Fès,MA,2024-05-27 11:57:00,2024,5,27,11,Monday,May,TRANSPORT,PHARMACIE,1,0,Dépense,Matin
TX0500671,CUST0002_SEASONAL,2024-05-28,15:15:00,Courant,Carte,Debit,162.15,0.0,ACHAT SUPERMARCHE,Careem,Meknès,MA,2024-05-28 15:15:00,2024,5,28,15,Tuesday,May,ACHAT SUPERMARCHE,CAREEM,1,0,Dépense,Après-midi
TX0500672,CUST0002_SEASONAL,2024-05-28,18:49:00,Courant,Carte,Debit,174.52,0.0,RETRAIT ATM,Pharmacie,Marrakech,MA,2024-05-28 18:49:00,2024,5,28,18,Tuesday,May,RETRAIT ATM,PHARMACIE,1,0,Dépense,Soir
TX0500673,CUST0002_SEASONAL,2024-05-29,08:49:00,Courant,Espèces,Debit,175.42,0.0,ACHAT EPICERIE,BIM,Tanger,MA,2024-05-29 08:49:00,2024,5,29,8,Wednesday,May,ACHAT EPICERIE,BIM,1,0,Dépense,Matin
TX0500674,CUST0002_SEASONAL,2024-05-29,12:11:00,Courant,Virement,Debit,197.67,0.0,ACHAT EPICERIE,Pharmacie,Oujda,MA,2024-05-29 12:11:00,2024,5,29,12,Wednesday,May,ACHAT EPICERIE,PHARMACIE,1,0,Dépense,Après-midi
TX0500675,CUST0002_SEASONAL,2024-05-30,16:07:00,Courant,Wallet,Debit,239.12,0.0,RETRAIT ATM,Shell,Tanger,MA,2024-05-30 16:07:00,2024,5,30,16,Thursday,May,RETRAIT ATM,SHELL,1,0,Dépense,Après-midi
TX0500676,CUST0002_SEASONAL,2024-05-30,12:26:00,Courant,Wallet,Debit,81.12,0.0,ACHAT EPICERIE,Careem,Meknès,MA,2024-05-30 12:26:00,2024,5,30,12,Thursday,May,ACHAT EPICERIE,CAREEM,1,0,Dépense,Après-midi
TX0500677,CUST0002_SEASONAL,2024-05-30,09:15:00,Courant,Wallet,Debit,97.71,0.0,ACHAT SUPERMARCHE,BIM,Fès,MA,2024-05-30 09:15:00,2024,5,30,9,Thursday,May,ACHAT SUPERMARCHE,BIM,1,0,Dépense,Matin
TX0500678,CUST0002_SEASONAL,2024-05-31,13:17:00,Courant,Espèces,Debit,204.5,0.0,ACHAT EPICERIE,Pharmacie,Oujda,MA,2024-05-31 13:17:00,2024,5,31,13,Friday,May,ACHAT EPICERIE,PHARMACIE,1,0,Dépense,Après-midi
TX0500679,CUST0002_SEASONAL,2024-05-31,16:34:00,Courant,ATM,Debit,185.78,0.0,ACHAT EPICERIE,BIM,Marrakech,MA,2024-05-31 16:34:00,2024,5,31,16,Friday,May,ACHAT EPICERIE,BIM,1,0,Dépense,Après-midi
TX0500680,CUST0002_SEASONAL,2024-06-01,14:42:00,Salaire,Virement instantané,Credit,12632.0,-23747.91,virement employeur,Salaire,Rabat,MA,2024-06-01 14:42:00,2024,6,1,14,Saturday,June,VIREMENT EMPLOYEUR,SALAIRE,0,1,Revenu,Après-midi
TX0500682,CUST0002_SEASONAL,2024-06-01,14:42:00,Courant,ATM,Debit,249.07,0.0,CARBURANT,Pharmacie,Meknès,MA,2024-06-01 14:42:00,2024,6,1,14,Saturday,June,CARBURANT,PHARMACIE,1,0,Dépense,Après-midi
TX0500682,CUST0002_SEASONAL,2024-06-01,10:16:00,Courant,Carte,Debit,42.86,0.0,ACHAT SUPERMARCHE,Carrefour,Rabat,MA,2024-06-01 10:16:00,2024,6,1,10,Saturday,June,ACHAT SUPERMARCHE,CARREFOUR,1,0,Dépense,Matin
TX0500683,CUST0002_SEASONAL,2024-06-02,08:31:00,Courant,Virement instantané,Debit,139.54,0.0,CARBURANT,Carrefour,Marrakech,MA,2024-06-02 08:31:00,2024,6,2,8,Sunday,June,CARBURANT,CARREFOUR,1,0,Dépense,Matin
TX0500684,CUST0002_SEASONAL,2024-06-02,12:04:00,Courant,Wallet,Debit,154.48,0.0,RETRAIT ATM,Carrefour,Tanger,MA,2024-06-02 12:04:00,2024,6,2,12,Sunday,June,RETRAIT ATM,CARREFOUR,1,0,Dépense,Après-midi
TX0500685,CUST0002_SEASONAL,2024-06-02,19:41:00,Courant,Virement,Debit,177.94,0.0,TRANSPORT,BIM,Tanger,MA,2024-06-02 19:41:00,2024,6,2,19,Sunday,June,TRANSPORT,BIM,1,0,Dépense,Soir
TX0500686,CUST0002_SEASONAL,2024-06-03,18:39:00,Courant,ATM,Debit,190.67,0.0,CARBURANT,Shell,Meknès,MA,2024-06-03 18:39:00,2024,6,3,18,Monday,June,CARBURANT,SHELL,1,0,Dépense,Soir
TX0500687,CUST0002_SEASONAL,2024-06-04,14:13:00,Courant,Virement,Debit,97.46,0.0,TRANSPORT,BIM,Rabat,MA,2024-06-04 14:13:00,2024,6,4,14,Tuesday,June,TRANSPORT,BIM,1,0,Dépense,Après-midi
TX0500688,CUST0002_SEASONAL,2024-06-04,19:05:00,Courant,Virement instantané,Debit,153.68,0.0,ACHAT EPICERIE,Carrefour,Tanger,MA,2024-06-04 19:05:00,2024,6,4,19,Tuesday,June,ACHAT EPICERIE,CARREFOUR,1,0,Dépense,Soir
TX0500689,CUST0002_SEASONAL,2024-06-05,14:51:00,Courant,ATM,Debit,89.02,0.0,ACHAT SUPERMARCHE,Carrefour,Fès,MA,2024-06-05 14:51:00,2024,6,5,14,Wednesday,June,ACHAT SUPERMARCHE,CARREFOUR,1,0,Dépense,Après-midi
TX0500690,CUST0002_SEASONAL,2024-06-05,15:46:00,Courant,Wallet,Debit,86.23,0.0,ACHAT SUPERMARCHE,BIM,Casablanca,MA,2024-06-05 15:46:00,2024,6,5,15,Wednesday,June,ACHAT SUPERMARCHE,BIM,1,0,Dépense,Après-midi
TX0500691,CUST0002_SEASONAL,2024-06-05,13:29:00,Courant,Virement instantané,Debit,67.37,0.0,CARBURANT,Careem,Rabat,MA,2024-06-05 13:29:00,2024,6,5,13,Wednesday,June,CARBURANT,CAREEM,1,0,Dépense,Après-midi
TX0500692,CUST0002_SEASONAL,2024-06-06,08:44:00,Courant,Espèces,Debit,44.67,0.0,TRANSPORT,Shell,Fès,MA,2024-06-06 08:44:00,2024,6,6,8,Thursday,June,TRANSPORT,SHELL,1,0,Dépense,Matin
TX0500693,CUST0002_SEASONAL,2024-06-06,11:57:00,Courant,ATM,Debit,134.7,0.0,ACHAT EPICERIE,Careem,Rabat,MA,2024-06-06 11:57:00,2024,6,6,11,Thursday,June,ACHAT EPICERIE,CAREEM,1,0,Dépense,Matin
TX0500694,CUST0002_SEASONAL,2024-06-07,13:35:00,Courant,Wallet,Debit,170.97,0.0,ACHAT SUPERMARCHE,Pharmacie,Rabat,MA,2024-06-07 13:35:00,2024,6,7,13,Friday,June,ACHAT SUPERMARCHE,PHARMACIE,1,0,Dépense,Après-midi
TX0500695,CUST0002_SEASONAL,2024-06-07,10:37:00,Courant,Virement instantané,Debit,118.16,0.0,TRANSPORT,Shell,Marrakech,MA,2024-06-07 10:37:00,2024,6,7,10,Friday,June,TRANSPORT,SHELL,1,0,Dépense,Matin
TX0500696,CUST0002_SEASONAL,2024-06-08,15:13:00,Courant,Virement,Debit,81.48,0.0,RETRAIT ATM,ATM,Fès,MA,2024-06-08 15:13:00,2024,6,8,15,Saturday,June,RETRAIT ATM,ATM,1,0,Dépense,Après-midi
TX0500697,CUST0002_SEASONAL,2024-06-08,15:47:00,Courant,Carte,Debit,58.41,0.0,ACHAT SUPERMARCHE,BIM,Casablanca,MA,2024-06-08 15:47:00,2024,6,8,15,Saturday,June,ACHAT SUPERMARCHE,BIM,1,0,Dépense,Après-midi
TX0500698,CUST0002_SEASONAL,2024-06-08,15:33:00,Courant,Virement instantané,Debit,128.85,0.0,ACHAT EPICERIE,BIM,Meknès,MA,2024-06-08 15:33:00,2024,6,8,15,Saturday,June,ACHAT EPICERIE,BIM,1,0,Dépense,Après-midi
TX0500699,CUST0002_SEASONAL,2024-06-08,15:33:00,Courant,Virement instantané,Debit,185.08,0.0,ACHAT EPICERIE,Shell,Tanger,MA,2024-06-08 15:33:00,2024,6,8,15,Saturday,June,ACHAT EPICERIE,SHELL,1,0,Dépense,Après-midi
TX0500700,CUST0002_SEASONAL,2024-06-09,19:50:00,Courant,Virement,Debit,145.31,0.0,RETRAIT ATM,Shell,Oujda,MA,2024-06-09 19:50:00,2024,6,9,19,Sunday,June,RETRAIT ATM,SHELL,1,0,Dépense,Soir
TX0500701,CUST0002_SEASONAL,2024-06-09,18:53:00,Courant,Virement,Debit,47.36,0.0,ACHAT SUPERMARCHE,BIM,Meknès,MA,2024-06-09 18:53:00,2024,6,9,18,Sunday,June,ACHAT SUPERMARCHE,BIM,1,0,Dépense,Soir
TX0500702,CUST0002_SEASONAL,2024-06-10,10:22:00,Courant,ATM,Debit,128.2,0.0,CARBURANT,Shell,Rabat,MA,2024-06-10 10:22:00,2024,6,10,10,Monday,June,CARBURANT,SHELL,1,0,Dépense,Matin
TX0500703,CUST0002_SEASONAL,2024-06-10,19:28:00,Courant,Carte,Debit,99.32,0.0,CARBURANT,Careem,Meknès,MA,2024-06-10 19:28:00,2024,6,10,19,Monday,June,CARBURANT,CAREEM,1,0,Dépense,Soir
TX0500704,CUST0002_SEASONAL,2024-06-10,13:52:00,Courant,Carte,Debit,85.21,0.0,TRANSPORT,Carrefour,Marrakech,MA,2024-06-10 13:52:00,2024,6,10,13,Monday,June,TRANSPORT,CARREFOUR,1,0,Dépense,Après-midi
TX0500705,CUST0002_SEASONAL,2024-06-11,16:45:00,Courant,ATM,Debit,239.32,0.0,RETRAIT ATM,Pharmacie,Oujda,MA,2024-06-11 16:45:00,2024,6,11,16,Tuesday,June,RETRAIT ATM,PHARMACIE,1,0,Dépense,Après-midi
TX0500706,CUST0002_SEASONAL,2024-06-11,10:11:00,Courant,Wallet,Debit,189.27,0.0,CARBURANT,Pharmacie,Marrakech,MA,2024-06-11 10:11:00,2024,6,11,10,Tuesday,June,CARBURANT,PHARMACIE,1,0,Dépense,Matin
TX0500707,CUST0002_SEASONAL,2024-06-12,15:07:00,Courant,Virement,Debit,248.69,0.0,CARBURANT,Careem,Casablanca,MA,2024-06-12 15:07:00,2024,6,12,15,Wednesday,June,CARBURANT,CAREEM,1,0,Dépense,Après-midi
TX0500708,CUST0002_SEASONAL,2024-06-12,10:46:00,Courant,Virement instantané,Debit,52.76,0.0,RETRAIT ATM,Careem,Fès,MA,2024-06-12 10:46:00,2024,6,12,10,Wednesday,June,RETRAIT ATM,CAREEM,1,0,Dépense,Matin
TX0500709,CUST0002_SEASONAL,2024-06-13,14:29:00,Courant,Carte,Debit,170.47,0.0,RETRAIT ATM,Pharmacie,Tanger,MA,2024-06-13 14:29:00,2024,6,13,14,Thursday,June,RETRAIT ATM,PHARMACIE,1,0,Dépense,Après-midi
TX0500710,CUST0002_SEASONAL,2024-06-14,10:51:00,Courant,Carte,Debit,205.86,0.0,ACHAT SUPERMARCHE,BIM,Fès,MA,2024-06-14 10:51:00,2024,6,14,10,Friday,June,ACHAT SUPERMARCHE,BIM,1,0,Dépense,Matin
TX0500711,CUST0002_SEASONAL,2024-06-14,12:57:00,Courant,ATM,Debit,100.96,0.0,RETRAIT ATM,Pharmacie,Agadir,MA,2024-06-14 12:57:00,2024,6,14,12,Friday,June,RETRAIT ATM,PHARMACIE,1,0,Dépense,Après-midi
TX0500712,CUST0002_SEASONAL,2024-06-14,13:41:00,Courant,Carte,Debit,135.83,0.0,CARBURANT,ATM,Meknès,MA,2024-06-14 13:41:00,2024,6,14,13,Friday,June,CARBURANT,ATM,1,0,Dépense,Après-midi
TX0500713,CUST0002_SEASONAL,2024-06-15,08:13:00,Courant,Carte,Debit,39.83,0.0,ACHAT EPICERIE,Pharmacie,Rabat,MA,2024-06-15 08:13:00,2024,6,15,8,Saturday,June,ACHAT EPICERIE,PHARMACIE,1,0,Dépense,Matin
TX0500714,CUST0002_SEASONAL,2024-06-15,19:24:00,Courant,Espèces,Debit,131.7,0.0,ACHAT EPICERIE,Carrefour,Tanger,MA,2024-06-15 19:24:00,2024,6,15,19,Saturday,June,ACHAT EPICERIE,CARREFOUR,1,0,Dépense,Soir
TX0500715,CUST0002_SEASONAL,2024-06-16,14:09:00,Courant,Carte,Debit,194.51,0.0,TRANSPORT,Careem,Casablanca,MA,2024-06-16 14:09:00,2024,6,16,14,Sunday,June,TRANSPORT,CAREEM,1,0,Dépense,Après-midi
TX0500716,CUST0002_SEASONAL,2024-06-16,12:50:00,Courant,Carte,Debit,183.54,0.0,RETRAIT ATM,Pharmacie,Rabat,MA,2024-06-16 12:50:00,2024,6,16,12,Sunday,June,RETRAIT ATM,PHARMACIE,1,0,Dépense,Après-midi
TX0500717,CUST0003_SEASONAL,2024-01-01,11:42:00,Salaire,Virement instantané,Credit,11285.0,28498.0,virement employeur,Salaire,Marrakech,MA,2024-01-01 11:42:00,2024,1,1,11,Monday,January,VIREMENT EMPLOYEUR,SALAIRE,0,1,Revenu,Matin
TX0500719,CUST0003_SEASONAL,2024-01-01,11:42:00,Courant,Carte,Debit,44.8,28453.2,RETRAIT ATM,BIM,Rabat,MA,2024-01-01 11:42:00,2024,1,1,11,Monday,January,RETRAIT ATM,BIM,1,0,Dépense,Matin
TX0500719,CUST0003_SEASONAL,2024-01-01,17:21:00,Courant,Wallet,Debit,236.4,28216.8,CARBURANT,ATM,Casablanca,MA,2024-01-01 17:21:00,2024,1,1,17,Monday,January,CARBURANT,ATM,1,0,Dépense,Après-midi
TX0500720,CUST0003_SEASONAL,2024-01-02,10:35:00,Courant,Espèces,Debit,206.91,28009.89,ACHAT SUPERMARCHE,Careem,Tanger,MA,2024-01-02 10:35:00,2024,1,2,10,Tuesday,January,ACHAT SUPERMARCHE,CAREEM,1,0,Dépense,Matin
TX0500721,CUST0003_SEASONAL,2024-01-02,13:54:00,Courant,Wallet,Debit,127.6,27882.28,CARBURANT,ATM,Agadir,MA,2024-01-02 13:54:00,2024,1,2,13,Tuesday,January,CARBURANT,ATM,1,0,Dépense,Après-midi
TX0500722,CUST0003_SEASONAL,2024-01-03,18:31:00,Courant,Carte,Debit,200.19,27682.09,ACHAT EPICERIE,Pharmacie,Meknès,MA,2024-01-03 18:31:00,2024,1,3,18,Wednesday,January,ACHAT EPICERIE,PHARMACIE,1,0,Dépense,Soir
TX0500723,CUST0003_SEASONAL,2024-01-03,11:48:00,Courant,Wallet,Debit,187.59,27494.51,TRANSPORT,ATM,Oujda,MA,2024-01-03 11:48:00,2024,1,3,11,Wednesday,January,TRANSPORT,ATM,1,0,Dépense,Matin
TX0500724,CUST0003_SEASONAL,2024-01-04,11:44:00,Courant,Wallet,Debit,82.4,27412.11,ACHAT EPICERIE,ATM,Meknès,MA,2024-01-04 11:44:00,2024,1,4,11,Thursday,January,ACHAT EPICERIE,ATM,1,0,Dépense,Matin
TX0500725,CUST0003_SEASONAL,2024-01-05,09:26:00,Courant,Wallet,Debit,172.34,27239.77,ACHAT EPICERIE,ATM,Casablanca,MA,2024-01-05 09:26:00,2024,1,5,9,Friday,January,ACHAT EPICERIE,ATM,1,0,Dépense,Matin
TX0500726,CUST0003_SEASONAL,2024-01-05,19:08:00,Courant,Carte,Debit,249.82,26989.95,TRANSPORT,Carrefour,Tanger,MA,2024-01-05 19:08:00,2024,1,5,19,Friday,January,TRANSPORT,CARREFOUR,1,0,Dépense,Soir
TX0500727,CUST0003_SEASONAL,2024-01-05,20:53:00,Courant,Wallet,Debit,189.51,26800.43,ACHAT EPICERIE,BIM,Rabat,MA,2024-01-05 20:53:00,2024,1,5,20,Friday,January,ACHAT EPICERIE,BIM,1,0,Dépense,Soir
TX0500728,CUST0003_SEASONAL,2024-01-05,13:15:00,Courant,Wallet,Debit,105.0,26695.44,TRANSPORT,Careem,Casablanca,MA,2024-01-05 13:15:00,2024,1,5,13,Friday,January,TRANSPORT,CAREEM,1,0,Dépense,Après-midi
TX0500729,CUST0003_SEASONAL,2024-01-06,11:05:00,Courant,Espèces,Debit,226.63,26468.81,ACHAT EPICERIE,ATM,Fès,MA,2024-01-06 11:05:00,2024,1,6,11,Saturday,January,ACHAT EPICERIE,ATM,1,0,Dépense,Matin
TX0500730,CUST0003_SEASONAL,2024-01-07,20:02:00,Courant,Wallet,Debit,89.41,26379.4,TRANSPORT,Careem,Agadir,MA,2024-01-07 20:02:00,2024,1,7,20,Sunday,January,TRANSPORT,CAREEM,1,0,Dépense,Soir
TX0500731,CUST0003_SEASONAL,2024-01-07,13:58:00,Courant,Espèces,Debit,49.28,26330.12,ACHAT SUPERMARCHE,BIM,Oujda,MA,2024-01-07 13:58:00,2024,1,7,13,Sunday,January,ACHAT SUPERMARCHE,BIM,1,0,Dépense,Après-midi
TX0500732,CUST0003_SEASONAL,2024-01-08,15:48:00,Courant,Wallet,Debit,235.48,26094.64,ACHAT SUPERMARCHE,Carrefour,Oujda,MA,2024-01-08 15:48:00,2024,1,8,15,Monday,January,ACHAT SUPERMARCHE,CARREFOUR,1,0,Dépense,Après-midi
TX0500733,CUST0003_SEASONAL,2024-01-08,13:36:00,Courant,Virement,Debit,178.8,25915.85,RETRAIT ATM,Careem,Tanger,MA,2024-01-08 13:36:00,2024,1,8,13,Monday,January,RETRAIT ATM,CAREEM,1,0,Dépense,Après-midi
TX0500734,CUST0003_SEASONAL,2024-01-09,10:34:00,Courant,Virement instantané,Debit,210.19,25705.66,CARBURANT,Carrefour,Fès,MA,2024-01-09 10:34:00,2024,1,9,10,Tuesday,January,CARBURANT,CARREFOUR,1,0,Dépense,Matin
TX0500735,CUST0003_SEASONAL,2024-01-09,14:52:00,Courant,Carte,Debit,90.43,25615.23,ACHAT SUPERMARCHE,Carrefour,Rabat,MA,2024-01-09 14:52:00,2024,1,9,14,Tuesday,January,ACHAT SUPERMARCHE,CARREFOUR,1,0,Dépense,Après-midi
TX0500736,CUST0003_SEASONAL,2024-01-09,17:42:00,Courant,Virement instantané,Debit,64.99,25550.23,ACHAT EPICERIE,BIM,Tanger,MA,2024-01-09 17:42:00,2024,1,9,17,Tuesday,January,ACHAT EPICERIE,BIM,1,0,Dépense,Après-midi
TX0500737,CUST0003_SEASONAL,2024-01-10,11:00:00,Courant,Carte,Debit,114.77,25435.47,ACHAT SUPERMARCHE,BIM,Fès,MA,2024-01-10 11:00:00,2024,1,10,11,Wednesday,January,ACHAT SUPERMARCHE,BIM,1,0,Dépense,Matin
TX0500738,CUST0003_SEASONAL,2024-01-10,20:14:00,Courant,Carte,Debit,72.22,25363.25,ACHAT EPICERIE,Careem,Rabat,MA,2024-01-10 20:14:00,2024,1,10,20,Wednesday,January,ACHAT EPICERIE,CAREEM,1,0,Dépense,Soir
TX0500739,CUST0003_SEASONAL,2024-01-11,19:49:00,Courant,Virement instantané,Debit,113.03,25250.22,TRANSPORT,ATM,Casablanca,MA,2024-01-11 19:49:00,2024,1,11,19,Thursday,January,TRANSPORT,ATM,1,0,Dépense,Soir
TX0500740,CUST0003_SEASONAL,2024-01-11,13:49:00,Courant,Espèces,Debit,211.54,25038.69,TRANSPORT,Shell,Fès,MA,2024-01-11 13:49:00,2024,1,11,13,Thursday,January,TRANSPORT,SHELL,1,0,Dépense,Après-midi
TX0500741,CUST0003_SEASONAL,2024-01-12,09:55:00,Courant,Wallet,Debit,97.23,24941.45,ACHAT SUPERMARCHE,Shell,Meknès,MA,2024-01-12 09:55:00,2024,1,12,9,Friday,January,ACHAT SUPERMARCHE,SHELL,1,0,Dépense,Matin
TX0500742,CUST0003_SEASONAL,2024-01-12,12:31:00,Courant,Espèces,Debit,187.96,24753.49,ACHAT SUPERMARCHE,Pharmacie,Meknès,MA,2024-01-12 12:31:00,2024,1,12,12,Friday,January,ACHAT SUPERMARCHE,PHARMACIE,1,0,Dépense,Après-midi
TX0500743,CUST0003_SEASONAL,2024-01-13,08:12:00,Courant,Virement,Debit,94.18,24659.31,TRANSPORT,ATM,Tanger,MA,2024-01-13 08:12:00,2024,1,13,8,Saturday,January,TRANSPORT,ATM,1,0,Dépense,Matin
TX0500744,CUST0003_SEASONAL,2024-01-14,19:31:00,Courant,ATM,Debit,54.17,24605.15,ACHAT EPICERIE,Carrefour,Rabat,MA,2024-01-14 19:31:00,2024,1,14,19,Sunday,January,ACHAT EPICERIE,CARREFOUR,1,0,Dépense,Soir
TX0500745,CUST0003_SEASONAL,2024-01-14,18:12:00,Courant,ATM,Debit,76.43,24528.71,CARBURANT,ATM,Oujda,MA,2024-01-14 18:12:00,2024,1,14,18,Sunday,January,CARBURANT,ATM,1,0,Dépense,Soir
TX0500746,CUST0003_SEASONAL,2024-01-15,08:45:00,Courant,Espèces,Debit,38.31,24490.4,TRANSPORT,Shell,Rabat,MA,2024-01-15 08:45:00,2024,1,15,8,Monday,January,TRANSPORT,SHELL,1,0,Dépense,Matin
TX0500747,CUST0003_SEASONAL,2024-01-15,15:41:00,Courant,Virement,Debit,38.72,24451.68,TRANSPORT,Careem,Oujda,MA,2024-01-15 15:41:00,2024,1,15,15,Monday,January,TRANSPORT,CAREEM,1,0,Dépense,Après-midi
TX0500748,CUST0003_SEASONAL,2024-01-16,09:14:00,Courant,Wallet,Debit,46.97,24404.71,TRANSPORT,BIM,Fès,MA,2024-01-16 09:14:00,2024,1,16,9,Tuesday,January,TRANSPORT,BIM,1,0,Dépense,Matin
TX0500749,CUST0003_SEASONAL,2024-01-16,17:24:00,Courant,Virement instantané,Debit,49.65,24355.06,ACHAT SUPERMARCHE,Careem,Casablanca,MA,2024-01-16 17:24:00,2024,1,16,17,Tuesday,January,ACHAT SUPERMARCHE,CAREEM,1,0,Dépense,Après-midi
TX0500750,CUST0003_SEASONAL,2024-01-16,15:06:00,Courant,Wallet,Debit,223.66,24131.4,TRANSPORT,Shell,Fès,MA,2024-01-16 15:06:00,2024,1,16,15,Tuesday,January,TRANSPORT,SHELL,1,0,Dépense,Après-midi
TX0500751,CUST0003_SEASONAL,2024-01-17,10:55:00,Courant,Virement instantané,Debit,180.54,23950.86,CARBURANT,Pharmacie,Fès,MA,2024-01-17 10:55:00,2024,1,17,10,Wednesday,January,CARBURANT,PHARMACIE,1,0,Dépense,Matin
TX0500752,CUST0003_SEASONAL,2024-01-17,09:03:00,Courant,Virement,Debit,238.48,23712.38,CARBURANT,Pharmacie,Fès,MA,2024-01-17 09:03:00,2024,1,17,9,Wednesday,January,CARBURANT,PHARMACIE,1,0,Dépense,Matin
TX0500753,CUST0003_SEASONAL,2024-01-18,08:31:00,Courant,Virement instantané,Debit,109.4,23602.98,ACHAT EPICERIE,Carrefour,Meknès,MA,2024-01-18 08:31:00,2024,1,18,8,Thursday,January,ACHAT EPICERIE,CARREFOUR,1,0,Dépense,Matin
TX0500754,CUST0003_SEASONAL,2024-01-18,14:08:00,Courant,Espèces,Debit,113.05,23489.93,ACHAT EPICERIE,Carrefour,Oujda,MA,2024-01-18 14:08:00,2024,1,18,14,Thursday,January,ACHAT EPICERIE,CARREFOUR,1,0,Dépense,Après-midi
TX0500755,CUST0003_SEASONAL,2024-01-19,20:04:00,Courant,Carte,Debit,43.04,23446.89,CARBURANT,Pharmacie,Rabat,MA,2024-01-19 20:04:00,2024,1,19,20,Friday,January,CARBURANT,PHARMACIE,1,0,Dépense,Soir
TX0500756,CUST0003_SEASONAL,2024-01-19,13:55:00,Courant,Espèces,Debit,61.58,23385.3,RETRAIT ATM,Pharmacie,Fès,MA,2024-01-19 13:55:00,2024,1,19,13,Friday,January,RETRAIT ATM,PHARMACIE,1,0,Dépense,Après-midi
TX0500757,CUST0003_SEASONAL,2024-01-19,08:52:00,Courant,Carte,Debit,211.79,23173.51,CARBURANT,BIM,Oujda,MA,2024-01-19 08:52:00,2024,1,19,8,Friday,January,CARBURANT,BIM,1,0,Dépense,Matin
TX0500758,CUST0003_SEASONAL,2024-01-20,20:09:00,Courant,Carte,Debit,69.38,23104.13,CARBURANT,Shell,Marrakech,MA,2024-01-20 20:09:00,2024,1,20,20,Saturday,January,CARBURANT,SHELL,1,0,Dépense,Soir
TX0500759,CUST0003_SEASONAL,2024-01-20,20:19:00,Courant,Espèces,Debit,92.79,23011.34,ACHAT EPICERIE,BIM,Fès,MA,2024-01-20 20:19:00,2024,1,20,20,Saturday,January,ACHAT EPICERIE,BIM,1,0,Dépense,Soir
TX0500760,CUST0003_SEASONAL,2024-01-20,12:34:00,Courant,Wallet,Debit,83.48,22927.86,ACHAT SUPERMARCHE,BIM,Tanger,MA,2024-01-20 12:34:00,2024,1,20,12,Saturday,January,ACHAT SUPERMARCHE,BIM,1,0,Dépense,Après-midi
TX0500761,CUST0003_SEASONAL,2024-01-21,14:46:00,Courant,Carte,Debit,166.98,22760.88,CARBURANT,Carrefour,Oujda,MA,2024-01-21 14:46:00,2024,1,21,14,Sunday,January,CARBURANT,CARREFOUR,1,0,Dépense,Après-midi
TX0500762,CUST0003_SEASONAL,2024-01-21,13:44:00,Courant,Carte,Debit,106.67,22654.21,ACHAT EPICERIE,Careem,Fès,MA,2024-01-21 13:44:00,2024,1,21,13,Sunday,January,ACHAT EPICERIE,CAREEM,1,0,Dépense,Après-midi
TX0500763,CUST0003_SEASONAL,2024-01-21,09:03:00,Courant,Virement,Debit,196.79,22457.42,CARBURANT,Careem,Rabat,MA,2024-01-21 09:03:00,2024,1,21,9,Sunday,January,CARBURANT,CAREEM,1,0,Dépense,Matin
TX0500764,CUST0003_SEASONAL,2024-01-22,14:46:00,Courant,Carte,Debit,202.82,22254.6,CARBURANT,Careem,Tanger,MA,2024-01-22 14:46:00,2024,1,22,14,Monday,January,CARBURANT,CAREEM,1,0,Dépense,Après-midi
TX0500765,CUST0003_SEASONAL,2024-01-22,20:22:00,Courant,Virement instantané,Debit,243.09,22011.51,RETRAIT ATM,Pharmacie,Marrakech,MA,2024-01-22 20:22:00,2024,1,22,20,Monday,January,RETRAIT ATM,PHARMACIE,1,0,Dépense,Soir
TX0500766,CUST0003_SEASONAL,2024-01-23,11:36:00,Courant,ATM,Debit,80.46,21931.05,ACHAT SUPERMARCHE,Careem,Oujda,MA,2024-01-23 11:36:00,2024,1,23,11,Tuesday,January,ACHAT SUPERMARCHE,CAREEM,1,0,Dépense,Matin
TX0500767,CUST0003_SEASONAL,2024-01-23,15:06:00,Courant,Espèces,Debit,48.77,21882.28,TRANSPORT,Pharmacie,Meknès,MA,2024-01-23 15:06:00,2024,1,23,15,Tuesday,January,TRANSPORT,PHARMACIE,1,0,Dépense,Après-midi
TX0500768,CUST0003_SEASONAL,2024-01-23,17:17:00,Courant,Wallet,Debit,109.81,21772.47,CARBURANT,Pharmacie,Meknès,MA,2024-01-23 17:17:00,2024,1,23,17,Tuesday,January,CARBURANT,PHARMACIE,1,0,Dépense,Après-midi
TX0500769,CUST0003_SEASONAL,2024-01-24,17:47:00,Courant,Virement instantané,Debit,30.69,21741.78,CARBURANT,Shell,Agadir,MA,2024-01-24 17:47:00,2024,1,24,17,Wednesday,January,CARBURANT,SHELL,1,0,Dépense,Après-midi
TX0500770,CUST0003_SEASONAL,2024-01-24,17:54:00,Courant,Virement instantané,Debit,159.67,21582.11,ACHAT EPICERIE,ATM,Marrakech,MA,2024-01-24 17:54:00,2024,1,24,17,Wednesday,January,ACHAT EPICERIE,ATM,1,0,Dépense,Après-midi
TX0500771,CUST0003_SEASONAL,2024-01-24,10:48:00,Courant,Virement,Debit,57.31,21524.8,ACHAT SUPERMARCHE,BIM,Fès,MA,2024-01-24 10:48:00,2024,1,24,10,Wednesday,January,ACHAT SUPERMARCHE,BIM,1,0,Dépense,Matin
TX0500772,CUST0003_SEASONAL,2024-01-25,19:53:00,Courant,Espèces,Debit,80.65,21444.15,ACHAT SUPERMARCHE,ATM,Fès,MA,2024-01-25 19:53:00,2024,1,25,19,Thursday,January,ACHAT SUPERMARCHE,ATM,1,0,Dépense,Soir
TX0500773,CUST0003_SEASONAL,2024-01-25,20:36:00,Courant,Wallet,Debit,205.84,21238.32,RETRAIT ATM,Shell,Oujda,MA,2024-01-25 20:36:00,2024,1,25,20,Thursday,January,RETRAIT ATM,SHELL,1,0,Dépense,Soir
TX0500774,CUST0003_SEASONAL,2024-01-25,18:00:00,Courant,Espèces,Debit,136.32,21102.0,RETRAIT ATM,Shell,Agadir,MA,2024-01-25 18:00:00,2024,1,25,18,Thursday,January,RETRAIT ATM,SHELL,1,0,Dépense,Soir
TX0500775,CUST0003_SEASONAL,2024-01-26,12:19:00,Courant,Virement instantané,Debit,248.27,20853.72,RETRAIT ATM,BIM,Fès,MA,2024-01-26 12:19:00,2024,1,26,12,Friday,January,RETRAIT ATM,BIM,1,0,Dépense,Après-midi
TX0500776,CUST0003_SEASONAL,2024-01-26,09:42:00,Courant,Virement instantané,Debit,86.27,20767.45,ACHAT EPICERIE,Pharmacie,Marrakech,MA,2024-01-26 09:42:00,2024,1,26,9,Friday,January,ACHAT EPICERIE,PHARMACIE,1,0,Dépense,Matin
TX0500777,CUST0003_SEASONAL,2024-01-26,17:21:00,Courant,ATM,Debit,233.7,20533.75,ACHAT SUPERMARCHE,BIM,Rabat,MA,2024-01-26 17:21:00,2024,1,26,17,Friday,January,ACHAT SUPERMARCHE,BIM,1,0,Dépense,Après-midi
TX0500778,CUST0003_SEASONAL,2024-01-27,13:25:00,Courant,ATM,Debit,71.95,20461.8,ACHAT EPICERIE,Pharmacie,Fès,MA,2024-01-27 13:25:00,2024,1,27,13,Saturday,January,ACHAT EPICERIE,PHARMACIE,1,0,Dépense,Après-midi
TX0500779,CUST0003_SEASONAL,2024-01-27,11:22:00,Courant,Carte,Debit,234.72,20227.08,ACHAT SUPERMARCHE,Carrefour,Tanger,MA,2024-01-27 11:22:00,2024,1,27,11,Saturday,January,ACHAT SUPERMARCHE,CARREFOUR,1,0,Dépense,Matin
TX0500780,CUST0003_SEASONAL,2024-01-27,19:18:00,Courant,Carte,Debit,61.43,20165.65,CARBURANT,Carrefour,Oujda,MA,2024-01-27 19:18:00,2024,1,27,19,Saturday,January,CARBURANT,CARREFOUR,1,0,Dépense,Soir
TX0500781,CUST0003_SEASONAL,2024-01-28,18:10:00,Courant,ATM,Debit,50.71,20114.94,ACHAT EPICERIE,ATM,Marrakech,MA,2024-01-28 18:10:00,2024,1,28,18,Sunday,January,ACHAT EPICERIE,ATM,1,0,Dépense,Soir
TX0500782,CUST0003_SEASONAL,2024-01-28,12:39:00,Courant,Carte,Debit,31.63,20083.31,RETRAIT ATM,Careem,Casablanca,MA,2024-01-28 12:39:00,2024,1,28,12,Sunday,January,RETRAIT ATM,CAREEM,1,0,Dépense,Après-midi
TX0500783,CUST0003_SEASONAL,2024-01-28,18:51:00,Courant,Carte,Debit,84.3,19999.01,ACHAT EPICERIE,Careem,Meknès,MA,2024-01-28 18:51:00,2024,1,28,18,Sunday,January,ACHAT EPICERIE,CAREEM,1,0,Dépense,Soir
TX0500784,CUST0003_SEASONAL,2024-01-29,19:27:00,Courant,Espèces,Debit,87.73,19911.28,ACHAT SUPERMARCHE,Carrefour,Rabat,MA,2024-01-29 19:27:00,2024,1,29,19,Monday,January,ACHAT SUPERMARCHE,CARREFOUR,1,0,Dépense,Soir
TX0500785,CUST0003_SEASONAL,2024-01-29,14:30:00,Courant,Wallet,Debit,199.77,19711.51,TRANSPORT,ATM,Oujda,MA,2024-01-29 14:30:00,2024,1,29,14,Monday,January,TRANSPORT,ATM,1,0,Dépense,Après-midi
TX0500786,CUST0003_SEASONAL,2024-01-29,11:27:00,Courant,Virement instantané,Debit,203.06,19508.45,RETRAIT ATM,Careem,Marrakech,MA,2024-01-29 11:27:00,2024,1,29,11,Monday,January,RETRAIT ATM,CAREEM,1,0,Dépense,Matin
TX0500787,CUST0003_SEASONAL,2024-01-30,08:30:00,Courant,Wallet,Debit,70.81,19437.64,ACHAT EPICERIE,Careem,Meknès,MA,2024-01-30 08:30:00,2024,1,30,8,Tuesday,January,ACHAT EPICERIE,CAREEM,1,0,Dépense,Matin
TX0500788,CUST0003_SEASONAL,2024-01-30,10:49:00,Courant,Carte,Debit,138.82,19298.82,RETRAIT ATM,Careem,Meknès,MA,2024-01-30 10:49:00,2024,1,30,10,Tuesday,January,RETRAIT ATM,CAREEM,1,0,Dépense,Matin
TX0500789,CUST0003_SEASONAL,2024-01-31,09:36:00,Courant,Wallet,Debit,232.03,19066.78,RETRAIT ATM,Pharmacie,Marrakech,MA,2024-01-31 09:36:00,2024,1,31,9,Wednesday,January,RETRAIT ATM,PHARMACIE,1,0,Dépense,Matin
TX0500790,CUST0003_SEASONAL,2024-02-01,20:49:00,Salaire,Virement instantané,Credit,11187.0,30253.78,virement employeur,Salaire,Meknès,MA,2024-02-01 20:49:00,2024,2,1,20,Thursday,February,VIREMENT EMPLOYEUR,SALAIRE,0,1,Revenu,Soir
TX0500792,CUST0003_SEASONAL,2024-02-01,20:49:00,Courant,Virement instantané,Debit,113.57,30140.22,ACHAT SUPERMARCHE,BIM,Fès,MA,2024-02-01 20:49:00,2024,2,1,20,Thursday,February,ACHAT SUPERMARCHE,BIM,1,0,Dépense,Soir
TX0500792,CUST0003_SEASONAL,2024-02-01,10:34:00,Courant,Wallet,Debit,81.07,30059.15,RETRAIT ATM,Shell,Fès,MA,2024-02-01 10:34:00,2024,2,1,10,Thursday,February,RETRAIT ATM,SHELL,1,0,Dépense,Matin
TX0500793,CUST0003_SEASONAL,2024-02-02,16:37:00,Courant,Carte,Debit,212.38,29846.77,CARBURANT,Careem,Casablanca,MA,2024-02-02 16:37:00,2024,2,2,16,Friday,February,CARBURANT,CAREEM,1,0,Dépense,Après-midi
TX0500794,CUST0003_SEASONAL,2024-02-02,15:41:00,Courant,Virement,Debit,114.94,29731.83,ACHAT SUPERMARCHE,ATM,Agadir,MA,2024-02-02 15:41:00,2024,2,2,15,Friday,February,ACHAT SUPERMARCHE,ATM,1,0,Dépense,Après-midi
TX0500795,CUST0003_SEASONAL,2024-02-02,16:49:00,Courant,Carte,Debit,64.24,29667.59,ACHAT EPICERIE,Shell,Fès,MA,2024-02-02 16:49:00,2024,2,2,16,Friday,February,ACHAT EPICERIE,SHELL,1,0,Dépense,Après-midi
TX0500796,CUST0003_SEASONAL,2024-02-03,15:13:00,Courant,Carte,Debit,89.77,29577.81,RETRAIT ATM,Carrefour,Marrakech,MA,2024-02-03 15:13:00,2024,2,3,15,Saturday,February,RETRAIT ATM,CARREFOUR,1,0,Dépense,Après-midi
TX0500797,CUST0003_SEASONAL,2024-02-03,10:26:00,Courant,Virement,Debit,192.73,29385.09,ACHAT EPICERIE,ATM,Oujda,MA,2024-02-03 10:26:00,2024,2,3,10,Saturday,February,ACHAT EPICERIE,ATM,1,0,Dépense,Matin
TX0500798,CUST0003_SEASONAL,2024-02-04,14:26:00,Courant,Virement,Debit,247.31,29137.77,CARBURANT,ATM,Tanger,MA,2024-02-04 14:26:00,2024,2,4,14,Sunday,February,CARBURANT,ATM,1,0,Dépense,Après-midi
TX0500799,CUST0003_SEASONAL,2024-02-04,19:43:00,Courant,Virement instantané,Debit,131.3,29006.48,ACHAT EPICERIE,Carrefour,Fès,MA,2024-02-04 19:43:00,2024,2,4,19,Sunday,February,ACHAT EPICERIE,CARREFOUR,1,0,Dépense,Soir
TX0500800,CUST0003_SEASONAL,2024-02-04,12:53:00,Courant,Carte,Debit,78.46,28928.02,RETRAIT ATM,Shell,Oujda,MA,2024-02-04 12:53:00,2024,2,4,12,Sunday,February,RETRAIT ATM,SHELL,1,0,Dépense,Après-midi
TX0500801,CUST0003_SEASONAL,2024-02-05,12:07:00,Courant,Virement,Debit,200.73,28727.28,RETRAIT ATM,Pharmacie,Fès,MA,2024-02-05 12:07:00,2024,2,5,12,Monday,February,RETRAIT ATM,PHARMACIE,1,0,Dépense,Après-midi
TX0500802,CUST0003_SEASONAL,2024-02-06,12:49:00,Courant,Carte,Debit,223.49,28503.8,TRANSPORT,Pharmacie,Casablanca,MA,2024-02-06 12:49:00,2024,2,6,12,Tuesday,February,TRANSPORT,PHARMACIE,1,0,Dépense,Après-midi
TX0500803,CUST0003_SEASONAL,2024-02-06,10:18:00,Courant,Wallet,Debit,206.62,28297.18,ACHAT SUPERMARCHE,Pharmacie,Casablanca,MA,2024-02-06 10:18:00,2024,2,6,10,Tuesday,February,ACHAT SUPERMARCHE,PHARMACIE,1,0,Dépense,Matin
TX0500804,CUST0003_SEASONAL,2024-02-07,16:13:00,Courant,Carte,Debit,39.54,28257.64,TRANSPORT,Careem,Rabat,MA,2024-02-07 16:13:00,2024,2,7,16,Wednesday,February,TRANSPORT,CAREEM,1,0,Dépense,Après-midi
TX0500805,CUST0003_SEASONAL,2024-02-07,10:00:00,Courant,Wallet,Debit,182.74,28074.9,TRANSPORT,Pharmacie,Fès,MA,2024-02-07 10:00:00,2024,2,7,10,Wednesday,February,TRANSPORT,PHARMACIE,1,0,Dépense,Matin
TX0500806,CUST0003_SEASONAL,2024-02-08,08:52:00,Courant,ATM,Debit,99.73,27975.17,RETRAIT ATM,Shell,Rabat,MA,2024-02-08 08:52:00,2024,2,8,8,Thursday,February,RETRAIT ATM,SHELL,1,0,Dépense,Matin
TX0500807,CUST0003_SEASONAL,2024-02-09,16:34:00,Courant,Virement,Debit,235.72,27739.45,CARBURANT,BIM,Meknès,MA,2024-02-09 16:34:00,2024,2,9,16,Friday,February,CARBURANT,BIM,1,0,Dépense,Après-midi
TX0500808,CUST0003_SEASONAL,2024-02-09,14:32:00,Courant,Virement instantané,Debit,194.64,27544.8,CARBURANT,Pharmacie,Oujda,MA,2024-02-09 14:32:00,2024,2,9,14,Friday,February,CARBURANT,PHARMACIE,1,0,Dépense,Après-midi
TX0500809,CUST0003_SEASONAL,2024-02-09,11:18:00,Courant,Virement instantané,Debit,43.82,27500.98,ACHAT EPICERIE,Pharmacie,Marrakech,MA,2024-02-09 11:18:00,2024,2,9,11,Friday,February,ACHAT EPICERIE,PHARMACIE,1,0,Dépense,Matin
TX0500810,CUST0003_SEASONAL,2024-02-09,15:48:00,Courant,ATM,Debit,63.43,27437.56,ACHAT SUPERMARCHE,Shell,Rabat,MA,2024-02-09 15:48:00,2024,2,9,15,Friday,February,ACHAT SUPERMARCHE,SHELL,1,0,Dépense,Après-midi
TX0500811,CUST0003_SEASONAL,2024-02-10,18:04:00,Courant,Wallet,Debit,149.08,27288.48,TRANSPORT,BIM,Marrakech,MA,2024-02-10 18:04:00,2024,2,10,18,Saturday,February,TRANSPORT,BIM,1,0,Dépense,Soir
TX0500812,CUST0003_SEASONAL,2024-02-10,14:15:00,Courant,Virement instantané,Debit,41.02,27247.46,TRANSPORT,ATM,Oujda,MA,2024-02-10 14:15:00,2024,2,10,14,Saturday,February,TRANSPORT,ATM,1,0,Dépense,Après-midi
TX0500813,CUST0003_SEASONAL,2024-02-11,15:21:00,Courant,Wallet,Debit,125.72,27121.73,TRANSPORT,BIM,Meknès,MA,2024-02-11 15:21:00,2024,2,11,15,Sunday,February,TRANSPORT,BIM,1,0,Dépense,Après-midi
TX0500814,CUST0003_SEASONAL,2024-02-11,10:35:00,Courant,Espèces,Debit,99.01,27022.73,RETRAIT ATM,Carrefour,Casablanca,MA,2024-02-11 10:35:00,2024,2,11,10,Sunday,February,RETRAIT ATM,CARREFOUR,1,0,Dépense,Matin
TX0500815,CUST0003_SEASONAL,2024-02-12,15:53:00,Courant,Wallet,Debit,49.7,26973.03,RETRAIT ATM,Careem,Agadir,MA,2024-02-12 15:53:00,2024,2,12,15,Monday,February,RETRAIT ATM,CAREEM,1,0,Dépense,Après-midi
TX0500816,CUST0003_SEASONAL,2024-02-13,14:20:00,Courant,Wallet,Debit,49.79,26923.24,ACHAT SUPERMARCHE,Careem,Fès,MA,2024-02-13 14:20:00,2024,2,13,14,Tuesday,February,ACHAT SUPERMARCHE,CAREEM,1,0,Dépense,Après-midi
TX0500817,CUST0003_SEASONAL,2024-02-13,08:25:00,Courant,Virement instantané,Debit,160.29,26762.95,ACHAT SUPERMARCHE,Shell,Casablanca,MA,2024-02-13 08:25:00,2024,2,13,8,Tuesday,February,ACHAT SUPERMARCHE,SHELL,1,0,Dépense,Matin
TX0500818,CUST0003_SEASONAL,2024-02-13,20:04:00,Courant,Espèces,Debit,221.07,26541.88,RETRAIT ATM,BIM,Oujda,MA,2024-02-13 20:04:00,2024,2,13,20,Tuesday,February,RETRAIT ATM,BIM,1,0,Dépense,Soir
TX0500819,CUST0003_SEASONAL,2024-02-13,17:11:00,Courant,Carte,Debit,156.11,26385.77,ACHAT EPICERIE,Shell,Oujda,MA,2024-02-13 17:11:00,2024,2,13,17,Tuesday,February,ACHAT EPICERIE,SHELL,1,0,Dépense,Après-midi
TX0500820,CUST0003_SEASONAL,2024-02-13,09:00:00,Courant,Virement,Debit,54.02,26331.74,TRANSPORT,Shell,Agadir,MA,2024-02-13 09:00:00,2024,2,13,9,Tuesday,February,TRANSPORT,SHELL,1,0,Dépense,Matin
TX0500821,CUST0003_SEASONAL,2024-02-14,20:00:00,Courant,Carte,Debit,35.99,26295.76,ACHAT SUPERMARCHE,ATM,Agadir,MA,2024-02-14 20:00:00,2024,2,14,20,Wednesday,February,ACHAT SUPERMARCHE,ATM,1,0,Dépense,Soir
TX0500822,CUST0003_SEASONAL,2024-02-15,16:50:00,Courant,Carte,Debit,231.82,26063.94,ACHAT EPICERIE,ATM,Agadir,MA,2024-02-15 16:50:00,2024,2,15,16,Thursday,February,ACHAT EPICERIE,ATM,1,0,Dépense,Après-midi
TX0500823,CUST0003_SEASONAL,2024-02-15,15:55:00,Courant,Espèces,Debit,201.63,25862.32,RETRAIT ATM,Carrefour,Agadir,MA,2024-02-15 15:55:00,2024,2,15,15,Thursday,February,RETRAIT ATM,CARREFOUR,1,0,Dépense,Après-midi
TX0500824,CUST0003_SEASONAL,2024-02-16,08:43:00,Courant,ATM,Debit,138.79,25723.52,CARBURANT,ATM,Rabat,MA,2024-02-16 08:43:00,2024,2,16,8,Friday,February,CARBURANT,ATM,1,0,Dépense,Matin
TX0500825,CUST0003_SEASONAL,2024-02-16,18:08:00,Courant,ATM,Debit,87.09,25636.43,TRANSPORT,ATM,Marrakech,MA,2024-02-16 18:08:00,2024,2,16,18,Friday,February,TRANSPORT,ATM,1,0,Dépense,Soir
TX0500826,CUST0003_SEASONAL,2024-02-17,11:00:00,Courant,Carte,Debit,108.89,25527.54,ACHAT SUPERMARCHE,BIM,Marrakech,MA,2024-02-17 11:00:00,2024,2,17,11,Saturday,February,ACHAT SUPERMARCHE,BIM,1,0,Dépense,Matin
TX0500827,CUST0003_SEASONAL,2024-02-18,09:38:00,Courant,Virement instantané,Debit,133.23,25394.31,ACHAT SUPERMARCHE,Pharmacie,Casablanca,MA,2024-02-18 09:38:00,2024,2,18,9,Sunday,February,ACHAT SUPERMARCHE,PHARMACIE,1,0,Dépense,Matin
TX0500828,CUST0003_SEASONAL,2024-02-18,13:55:00,Courant,Carte,Debit,53.21,25341.1,RETRAIT ATM,Careem,Fès,MA,2024-02-18 13:55:00,2024,2,18,13,Sunday,February,RETRAIT ATM,CAREEM,1,0,Dépense,Après-midi
TX0500829,CUST0003_SEASONAL,2024-02-18,11:35:00,Courant,Virement instantané,Debit,118.4,25222.7,ACHAT SUPERMARCHE,Careem,Meknès,MA,2024-02-18 11:35:00,2024,2,18,11,Sunday,February,ACHAT SUPERMARCHE,CAREEM,1,0,Dépense,Matin
TX0500830,CUST0003_SEASONAL,2024-02-19,17:44:00,Courant,Wallet,Debit,149.31,25073.38,RETRAIT ATM,ATM,Fès,MA,2024-02-19 17:44:00,2024,2,19,17,Monday,February,RETRAIT ATM,ATM,1,0,Dépense,Après-midi
TX0500831,CUST0003_SEASONAL,2024-02-19,15:14:00,Courant,Espèces,Debit,107.5,24965.88,TRANSPORT,Carrefour,Oujda,MA,2024-02-19 15:14:00,2024,2,19,15,Monday,February,TRANSPORT,CARREFOUR,1,0,Dépense,Après-midi
TX0500832,CUST0003_SEASONAL,2024-02-20,19:36:00,Courant,Virement,Debit,35.89,24929.99,TRANSPORT,Careem,Agadir,MA,2024-02-20 19:36:00,2024,2,20,19,Tuesday,February,TRANSPORT,CAREEM,1,0,Dépense,Soir
TX0500833,CUST0003_SEASONAL,2024-02-20,10:33:00,Courant,Virement,Debit,178.41,24751.58,ACHAT SUPERMARCHE,Pharmacie,Oujda,MA,2024-02-20 10:33:00,2024,2,20,10,Tuesday,February,ACHAT SUPERMARCHE,PHARMACIE,1,0,Dépense,Matin
TX0500834,CUST0003_SEASONAL,2024-02-21,13:30:00,Courant,Virement,Debit,188.12,24563.46,ACHAT EPICERIE,Pharmacie,Agadir,MA,2024-02-21 13:30:00,2024,2,21,13,Wednesday,February,ACHAT EPICERIE,PHARMACIE,1,0,Dépense,Après-midi
TX0500835,CUST0003_SEASONAL,2024-02-21,17:46:00,Courant,Wallet,Debit,228.38,24335.08,RETRAIT ATM,BIM,Oujda,MA,2024-02-21 17:46:00,2024,2,21,17,Wednesday,February,RETRAIT ATM,BIM,1,0,Dépense,Après-midi
TX0500836,CUST0003_SEASONAL,2024-02-21,12:48:00,Courant,ATM,Debit,89.64,24245.45,CARBURANT,Careem,Meknès,MA,2024-02-21 12:48:00,2024,2,21,12,Wednesday,February,CARBURANT,CAREEM,1,0,Dépense,Après-midi
TX0500837,CUST0003_SEASONAL,2024-02-22,14:07:00,Courant,Carte,Debit,229.46,24015.99,ACHAT SUPERMARCHE,Shell,Marrakech,MA,2024-02-22 14:07:00,2024,2,22,14,Thursday,February,ACHAT SUPERMARCHE,SHELL,1,0,Dépense,Après-midi
TX0500838,CUST0003_SEASONAL,2024-02-22,20:22:00,Courant,Carte,Debit,117.13,23898.85,RETRAIT ATM,Shell,Casablanca,MA,2024-02-22 20:22:00,2024,2,22,20,Thursday,February,RETRAIT ATM,SHELL,1,0,Dépense,Soir
TX0500839,CUST0003_SEASONAL,2024-02-23,19:26:00,Courant,Virement,Debit,60.33,23838.52,CARBURANT,Carrefour,Meknès,MA,2024-02-23 19:26:00,2024,2,23,19,Friday,February,CARBURANT,CARREFOUR,1,0,Dépense,Soir
TX0500840,CUST0003_SEASONAL,2024-02-23,11:36:00,Courant,Virement,Debit,204.78,23633.74,CARBURANT,BIM,Oujda,MA,2024-02-23 11:36:00,2024,2,23,11,Friday,February,CARBURANT,BIM,1,0,Dépense,Matin
TX0500841,CUST0003_SEASONAL,2024-02-23,12:47:00,Courant,Wallet,Debit,167.91,23465.84,ACHAT SUPERMARCHE,Carrefour,Meknès,MA,2024-02-23 12:47:00,2024,2,23,12,Friday,February,ACHAT SUPERMARCHE,CARREFOUR,1,0,Dépense,Après-midi
TX0500842,CUST0003_SEASONAL,2024-02-24,14:30:00,Courant,Virement instantané,Debit,249.81,23216.03,ACHAT EPICERIE,Shell,Marrakech,MA,2024-02-24 14:30:00,2024,2,24,14,Saturday,February,ACHAT EPICERIE,SHELL,1,0,Dépense,Après-midi
TX0500843,CUST0003_SEASONAL,2024-02-24,14:46:00,Courant,Virement,Debit,204.59,23011.44,ACHAT EPICERIE,Pharmacie,Fès,MA,2024-02-24 14:46:00,2024,2,24,14,Saturday,February,ACHAT EPICERIE,PHARMACIE,1,0,Dépense,Après-midi
TX0500844,CUST0003_SEASONAL,2024-02-25,14:08:00,Courant,Espèces,Debit,39.66,22971.78,TRANSPORT,ATM,Casablanca,MA,2024-02-25 14:08:00,2024,2,25,14,Sunday,February,TRANSPORT,ATM,1,0,Dépense,Après-midi
TX0500845,CUST0003_SEASONAL,2024-02-25,20:22:00,Courant,Carte,Debit,116.52,22855.26,TRANSPORT,Pharmacie,Oujda,MA,2024-02-25 20:22:00,2024,2,25,20,Sunday,February,TRANSPORT,PHARMACIE,1,0,Dépense,Soir
TX0500846,CUST0003_SEASONAL,2024-02-26,19:01:00,Courant,Wallet,Debit,66.61,22788.65,RETRAIT ATM,Shell,Fès,MA,2024-02-26 19:01:00,2024,2,26,19,Monday,February,RETRAIT ATM,SHELL,1,0,Dépense,Soir
TX0500847,CUST0003_SEASONAL,2024-02-26,08:49:00,Courant,ATM,Debit,152.07,22636.58,ACHAT EPICERIE,Pharmacie,Oujda,MA,2024-02-26 08:49:00,2024,2,26,8,Monday,February,ACHAT EPICERIE,PHARMACIE,1,0,Dépense,Matin
TX0500848,CUST0003_SEASONAL,2024-02-27,20:09:00,Courant,ATM,Debit,170.77,22465.82,ACHAT SUPERMARCHE,Careem,Casablanca,MA,2024-02-27 20:09:00,2024,2,27,20,Tuesday,February,ACHAT SUPERMARCHE,CAREEM,1,0,Dépense,Soir
TX0500849,CUST0003_SEASONAL,2024-02-27,20:30:00,Courant,Carte,Debit,213.3,22252.52,ACHAT SUPERMARCHE,Carrefour,Agadir,MA,2024-02-27 20:30:00,2024,2,27,20,Tuesday,February,ACHAT SUPERMARCHE,CARREFOUR,1,0,Dépense,Soir
TX0500850,CUST0003_SEASONAL,2024-02-28,12:26:00,Courant,Carte,Debit,150.43,22102.09,RETRAIT ATM,BIM,Rabat,MA,2024-02-28 12:26:00,2024,2,28,12,Wednesday,February,RETRAIT ATM,BIM,1,0,Dépense,Après-midi
TX0500851,CUST0003_SEASONAL,2024-02-28,14:49:00,Courant,ATM,Debit,217.97,21884.12,ACHAT SUPERMARCHE,Pharmacie,Rabat,MA,2024-02-28 14:49:00,2024,2,28,14,Wednesday,February,ACHAT SUPERMARCHE,PHARMACIE,1,0,Dépense,Après-midi
TX0500852,CUST0003_SEASONAL,2024-02-28,08:39:00,Courant,ATM,Debit,170.35,21713.77,RETRAIT ATM,Carrefour,Agadir,MA,2024-02-28 08:39:00,2024,2,28,8,Wednesday,February,RETRAIT ATM,CARREFOUR,1,0,Dépense,Matin
TX0500853,CUST0003_SEASONAL,2024-02-29,10:16:00,Courant,Virement,Debit,222.07,21491.71,TRANSPORT,ATM,Oujda,MA,2024-02-29 10:16:00,2024,2,29,10,Thursday,February,TRANSPORT,ATM,1,0,Dépense,Matin
TX0500854,CUST0003_SEASONAL,2024-02-29,18:10:00,Courant,Carte,Debit,46.22,21445.49,CARBURANT,Shell,Oujda,MA,2024-02-29 18:10:00,2024,2,29,18,Thursday,February,CARBURANT,SHELL,1,0,Dépense,Soir
TX0500855,CUST0003_SEASONAL,2024-02-29,16:17:00,Courant,Virement,Debit,56.32,21389.17,TRANSPORT,ATM,Rabat,MA,2024-02-29 16:17:00,2024,2,29,16,Thursday,February,TRANSPORT,ATM,1,0,Dépense,Après-midi
TX0500856,CUST0003_SEASONAL,2024-02-29,17:12:00,Courant,Virement,Debit,203.53,21185.64,TRANSPORT,BIM,Casablanca,MA,2024-02-29 17:12:00,2024,2,29,17,Thursday,February,TRANSPORT,BIM,1,0,Dépense,Après-midi
TX0500857,CUST0003_SEASONAL,2024-03-01,20:35:00,Salaire,Virement instantané,Credit,13811.0,34996.64,virement employeur,Salaire,Tanger,MA,2024-03-01 20:35:00,2024,3,1,20,Friday,March,VIREMENT EMPLOYEUR,SALAIRE,0,1,Revenu,Soir
TX0500859,CUST0003_SEASONAL,2024-03-01,20:35:00,Courant,ATM,Debit,1667.21,33329.43,ACHAT RAMADAN,Carrefour,Casablanca,MA,2024-03-01 20:35:00,2024,3,1,20,Friday,March,ACHAT RAMADAN,CARREFOUR,1,0,Dépense,Soir
TX0500859,CUST0003_SEASONAL,2024-03-02,12:52:00,Courant,Wallet,Debit,1291.55,32037.88,HOTEL RESERVATION,Restaurant Gastronomique,Oujda,MA,2024-03-02 12:52:00,2024,3,2,12,Saturday,March,HOTEL RESERVATION,RESTAURANT GASTRONOMIQUE,1,0,Dépense,Après-midi
TX0500860,CUST0003_SEASONAL,2024-03-02,13:49:00,Courant,Virement,Debit,1641.44,30396.44,RESTAURANT ETE,Carrefour,Marrakech,MA,2024-03-02 13:49:00,2024,3,2,13,Saturday,March,RESTAURANT ETE,CARREFOUR,1,0,Dépense,Après-midi
TX0500861,CUST0003_SEASONAL,2024-03-03,11:11:00,Courant,ATM,Debit,1692.25,28704.19,ACHAT ETE,McDonald's,Agadir,MA,2024-03-03 11:11:00,2024,3,3,11,Sunday,March,ACHAT ETE,MCDONALD'S,1,0,Dépense,Matin
TX0500862,CUST0003_SEASONAL,2024-03-03,20:01:00,Courant,Wallet,Debit,1486.46,27217.73,HOTEL RESERVATION,Carrefour,Tanger,MA,2024-03-03 20:01:00,2024,3,3,20,Sunday,March,HOTEL RESERVATION,CARREFOUR,1,0,Dépense,Soir
TX0500863,CUST0003_SEASONAL,2024-03-03,14:04:00,Courant,ATM,Debit,1501.7,25716.03,ACHAT ETE,McDonald's,Oujda,MA,2024-03-03 14:04:00,2024,3,3,14,Sunday,March,ACHAT ETE,MCDONALD'S,1,0,Dépense,Après-midi
TX0500864,CUST0003_SEASONAL,2024-03-04,19:28:00,Courant,Wallet,Debit,1776.16,23939.87,VOYAGE MAROC,Carrefour,Oujda,MA,2024-03-04 19:28:00,2024,3,4,19,Monday,March,VOYAGE MAROC,CARREFOUR,1,0,Dépense,Soir
TX0500865,CUST0003_SEASONAL,2024-03-04,10:48:00,Courant,Espèces,Debit,608.78,23331.09,ACHAT ETE,Zara,Agadir,MA,2024-03-04 10:48:00,2024,3,4,10,Monday,March,ACHAT ETE,ZARA,1,0,Dépense,Matin
TX0500866,CUST0003_SEASONAL,2024-03-04,16:15:00,Courant,Carte,Debit,1443.59,21887.5,ACHAT RAMADAN,Carrefour,Rabat,MA,2024-03-04 16:15:00,2024,3,4,16,Monday,March,ACHAT RAMADAN,CARREFOUR,1,0,Dépense,Après-midi
TX0500867,CUST0003_SEASONAL,2024-03-04,12:29:00,Courant,Wallet,Debit,1970.52,19916.98,ACHAT ETE,Zara,Casablanca,MA,2024-03-04 12:29:00,2024,3,4,12,Monday,March,ACHAT ETE,ZARA,1,0,Dépense,Après-midi
TX0500868,CUST0003_SEASONAL,2024-03-05,17:06:00,Courant,Wallet,Debit,968.19,18948.79,ACHAT ETE,Hôtel Kenzi,Agadir,MA,2024-03-05 17:06:00,2024,3,5,17,Tuesday,March,ACHAT ETE,HÔTEL KENZI,1,0,Dépense,Après-midi
TX0500869,CUST0003_SEASONAL,2024-03-05,19:24:00,Courant,Virement instantané,Debit,911.68,18037.11,ACHAT RAMADAN,Carrefour,Agadir,MA,2024-03-05 19:24:00,2024,3,5,19,Tuesday,March,ACHAT RAMADAN,CARREFOUR,1,0,Dépense,Soir
TX0500870,CUST0003_SEASONAL,2024-03-05,12:57:00,Courant,Wallet,Debit,1201.76,16835.35,VOYAGE MAROC,Restaurant Gastronomique,Oujda,MA,2024-03-05 12:57:00,2024,3,5,12,Tuesday,March,VOYAGE MAROC,RESTAURANT GASTRONOMIQUE,1,0,Dépense,Après-midi
TX0500871,CUST0003_SEASONAL,2024-03-06,08:12:00,Courant,Carte,Debit,1905.61,14929.74,ACHAT ETE,McDonald's,Fès,MA,2024-03-06 08:12:00,2024,3,6,8,Wednesday,March,ACHAT ETE,MCDONALD'S,1,0,Dépense,Matin
TX0500872,CUST0003_SEASONAL,2024-03-06,10:16:00,Courant,Virement instantané,Debit,1699.3,13230.43,RESTAURANT ETE,McDonald's,Rabat,MA,2024-03-06 10:16:00,2024,3,6,10,Wednesday,March,RESTAURANT ETE,MCDONALD'S,1,0,Dépense,Matin
TX0500873,CUST0003_SEASONAL,2024-03-06,08:34:00,Courant,Virement instantané,Debit,1770.85,11459.59,RESTAURANT ETE,Carrefour,Casablanca,MA,2024-03-06 08:34:00,2024,3,6,8,Wednesday,March,RESTAURANT ETE,CARREFOUR,1,0,Dépense,Matin
TX0500874,CUST0003_SEASONAL,2024-03-07,08:58:00,Courant,Virement,Debit,483.08,10976.51,ACHAT RAMADAN,McDonald's,Casablanca,MA,2024-03-07 08:58:00,2024,3,7,8,Thursday,March,ACHAT RAMADAN,MCDONALD'S,1,0,Dépense,Matin
TX0500875,CUST0003_SEASONAL,2024-03-07,10:52:00,Courant,ATM,Debit,1247.2,9729.31,RESTAURANT ETE,H&M,Oujda,MA,2024-03-07 10:52:00,2024,3,7,10,Thursday,March,RESTAURANT ETE,H&M,1,0,Dépense,Matin
TX0500876,CUST0003_SEASONAL,2024-03-08,12:23:00,Courant,Wallet,Debit,711.15,9018.16,VOYAGE MAROC,Marjane,Fès,MA,2024-03-08 12:23:00,2024,3,8,12,Friday,March,VOYAGE MAROC,MARJANE,1,0,Dépense,Après-midi
TX0500877,CUST0003_SEASONAL,2024-03-08,20:57:00,Courant,Virement,Debit,824.4,8193.76,ACHAT RAMADAN,Zara,Agadir,MA,2024-03-08 20:57:00,2024,3,8,20,Friday,March,ACHAT RAMADAN,ZARA,1,0,Dépense,Soir
TX0500878,CUST0003_SEASONAL,2024-03-08,16:19:00,Courant,Wallet,Debit,621.73,7572.02,ACHAT ETE,Restaurant Gastronomique,Marrakech,MA,2024-03-08 16:19:00,2024,3,8,16,Friday,March,ACHAT ETE,RESTAURANT GASTRONOMIQUE,1,0,Dépense,Après-midi
TX0500879,CUST0003_SEASONAL,2024-03-09,14:32:00,Courant,ATM,Debit,1372.56,6199.47,ACHAT RAMADAN,Voyages Atlas,Marrakech,MA,2024-03-09 14:32:00,2024,3,9,14,Saturday,March,ACHAT RAMADAN,VOYAGES ATLAS,1,0,Dépense,Après-midi
TX0500880,CUST0003_SEASONAL,2024-03-09,10:21:00,Courant,Virement instantané,Debit,586.28,5613.19,ACHAT ETE,Restaurant Gastronomique,Tanger,MA,2024-03-09 10:21:00,2024,3,9,10,Saturday,March,ACHAT ETE,RESTAURANT GASTRONOMIQUE,1,0,Dépense,Matin
TX0500881,CUST0003_SEASONAL,2024-03-10,19:26:00,Courant,ATM,Debit,914.96,4698.23,HOTEL RESERVATION,Restaurant Gastronomique,Marrakech,MA,2024-03-10 19:26:00,2024,3,10,19,Sunday,March,HOTEL RESERVATION,RESTAURANT GASTRONOMIQUE,1,0,Dépense,Soir
TX0500882,CUST0003_SEASONAL,2024-03-10,18:00:00,Courant,Virement,Debit,1356.55,3341.68,ACHAT RAMADAN,Carrefour,Agadir,MA,2024-03-10 18:00:00,2024,3,10,18,Sunday,March,ACHAT RAMADAN,CARREFOUR,1,0,Dépense,Soir
TX0500883,CUST0003_SEASONAL,2024-03-10,18:04:00,Courant,Carte,Debit,1660.35,1681.33,VOYAGE MAROC,Restaurant Gastronomique,Tanger,MA,2024-03-10 18:04:00,2024,3,10,18,Sunday,March,VOYAGE MAROC,RESTAURANT GASTRONOMIQUE,1,0,Dépense,Soir
TX0500884,CUST0003_SEASONAL,2024-03-11,10:09:00,Courant,Wallet,Debit,1954.72,0.0,ACHAT ETE,Voyages Atlas,Rabat,MA,2024-03-11 10:09:00,2024,3,11,10,Monday,March,ACHAT ETE,VOYAGES ATLAS,1,0,Dépense,Matin
TX0500885,CUST0003_SEASONAL,2024-03-12,10:24:00,Courant,Virement instantané,Debit,1219.73,0.0,VOYAGE MAROC,Marjane,Rabat,MA,2024-03-12 10:24:00,2024,3,12,10,Tuesday,March,VOYAGE MAROC,MARJANE,1,0,Dépense,Matin
TX0500886,CUST0003_SEASONAL,2024-03-12,13:00:00,Courant,Virement,Debit,1107.92,0.0,VOYAGE MAROC,Hôtel Kenzi,Agadir,MA,2024-03-12 13:00:00,2024,3,12,13,Tuesday,March,VOYAGE MAROC,HÔTEL KENZI,1,0,Dépense,Après-midi
TX0500887,CUST0003_SEASONAL,2024-03-12,10:42:00,Courant,Virement,Debit,1612.41,0.0,ACHAT RAMADAN,Hôtel Kenzi,Marrakech,MA,2024-03-12 10:42:00,2024,3,12,10,Tuesday,March,ACHAT RAMADAN,HÔTEL KENZI,1,0,Dépense,Matin
TX0500888,CUST0003_SEASONAL,2024-03-13,17:36:00,Courant,Virement instantané,Debit,1074.7,0.0,ACHAT RAMADAN,H&M,Casablanca,MA,2024-03-13 17:36:00,2024,3,13,17,Wednesday,March,ACHAT RAMADAN,H&M,1,0,Dépense,Après-midi
TX0500889,CUST0003_SEASONAL,2024-03-13,12:38:00,Courant,Espèces,Debit,1211.35,0.0,HOTEL RESERVATION,Voyages Atlas,Meknès,MA,2024-03-13 12:38:00,2024,3,13,12,Wednesday,March,HOTEL RESERVATION,VOYAGES ATLAS,1,0,Dépense,Après-midi
TX0500890,CUST0003_SEASONAL,2024-03-14,10:29:00,Courant,Carte,Debit,581.49,0.0,ACHAT RAMADAN,H&M,Agadir,MA,2024-03-14 10:29:00,2024,3,14,10,Thursday,March,ACHAT RAMADAN,H&M,1,0,Dépense,Matin
TX0500891,CUST0003_SEASONAL,2024-03-14,10:20:00,Courant,Wallet,Debit,1518.16,0.0,ACHAT RAMADAN,Carrefour,Marrakech,MA,2024-03-14 10:20:00,2024,3,14,10,Thursday,March,ACHAT RAMADAN,CARREFOUR,1,0,Dépense,Matin
TX0500892,CUST0003_SEASONAL,2024-03-15,13:49:00,Courant,Wallet,Debit,1988.58,0.0,VOYAGE MAROC,Restaurant Gastronomique,Fès,MA,2024-03-15 13:49:00,2024,3,15,13,Friday,March,VOYAGE MAROC,RESTAURANT GASTRONOMIQUE,1,0,Dépense,Après-midi
TX0500893,CUST0003_SEASONAL,2024-03-16,13:45:00,Courant,Virement instantané,Debit,1625.7,0.0,VOYAGE MAROC,Carrefour,Meknès,MA,2024-03-16 13:45:00,2024,3,16,13,Saturday,March,VOYAGE MAROC,CARREFOUR,1,0,Dépense,Après-midi
TX0500894,CUST0003_SEASONAL,2024-03-16,12:18:00,Courant,Virement instantané,Debit,1264.83,0.0,VOYAGE MAROC,Zara,Meknès,MA,2024-03-16 12:18:00,2024,3,16,12,Saturday,March,VOYAGE MAROC,ZARA,1,0,Dépense,Après-midi
TX0500895,CUST0003_SEASONAL,2024-03-17,16:09:00,Courant,ATM,Debit,847.34,0.0,ACHAT ETE,H&M,Agadir,MA,2024-03-17 16:09:00,2024,3,17,16,Sunday,March,ACHAT ETE,H&M,1,0,Dépense,Après-midi
TX0500896,CUST0003_SEASONAL,2024-03-17,19:21:00,Courant,ATM,Debit,1324.3,0.0,RESTAURANT ETE,H&M,Tanger,MA,2024-03-17 19:21:00,2024,3,17,19,Sunday,March,RESTAURANT ETE,H&M,1,0,Dépense,Soir
TX0500897,CUST0003_SEASONAL,2024-03-17,11:56:00,Courant,Wallet,Debit,639.21,0.0,VOYAGE MAROC,Restaurant Gastronomique,Oujda,MA,2024-03-17 11:56:00,2024,3,17,11,Sunday,March,VOYAGE MAROC,RESTAURANT GASTRONOMIQUE,1,0,Dépense,Matin
TX0500898,CUST0003_SEASONAL,2024-03-17,15:47:00,Courant,Virement instantané,Debit,1817.55,0.0,VOYAGE MAROC,Zara,Casablanca,MA,2024-03-17 15:47:00,2024,3,17,15,Sunday,March,VOYAGE MAROC,ZARA,1,0,Dépense,Après-midi
TX0500899,CUST0003_SEASONAL,2024-03-18,19:33:00,Courant,Carte,Debit,619.66,0.0,HOTEL RESERVATION,McDonald's,Tanger,MA,2024-03-18 19:33:00,2024,3,18,19,Monday,March,HOTEL RESERVATION,MCDONALD'S,1,0,Dépense,Soir
TX0500900,CUST0003_SEASONAL,2024-03-19,08:05:00,Courant,ATM,Debit,1198.66,0.0,ACHAT ETE,Hôtel Kenzi,Meknès,MA,2024-03-19 08:05:00,2024,3,19,8,Tuesday,March,ACHAT ETE,HÔTEL KENZI,1,0,Dépense,Matin
TX0500901,CUST0003_SEASONAL,2024-03-19,14:21:00,Courant,Wallet,Debit,756.61,0.0,ACHAT ETE,Hôtel Kenzi,Tanger,MA,2024-03-19 14:21:00,2024,3,19,14,Tuesday,March,ACHAT ETE,HÔTEL KENZI,1,0,Dépense,Après-midi
TX0500902,CUST0003_SEASONAL,2024-03-20,11:54:00,Courant,Virement,Debit,895.89,0.0,VOYAGE MAROC,Zara,Rabat,MA,2024-03-20 11:54:00,2024,3,20,11,Wednesday,March,VOYAGE MAROC,ZARA,1,0,Dépense,Matin
TX0500903,CUST0003_SEASONAL,2024-03-20,15:37:00,Courant,ATM,Debit,1237.52,0.0,VOYAGE MAROC,Voyages Atlas,Tanger,MA,2024-03-20 15:37:00,2024,3,20,15,Wednesday,March,VOYAGE MAROC,VOYAGES ATLAS,1,0,Dépense,Après-midi
TX0500904,CUST0003_SEASONAL,2024-03-21,10:44:00,Courant,Wallet,Debit,1598.44,0.0,ACHAT RAMADAN,Restaurant Gastronomique,Fès,MA,2024-03-21 10:44:00,2024,3,21,10,Thursday,March,ACHAT RAMADAN,RESTAURANT GASTRONOMIQUE,1,0,Dépense,Matin
TX0500905,CUST0003_SEASONAL,2024-03-22,18:50:00,Courant,Carte,Debit,1027.94,0.0,ACHAT RAMADAN,McDonald's,Casablanca,MA,2024-03-22 18:50:00,2024,3,22,18,Friday,March,ACHAT RAMADAN,MCDONALD'S,1,0,Dépense,Soir
TX0500906,CUST0003_SEASONAL,2024-03-23,12:21:00,Courant,Carte,Debit,1685.6,0.0,ACHAT ETE,Zara,Marrakech,MA,2024-03-23 12:21:00,2024,3,23,12,Saturday,March,ACHAT ETE,ZARA,1,0,Dépense,Après-midi
TX0500907,CUST0003_SEASONAL,2024-03-23,15:24:00,Courant,Carte,Debit,1059.07,0.0,ACHAT RAMADAN,H&M,Fès,MA,2024-03-23 15:24:00,2024,3,23,15,Saturday,March,ACHAT RAMADAN,H&M,1,0,Dépense,Après-midi
TX0500908,CUST0003_SEASONAL,2024-03-23,13:11:00,Courant,ATM,Debit,1131.09,0.0,HOTEL RESERVATION,Marjane,Meknès,MA,2024-03-23 13:11:00,2024,3,23,13,Saturday,March,HOTEL RESERVATION,MARJANE,1,0,Dépense,Après-midi
TX0500909,CUST0003_SEASONAL,2024-03-24,20:50:00,Courant,Carte,Debit,835.21,0.0,ACHAT ETE,Voyages Atlas,Tanger,MA,2024-03-24 20:50:00,2024,3,24,20,Sunday,March,ACHAT ETE,VOYAGES ATLAS,1,0,Dépense,Soir
TX0500910,CUST0003_SEASONAL,2024-03-24,13:07:00,Courant,Wallet,Debit,1169.89,0.0,ACHAT ETE,Hôtel Kenzi,Fès,MA,2024-03-24 13:07:00,2024,3,24,13,Sunday,March,ACHAT ETE,HÔTEL KENZI,1,0,Dépense,Après-midi
TX0500911,CUST0003_SEASONAL,2024-03-24,11:55:00,Courant,Espèces,Debit,616.2,0.0,HOTEL RESERVATION,H&M,Tanger,MA,2024-03-24 11:55:00,2024,3,24,11,Sunday,March,HOTEL RESERVATION,H&M,1,0,Dépense,Matin
TX0500912,CUST0003_SEASONAL,2024-03-25,08:14:00,Courant,Espèces,Debit,498.96,0.0,HOTEL RESERVATION,Voyages Atlas,Meknès,MA,2024-03-25 08:14:00,2024,3,25,8,Monday,March,HOTEL RESERVATION,VOYAGES ATLAS,1,0,Dépense,Matin
TX0500913,CUST0003_SEASONAL,2024-03-25,08:38:00,Courant,Virement instantané,Debit,1849.4,0.0,HOTEL RESERVATION,McDonald's,Meknès,MA,2024-03-25 08:38:00,2024,3,25,8,Monday,March,HOTEL RESERVATION,MCDONALD'S,1,0,Dépense,Matin
TX0500914,CUST0003_SEASONAL,2024-03-26,16:45:00,Courant,Carte,Debit,1784.26,0.0,VOYAGE MAROC,Restaurant Gastronomique,Marrakech,MA,2024-03-26 16:45:00,2024,3,26,16,Tuesday,March,VOYAGE MAROC,RESTAURANT GASTRONOMIQUE,1,0,Dépense,Après-midi
TX0500915,CUST0003_SEASONAL,2024-03-26,09:04:00,Courant,Carte,Debit,1145.66,0.0,HOTEL RESERVATION,Zara,Meknès,MA,2024-03-26 09:04:00,2024,3,26,9,Tuesday,March,HOTEL RESERVATION,ZARA,1,0,Dépense,Matin
TX0500916,CUST0003_SEASONAL,2024-03-27,17:45:00,Courant,Wallet,Debit,1385.21,0.0,VOYAGE MAROC,Carrefour,Fès,MA,2024-03-27 17:45:00,2024,3,27,17,Wednesday,March,VOYAGE MAROC,CARREFOUR,1,0,Dépense,Après-midi
TX0500917,CUST0003_SEASONAL,2024-03-28,12:32:00,Courant,Espèces,Debit,589.01,0.0,ACHAT RAMADAN,Voyages Atlas,Tanger,MA,2024-03-28 12:32:00,2024,3,28,12,Thursday,March,ACHAT RAMADAN,VOYAGES ATLAS,1,0,Dépense,Après-midi
TX0500918,CUST0003_SEASONAL,2024-03-28,14:24:00,Courant,Virement,Debit,1190.56,0.0,HOTEL RESERVATION,H&M,Casablanca,MA,2024-03-28 14:24:00,2024,3,28,14,Thursday,March,HOTEL RESERVATION,H&M,1,0,Dépense,Après-midi
TX0500919,CUST0003_SEASONAL,2024-03-29,20:16:00,Courant,Espèces,Debit,1344.24,0.0,HOTEL RESERVATION,Voyages Atlas,Agadir,MA,2024-03-29 20:16:00,2024,3,29,20,Friday,March,HOTEL RESERVATION,VOYAGES ATLAS,1,0,Dépense,Soir
TX0500920,CUST0003_SEASONAL,2024-03-29,17:30:00,Courant,Espèces,Debit,436.63,0.0,ACHAT ETE,Restaurant Gastronomique,Casablanca,MA,2024-03-29 17:30:00,2024,3,29,17,Friday,March,ACHAT ETE,RESTAURANT GASTRONOMIQUE,1,0,Dépense,Après-midi
TX0500921,CUST0003_SEASONAL,2024-03-30,12:22:00,Courant,Virement,Debit,1190.83,0.0,ACHAT RAMADAN,H&M,Rabat,MA,2024-03-30 12:22:00,2024,3,30,12,Saturday,March,ACHAT RAMADAN,H&M,1,0,Dépense,Après-midi
TX0500922,CUST0003_SEASONAL,2024-03-30,12:13:00,Courant,Virement instantané,Debit,454.56,0.0,ACHAT ETE,Restaurant Gastronomique,Marrakech,MA,2024-03-30 12:13:00,2024,3,30,12,Saturday,March,ACHAT ETE,RESTAURANT GASTRONOMIQUE,1,0,Dépense,Après-midi
TX0500923,CUST0003_SEASONAL,2024-03-31,11:51:00,Courant,Virement,Debit,1692.57,0.0,RESTAURANT ETE,H&M,Casablanca,MA,2024-03-31 11:51:00,2024,3,31,11,Sunday,March,RESTAURANT ETE,H&M,1,0,Dépense,Matin
TX0500924,CUST0003_SEASONAL,2024-04-01,10:10:00,Salaire,Virement instantané,Credit,17192.0,-28308.35,virement employeur,Salaire,Meknès,MA,2024-04-01 10:10:00,2024,4,1,10,Monday,April,VIREMENT EMPLOYEUR,SALAIRE,0,1,Revenu,Matin
TX0500926,CUST0003_SEASONAL,2024-04-01,10:10:00,Courant,ATM,Debit,233.2,0.0,TRANSPORT,Careem,Meknès,MA,2024-04-01 10:10:00,2024,4,1,10,Monday,April,TRANSPORT,CAREEM,1,0,Dépense,Matin
TX0500926,CUST0003_SEASONAL,2024-04-01,08:10:00,Courant,Carte,Debit,58.31,0.0,ACHAT SUPERMARCHE,Shell,Marrakech,MA,2024-04-01 08:10:00,2024,4,1,8,Monday,April,ACHAT SUPERMARCHE,SHELL,1,0,Dépense,Matin
TX0500927,CUST0003_SEASONAL,2024-04-01,08:19:00,Courant,Virement,Debit,209.07,0.0,ACHAT SUPERMARCHE,BIM,Fès,MA,2024-04-01 08:19:00,2024,4,1,8,Monday,April,ACHAT SUPERMARCHE,BIM,1,0,Dépense,Matin
TX0500928,CUST0003_SEASONAL,2024-04-02,11:48:00,Courant,Wallet,Debit,148.9,0.0,TRANSPORT,ATM,Casablanca,MA,2024-04-02 11:48:00,2024,4,2,11,Tuesday,April,TRANSPORT,ATM,1,0,Dépense,Matin
TX0500929,CUST0003_SEASONAL,2024-04-02,12:39:00,Courant,Virement,Debit,72.9,0.0,ACHAT SUPERMARCHE,Carrefour,Fès,MA,2024-04-02 12:39:00,2024,4,2,12,Tuesday,April,ACHAT SUPERMARCHE,CARREFOUR,1,0,Dépense,Après-midi
TX0500930,CUST0003_SEASONAL,2024-04-03,16:08:00,Courant,Virement,Debit,49.63,0.0,ACHAT SUPERMARCHE,ATM,Tanger,MA,2024-04-03 16:08:00,2024,4,3,16,Wednesday,April,ACHAT SUPERMARCHE,ATM,1,0,Dépense,Après-midi
TX0500931,CUST0003_SEASONAL,2024-04-03,19:48:00,Courant,ATM,Debit,167.41,0.0,CARBURANT,Shell,Marrakech,MA,2024-04-03 19:48:00,2024,4,3,19,Wednesday,April,CARBURANT,SHELL,1,0,Dépense,Soir
TX0500932,CUST0003_SEASONAL,2024-04-04,09:42:00,Courant,ATM,Debit,61.57,0.0,ACHAT SUPERMARCHE,Carrefour,Agadir,MA,2024-04-04 09:42:00,2024,4,4,9,Thursday,April,ACHAT SUPERMARCHE,CARREFOUR,1,0,Dépense,Matin
TX0500933,CUST0003_SEASONAL,2024-04-05,13:30:00,Courant,ATM,Debit,231.69,0.0,CARBURANT,Pharmacie,Agadir,MA,2024-04-05 13:30:00,2024,4,5,13,Friday,April,CARBURANT,PHARMACIE,1,0,Dépense,Après-midi
TX0500934,CUST0003_SEASONAL,2024-04-05,13:30:00,Courant,Virement,Debit,56.85,0.0,ACHAT EPICERIE,ATM,Fès,MA,2024-04-05 13:30:00,2024,4,5,13,Friday,April,ACHAT EPICERIE,ATM,1,0,Dépense,Après-midi
TX0500935,CUST0003_SEASONAL,2024-04-05,20:15:00,Courant,Virement,Debit,100.18,0.0,RETRAIT ATM,BIM,Meknès,MA,2024-04-05 20:15:00,2024,4,5,20,Friday,April,RETRAIT ATM,BIM,1,0,Dépense,Soir
TX0500936,CUST0003_SEASONAL,2024-04-06,18:07:00,Courant,Virement,Debit,32.78,0.0,TRANSPORT,Careem,Meknès,MA,2024-04-06 18:07:00,2024,4,6,18,Saturday,April,TRANSPORT,CAREEM,1,0,Dépense,Soir
TX0500937,CUST0003_SEASONAL,2024-04-06,15:05:00,Courant,Espèces,Debit,81.53,0.0,RETRAIT ATM,Carrefour,Oujda,MA,2024-04-06 15:05:00,2024,4,6,15,Saturday,April,RETRAIT ATM,CARREFOUR,1,0,Dépense,Après-midi
TX0500938,CUST0003_SEASONAL,2024-04-07,08:09:00,Courant,Wallet,Debit,146.16,0.0,RETRAIT ATM,Shell,Agadir,MA,2024-04-07 08:09:00,2024,4,7,8,Sunday,April,RETRAIT ATM,SHELL,1,0,Dépense,Matin
TX0500939,CUST0003_SEASONAL,2024-04-07,13:37:00,Courant,Virement,Debit,78.01,0.0,RETRAIT ATM,Carrefour,Agadir,MA,2024-04-07 13:37:00,2024,4,7,13,Sunday,April,RETRAIT ATM,CARREFOUR,1,0,Dépense,Après-midi
TX0500940,CUST0003_SEASONAL,2024-04-08,14:50:00,Courant,Virement instantané,Debit,246.44,0.0,CARBURANT,Carrefour,Meknès,MA,2024-04-08 14:50:00,2024,4,8,14,Monday,April,CARBURANT,CARREFOUR,1,0,Dépense,Après-midi
TX0500941,CUST0003_SEASONAL,2024-04-08,12:36:00,Courant,Virement instantané,Debit,220.42,0.0,CARBURANT,Carrefour,Casablanca,MA,2024-04-08 12:36:00,2024,4,8,12,Monday,April,CARBURANT,CARREFOUR,1,0,Dépense,Après-midi
TX0500942,CUST0003_SEASONAL,2024-04-09,16:01:00,Courant,Wallet,Debit,229.77,0.0,CARBURANT,Careem,Meknès,MA,2024-04-09 16:01:00,2024,4,9,16,Tuesday,April,CARBURANT,CAREEM,1,0,Dépense,Après-midi
TX0500943,CUST0003_SEASONAL,2024-04-09,14:29:00,Courant,Wallet,Debit,148.77,0.0,TRANSPORT,Shell,Casablanca,MA,2024-04-09 14:29:00,2024,4,9,14,Tuesday,April,TRANSPORT,SHELL,1,0,Dépense,Après-midi
TX0500944,CUST0003_SEASONAL,2024-04-10,08:14:00,Courant,Virement,Debit,202.09,0.0,TRANSPORT,Pharmacie,Tanger,MA,2024-04-10 08:14:00,2024,4,10,8,Wednesday,April,TRANSPORT,PHARMACIE,1,0,Dépense,Matin
TX0500945,CUST0003_SEASONAL,2024-04-10,17:14:00,Courant,ATM,Debit,153.81,0.0,RETRAIT ATM,Pharmacie,Oujda,MA,2024-04-10 17:14:00,2024,4,10,17,Wednesday,April,RETRAIT ATM,PHARMACIE,1,0,Dépense,Après-midi
TX0500946,CUST0003_SEASONAL,2024-04-10,17:56:00,Courant,Virement instantané,Debit,221.65,0.0,TRANSPORT,BIM,Fès,MA,2024-04-10 17:56:00,2024,4,10,17,Wednesday,April,TRANSPORT,BIM,1,0,Dépense,Après-midi
TX0500947,CUST0003_SEASONAL,2024-04-11,16:22:00,Courant,Virement,Debit,106.39,0.0,ACHAT SUPERMARCHE,Pharmacie,Oujda,MA,2024-04-11 16:22:00,2024,4,11,16,Thursday,April,ACHAT SUPERMARCHE,PHARMACIE,1,0,Dépense,Après-midi
TX0500948,CUST0003_SEASONAL,2024-04-11,08:08:00,Courant,Wallet,Debit,210.82,0.0,ACHAT EPICERIE,Shell,Oujda,MA,2024-04-11 08:08:00,2024,4,11,8,Thursday,April,ACHAT EPICERIE,SHELL,1,0,Dépense,Matin
TX0500949,CUST0003_SEASONAL,2024-04-11,18:38:00,Courant,Virement instantané,Debit,43.95,0.0,RETRAIT ATM,Carrefour,Meknès,MA,2024-04-11 18:38:00,2024,4,11,18,Thursday,April,RETRAIT ATM,CARREFOUR,1,0,Dépense,Soir
TX0500950,CUST0003_SEASONAL,2024-04-12,17:56:00,Courant,Espèces,Debit,242.61,0.0,TRANSPORT,Carrefour,Agadir,MA,2024-04-12 17:56:00,2024,4,12,17,Friday,April,TRANSPORT,CARREFOUR,1,0,Dépense,Après-midi
TX0500951,CUST0003_SEASONAL,2024-04-13,16:30:00,Courant,Wallet,Debit,126.46,0.0,RETRAIT ATM,Pharmacie,Oujda,MA,2024-04-13 16:30:00,2024,4,13,16,Saturday,April,RETRAIT ATM,PHARMACIE,1,0,Dépense,Après-midi
TX0500952,CUST0003_SEASONAL,2024-04-13,11:18:00,Courant,Wallet,Debit,63.96,0.0,RETRAIT ATM,ATM,Agadir,MA,2024-04-13 11:18:00,2024,4,13,11,Saturday,April,RETRAIT ATM,ATM,1,0,Dépense,Matin
TX0500953,CUST0003_SEASONAL,2024-04-14,08:27:00,Courant,ATM,Debit,182.14,0.0,ACHAT EPICERIE,BIM,Oujda,MA,2024-04-14 08:27:00,2024,4,14,8,Sunday,April,ACHAT EPICERIE,BIM,1,0,Dépense,Matin
TX0500954,CUST0003_SEASONAL,2024-04-14,08:19:00,Courant,Virement,Debit,41.89,0.0,TRANSPORT,Careem,Casablanca,MA,2024-04-14 08:19:00,2024,4,14,8,Sunday,April,TRANSPORT,CAREEM,1,0,Dépense,Matin
TX0500955,CUST0003_SEASONAL,2024-04-14,09:04:00,Courant,Virement,Debit,236.51,0.0,ACHAT EPICERIE,ATM,Fès,MA,2024-04-14 09:04:00,2024,4,14,9,Sunday,April,ACHAT EPICERIE,ATM,1,0,Dépense,Matin
TX0500956,CUST0003_SEASONAL,2024-04-15,14:24:00,Courant,Wallet,Debit,201.08,0.0,TRANSPORT,Careem,Tanger,MA,2024-04-15 14:24:00,2024,4,15,14,Monday,April,TRANSPORT,CAREEM,1,0,Dépense,Après-midi
TX0500957,CUST0003_SEASONAL,2024-04-15,20:31:00,Courant,Carte,Debit,189.06,0.0,ACHAT SUPERMARCHE,BIM,Fès,MA,2024-04-15 20:31:00,2024,4,15,20,Monday,April,ACHAT SUPERMARCHE,BIM,1,0,Dépense,Soir
TX0500958,CUST0003_SEASONAL,2024-04-16,15:36:00,Courant,Wallet,Debit,245.09,0.0,CARBURANT,ATM,Fès,MA,2024-04-16 15:36:00,2024,4,16,15,Tuesday,April,CARBURANT,ATM,1,0,Dépense,Après-midi
TX0500959,CUST0003_SEASONAL,2024-04-16,11:01:00,Courant,ATM,Debit,121.32,0.0,CARBURANT,ATM,Meknès,MA,2024-04-16 11:01:00,2024,4,16,11,Tuesday,April,CARBURANT,ATM,1,0,Dépense,Matin
TX0500960,CUST0003_SEASONAL,2024-04-17,20:09:00,Courant,ATM,Debit,192.66,0.0,ACHAT EPICERIE,Shell,Agadir,MA,2024-04-17 20:09:00,2024,4,17,20,Wednesday,April,ACHAT EPICERIE,SHELL,1,0,Dépense,Soir
TX0500961,CUST0003_SEASONAL,2024-04-18,18:51:00,Courant,Wallet,Debit,232.81,0.0,CARBURANT,ATM,Rabat,MA,2024-04-18 18:51:00,2024,4,18,18,Thursday,April,CARBURANT,ATM,1,0,Dépense,Soir
TX0500962,CUST0003_SEASONAL,2024-04-18,12:43:00,Courant,Virement,Debit,146.08,0.0,ACHAT SUPERMARCHE,Careem,Rabat,MA,2024-04-18 12:43:00,2024,4,18,12,Thursday,April,ACHAT SUPERMARCHE,CAREEM,1,0,Dépense,Après-midi
TX0500963,CUST0003_SEASONAL,2024-04-19,20:25:00,Courant,ATM,Debit,47.01,0.0,TRANSPORT,Careem,Marrakech,MA,2024-04-19 20:25:00,2024,4,19,20,Friday,April,TRANSPORT,CAREEM,1,0,Dépense,Soir
TX0500964,CUST0003_SEASONAL,2024-04-19,09:25:00,Courant,Virement,Debit,158.09,0.0,RETRAIT ATM,Careem,Meknès,MA,2024-04-19 09:25:00,2024,4,19,9,Friday,April,RETRAIT ATM,CAREEM,1,0,Dépense,Matin
TX0500965,CUST0003_SEASONAL,2024-04-19,16:03:00,Courant,Virement,Debit,35.89,0.0,TRANSPORT,Shell,Fès,MA,2024-04-19 16:03:00,2024,4,19,16,Friday,April,TRANSPORT,SHELL,1,0,Dépense,Après-midi
TX0500966,CUST0003_SEASONAL,2024-04-20,14:47:00,Courant,ATM,Debit,162.03,0.0,ACHAT SUPERMARCHE,Shell,Tanger,MA,2024-04-20 14:47:00,2024,4,20,14,Saturday,April,ACHAT SUPERMARCHE,SHELL,1,0,Dépense,Après-midi
TX0500967,CUST0003_SEASONAL,2024-04-20,20:01:00,Courant,Virement instantané,Debit,165.74,0.0,TRANSPORT,BIM,Rabat,MA,2024-04-20 20:01:00,2024,4,20,20,Saturday,April,TRANSPORT,BIM,1,0,Dépense,Soir
TX0500968,CUST0003_SEASONAL,2024-04-20,18:45:00,Courant,Virement,Debit,143.61,0.0,RETRAIT ATM,Pharmacie,Agadir,MA,2024-04-20 18:45:00,2024,4,20,18,Saturday,April,RETRAIT ATM,PHARMACIE,1,0,Dépense,Soir
TX0500969,CUST0003_SEASONAL,2024-04-21,10:10:00,Courant,Virement,Debit,54.51,0.0,TRANSPORT,Pharmacie,Fès,MA,2024-04-21 10:10:00,2024,4,21,10,Sunday,April,TRANSPORT,PHARMACIE,1,0,Dépense,Matin
TX0500970,CUST0003_SEASONAL,2024-04-21,18:29:00,Courant,Virement,Debit,170.71,0.0,ACHAT SUPERMARCHE,Careem,Oujda,MA,2024-04-21 18:29:00,2024,4,21,18,Sunday,April,ACHAT SUPERMARCHE,CAREEM,1,0,Dépense,Soir
TX0500971,CUST0003_SEASONAL,2024-04-22,15:00:00,Courant,Wallet,Debit,38.58,0.0,ACHAT EPICERIE,Pharmacie,Casablanca,MA,2024-04-22 15:00:00,2024,4,22,15,Monday,April,ACHAT EPICERIE,PHARMACIE,1,0,Dépense,Après-midi
TX0500972,CUST0003_SEASONAL,2024-04-22,09:08:00,Courant,Virement,Debit,197.45,0.0,CARBURANT,Careem,Fès,MA,2024-04-22 09:08:00,2024,4,22,9,Monday,April,CARBURANT,CAREEM,1,0,Dépense,Matin
TX0500973,CUST0003_SEASONAL,2024-04-23,18:34:00,Courant,Espèces,Debit,193.99,0.0,TRANSPORT,Shell,Oujda,MA,2024-04-23 18:34:00,2024,4,23,18,Tuesday,April,TRANSPORT,SHELL,1,0,Dépense,Soir
TX0500974,CUST0003_SEASONAL,2024-04-23,10:56:00,Courant,Virement,Debit,237.73,0.0,ACHAT SUPERMARCHE,ATM,Agadir,MA,2024-04-23 10:56:00,2024,4,23,10,Tuesday,April,ACHAT SUPERMARCHE,ATM,1,0,Dépense,Matin
TX0500975,CUST0003_SEASONAL,2024-04-24,16:09:00,Courant,Carte,Debit,33.1,0.0,TRANSPORT,ATM,Marrakech,MA,2024-04-24 16:09:00,2024,4,24,16,Wednesday,April,TRANSPORT,ATM,1,0,Dépense,Après-midi
TX0500976,CUST0003_SEASONAL,2024-04-24,10:37:00,Courant,Virement instantané,Debit,124.89,0.0,TRANSPORT,Careem,Tanger,MA,2024-04-24 10:37:00,2024,4,24,10,Wednesday,April,TRANSPORT,CAREEM,1,0,Dépense,Matin
TX0500977,CUST0003_SEASONAL,2024-04-24,09:52:00,Courant,ATM,Debit,236.04,0.0,RETRAIT ATM,Shell,Fès,MA,2024-04-24 09:52:00,2024,4,24,9,Wednesday,April,RETRAIT ATM,SHELL,1,0,Dépense,Matin
TX0500978,CUST0003_SEASONAL,2024-04-25,12:03:00,Courant,Virement instantané,Debit,203.24,0.0,ACHAT SUPERMARCHE,Shell,Meknès,MA,2024-04-25 12:03:00,2024,4,25,12,Thursday,April,ACHAT SUPERMARCHE,SHELL,1,0,Dépense,Après-midi
TX0500979,CUST0003_SEASONAL,2024-04-25,19:45:00,Courant,Virement instantané,Debit,43.5,0.0,RETRAIT ATM,BIM,Rabat,MA,2024-04-25 19:45:00,2024,4,25,19,Thursday,April,RETRAIT ATM,BIM,1,0,Dépense,Soir
TX0500980,CUST0003_SEASONAL,2024-04-26,17:49:00,Courant,Virement instantané,Debit,173.72,0.0,ACHAT EPICERIE,ATM,Fès,MA,2024-04-26 17:49:00,2024,4,26,17,Friday,April,ACHAT EPICERIE,ATM,1,0,Dépense,Après-midi
TX0500981,CUST0003_SEASONAL,2024-04-26,11:06:00,Courant,ATM,Debit,60.04,0.0,ACHAT EPICERIE,Careem,Oujda,MA,2024-04-26 11:06:00,2024,4,26,11,Friday,April,ACHAT EPICERIE,CAREEM,1,0,Dépense,Matin
TX0500982,CUST0003_SEASONAL,2024-04-27,08:41:00,Courant,Wallet,Debit,228.66,0.0,ACHAT EPICERIE,ATM,Marrakech,MA,2024-04-27 08:41:00,2024,4,27,8,Saturday,April,ACHAT EPICERIE,ATM,1,0,Dépense,Matin
TX0500983,CUST0003_SEASONAL,2024-04-27,14:03:00,Courant,Espèces,Debit,126.38,0.0,RETRAIT ATM,Careem,Oujda,MA,2024-04-27 14:03:00,2024,4,27,14,Saturday,April,RETRAIT ATM,CAREEM,1,0,Dépense,Après-midi
TX0500984,CUST0003_SEASONAL,2024-04-28,16:50:00,Courant,Virement instantané,Debit,200.2,0.0,CARBURANT,BIM,Marrakech,MA,2024-04-28 16:50:00,2024,4,28,16,Sunday,April,CARBURANT,BIM,1,0,Dépense,Après-midi
TX0500985,CUST0003_SEASONAL,2024-04-28,09:49:00,Courant,Virement,Debit,230.29,0.0,ACHAT SUPERMARCHE,Pharmacie,Agadir,MA,2024-04-28 09:49:00,2024,4,28,9,Sunday,April,ACHAT SUPERMARCHE,PHARMACIE,1,0,Dépense,Matin
TX0500986,CUST0003_SEASONAL,2024-04-29,12:20:00,Courant,Espèces,Debit,204.56,0.0,ACHAT EPICERIE,Careem,Casablanca,MA,2024-04-29 12:20:00,2024,4,29,12,Monday,April,ACHAT EPICERIE,CAREEM,1,0,Dépense,Après-midi
TX0500987,CUST0003_SEASONAL,2024-04-30,10:58:00,Courant,Espèces,Debit,75.75,0.0,RETRAIT ATM,ATM,Fès,MA,2024-04-30 10:58:00,2024,4,30,10,Tuesday,April,RETRAIT ATM,ATM,1,0,Dépense,Matin
TX0500988,CUST0003_SEASONAL,2024-04-30,18:28:00,Courant,Espèces,Debit,42.71,0.0,TRANSPORT,Pharmacie,Agadir,MA,2024-04-30 18:28:00,2024,4,30,18,Tuesday,April,TRANSPORT,PHARMACIE,1,0,Dépense,Soir
TX0500989,CUST0003_SEASONAL,2024-04-30,10:26:00,Courant,ATM,Debit,138.65,0.0,RETRAIT ATM,Careem,Marrakech,MA,2024-04-30 10:26:00,2024,4,30,10,Tuesday,April,RETRAIT ATM,CAREEM,1,0,Dépense,Matin
TX0500990,CUST0003_SEASONAL,2024-05-01,17:48:00,Salaire,Virement instantané,Credit,14852.0,-22917.41,virement employeur,Salaire,Meknès,MA,2024-05-01 17:48:00,2024,5,1,17,Wednesday,May,VIREMENT EMPLOYEUR,SALAIRE,0,1,Revenu,Après-midi
TX0500992,CUST0003_SEASONAL,2024-05-01,17:48:00,Courant,Wallet,Debit,49.47,0.0,RETRAIT ATM,Carrefour,Oujda,MA,2024-05-01 17:48:00,2024,5,1,17,Wednesday,May,RETRAIT ATM,CARREFOUR,1,0,Dépense,Après-midi
TX0500992,CUST0003_SEASONAL,2024-05-01,14:46:00,Courant,ATM,Debit,106.74,0.0,RETRAIT ATM,Careem,Fès,MA,2024-05-01 14:46:00,2024,5,1,14,Wednesday,May,RETRAIT ATM,CAREEM,1,0,Dépense,Après-midi
TX0500993,CUST0003_SEASONAL,2024-05-02,13:43:00,Courant,Virement,Debit,99.64,0.0,ACHAT EPICERIE,Pharmacie,Fès,MA,2024-05-02 13:43:00,2024,5,2,13,Thursday,May,ACHAT EPICERIE,PHARMACIE,1,0,Dépense,Après-midi
TX0500994,CUST0003_SEASONAL,2024-05-03,09:27:00,Courant,Carte,Debit,169.66,0.0,ACHAT SUPERMARCHE,Carrefour,Tanger,MA,2024-05-03 09:27:00,2024,5,3,9,Friday,May,ACHAT SUPERMARCHE,CARREFOUR,1,0,Dépense,Matin
TX0500995,CUST0003_SEASONAL,2024-05-03,09:14:00,Courant,Espèces,Debit,129.38,0.0,ACHAT EPICERIE,Pharmacie,Casablanca,MA,2024-05-03 09:14:00,2024,5,3,9,Friday,May,ACHAT EPICERIE,PHARMACIE,1,0,Dépense,Matin
TX0500996,CUST0003_SEASONAL,2024-05-04,12:10:00,Courant,Virement instantané,Debit,124.72,0.0,TRANSPORT,Shell,Tanger,MA,2024-05-04 12:10:00,2024,5,4,12,Saturday,May,TRANSPORT,SHELL,1,0,Dépense,Après-midi
TX0500997,CUST0003_SEASONAL,2024-05-04,13:33:00,Courant,Virement instantané,Debit,236.17,0.0,RETRAIT ATM,Shell,Casablanca,MA,2024-05-04 13:33:00,2024,5,4,13,Saturday,May,RETRAIT ATM,SHELL,1,0,Dépense,Après-midi
TX0500998,CUST0003_SEASONAL,2024-05-05,13:45:00,Courant,Virement,Debit,114.14,0.0,ACHAT EPICERIE,Carrefour,Fès,MA,2024-05-05 13:45:00,2024,5,5,13,Sunday,May,ACHAT EPICERIE,CARREFOUR,1,0,Dépense,Après-midi
TX0500999,CUST0003_SEASONAL,2024-05-05,20:46:00,Courant,Virement instantané,Debit,36.15,0.0,TRANSPORT,Shell,Fès,MA,2024-05-05 20:46:00,2024,5,5,20,Sunday,May,TRANSPORT,SHELL,1,0,Dépense,Soir
TX0501000,CUST0003_SEASONAL,2024-05-06,20:06:00,Courant,ATM,Debit,77.96,0.0,RETRAIT ATM,BIM,Meknès,MA,2024-05-06 20:06:00,2024,5,6,20,Monday,May,RETRAIT ATM,BIM,1,0,Dépense,Soir
TX0501001,CUST0003_SEASONAL,2024-05-06,09:07:00,Courant,Virement,Debit,104.96,0.0,ACHAT EPICERIE,Carrefour,Casablanca,MA,2024-05-06 09:07:00,2024,5,6,9,Monday,May,ACHAT EPICERIE,CARREFOUR,1,0,Dépense,Matin
TX0501002,CUST0003_SEASONAL,2024-05-06,10:57:00,Courant,Wallet,Debit,134.0,0.0,CARBURANT,ATM,Tanger,MA,2024-05-06 10:57:00,2024,5,6,10,Monday,May,CARBURANT,ATM,1,0,Dépense,Matin
TX0501003,CUST0003_SEASONAL,2024-05-07,10:13:00,Courant,Virement instantané,Debit,143.05,0.0,CARBURANT,Shell,Rabat,MA,2024-05-07 10:13:00,2024,5,7,10,Tuesday,May,CARBURANT,SHELL,1,0,Dépense,Matin
TX0501004,CUST0003_SEASONAL,2024-05-07,15:04:00,Courant,Wallet,Debit,47.79,0.0,TRANSPORT,ATM,Rabat,MA,2024-05-07 15:04:00,2024,5,7,15,Tuesday,May,TRANSPORT,ATM,1,0,Dépense,Après-midi
TX0501005,CUST0003_SEASONAL,2024-05-08,16:33:00,Courant,Virement,Debit,167.33,0.0,CARBURANT,Careem,Fès,MA,2024-05-08 16:33:00,2024,5,8,16,Wednesday,May,CARBURANT,CAREEM,1,0,Dépense,Après-midi
TX0501006,CUST0003_SEASONAL,2024-05-08,19:50:00,Courant,Espèces,Debit,179.9,0.0,ACHAT SUPERMARCHE,BIM,Marrakech,MA,2024-05-08 19:50:00,2024,5,8,19,Wednesday,May,ACHAT SUPERMARCHE,BIM,1,0,Dépense,Soir
TX0501007,CUST0003_SEASONAL,2024-05-08,19:27:00,Courant,Wallet,Debit,178.37,0.0,TRANSPORT,Carrefour,Meknès,MA,2024-05-08 19:27:00,2024,5,8,19,Wednesday,May,TRANSPORT,CARREFOUR,1,0,Dépense,Soir
TX0501008,CUST0003_SEASONAL,2024-05-09,20:07:00,Courant,ATM,Debit,136.22,0.0,TRANSPORT,BIM,Tanger,MA,2024-05-09 20:07:00,2024,5,9,20,Thursday,May,TRANSPORT,BIM,1,0,Dépense,Soir
TX0501009,CUST0003_SEASONAL,2024-05-09,13:03:00,Courant,ATM,Debit,116.05,0.0,ACHAT EPICERIE,BIM,Oujda,MA,2024-05-09 13:03:00,2024,5,9,13,Thursday,May,ACHAT EPICERIE,BIM,1,0,Dépense,Après-midi
TX0501010,CUST0003_SEASONAL,2024-05-10,13:36:00,Courant,ATM,Debit,116.34,0.0,TRANSPORT,ATM,Tanger,MA,2024-05-10 13:36:00,2024,5,10,13,Friday,May,TRANSPORT,ATM,1,0,Dépense,Après-midi
TX0501011,CUST0003_SEASONAL,2024-05-10,15:55:00,Courant,Espèces,Debit,228.39,0.0,RETRAIT ATM,Pharmacie,Marrakech,MA,2024-05-10 15:55:00,2024,5,10,15,Friday,May,RETRAIT ATM,PHARMACIE,1,0,Dépense,Après-midi
TX0501012,CUST0003_SEASONAL,2024-05-10,13:22:00,Courant,ATM,Debit,190.81,0.0,TRANSPORT,ATM,Fès,MA,2024-05-10 13:22:00,2024,5,10,13,Friday,May,TRANSPORT,ATM,1,0,Dépense,Après-midi
TX0501013,CUST0003_SEASONAL,2024-05-10,15:20:00,Courant,Wallet,Debit,207.68,0.0,ACHAT SUPERMARCHE,Pharmacie,Agadir,MA,2024-05-10 15:20:00,2024,5,10,15,Friday,May,ACHAT SUPERMARCHE,PHARMACIE,1,0,Dépense,Après-midi
TX0501014,CUST0003_SEASONAL,2024-05-11,13:54:00,Courant,Espèces,Debit,197.31,0.0,CARBURANT,BIM,Oujda,MA,2024-05-11 13:54:00,2024,5,11,13,Saturday,May,CARBURANT,BIM,1,0,Dépense,Après-midi
TX0501015,CUST0003_SEASONAL,2024-05-11,20:34:00,Courant,ATM,Debit,231.02,0.0,RETRAIT ATM,ATM,Meknès,MA,2024-05-11 20:34:00,2024,5,11,20,Saturday,May,RETRAIT ATM,ATM,1,0,Dépense,Soir
TX0501016,CUST0003_SEASONAL,2024-05-12,11:51:00,Courant,Virement instantané,Debit,197.73,0.0,TRANSPORT,Careem,Meknès,MA,2024-05-12 11:51:00,2024,5,12,11,Sunday,May,TRANSPORT,CAREEM,1,0,Dépense,Matin
TX0501017,CUST0003_SEASONAL,2024-05-12,18:49:00,Courant,Virement,Debit,142.71,0.0,ACHAT SUPERMARCHE,Shell,Agadir,MA,2024-05-12 18:49:00,2024,5,12,18,Sunday,May,ACHAT SUPERMARCHE,SHELL,1,0,Dépense,Soir
TX0501018,CUST0003_SEASONAL,2024-05-12,18:32:00,Courant,ATM,Debit,121.89,0.0,TRANSPORT,Careem,Tanger,MA,2024-05-12 18:32:00,2024,5,12,18,Sunday,May,TRANSPORT,CAREEM,1,0,Dépense,Soir
TX0501019,CUST0003_SEASONAL,2024-05-13,16:08:00,Courant,ATM,Debit,192.73,0.0,RETRAIT ATM,Carrefour,Oujda,MA,2024-05-13 16:08:00,2024,5,13,16,Monday,May,RETRAIT ATM,CARREFOUR,1,0,Dépense,Après-midi
TX0501020,CUST0003_SEASONAL,2024-05-13,12:29:00,Courant,Carte,Debit,107.7,0.0,RETRAIT ATM,BIM,Marrakech,MA,2024-05-13 12:29:00,2024,5,13,12,Monday,May,RETRAIT ATM,BIM,1,0,Dépense,Après-midi
TX0501021,CUST0003_SEASONAL,2024-05-14,09:25:00,Courant,Wallet,Debit,170.84,0.0,ACHAT SUPERMARCHE,ATM,Fès,MA,2024-05-14 09:25:00,2024,5,14,9,Tuesday,May,ACHAT SUPERMARCHE,ATM,1,0,Dépense,Matin
TX0501022,CUST0003_SEASONAL,2024-05-14,18:21:00,Courant,Virement instantané,Debit,37.3,0.0,TRANSPORT,Careem,Tanger,MA,2024-05-14 18:21:00,2024,5,14,18,Tuesday,May,TRANSPORT,CAREEM,1,0,Dépense,Soir
TX0501023,CUST0003_SEASONAL,2024-05-15,12:44:00,Courant,Wallet,Debit,81.55,0.0,RETRAIT ATM,Careem,Fès,MA,2024-05-15 12:44:00,2024,5,15,12,Wednesday,May,RETRAIT ATM,CAREEM,1,0,Dépense,Après-midi
TX0501024,CUST0003_SEASONAL,2024-05-15,18:16:00,Courant,Espèces,Debit,185.08,0.0,TRANSPORT,BIM,Fès,MA,2024-05-15 18:16:00,2024,5,15,18,Wednesday,May,TRANSPORT,BIM,1,0,Dépense,Soir
TX0501025,CUST0003_SEASONAL,2024-05-15,17:06:00,Courant,Espèces,Debit,55.98,0.0,ACHAT EPICERIE,Careem,Agadir,MA,2024-05-15 17:06:00,2024,5,15,17,Wednesday,May,ACHAT EPICERIE,CAREEM,1,0,Dépense,Après-midi
TX0501026,CUST0003_SEASONAL,2024-05-16,09:18:00,Courant,Espèces,Debit,46.95,0.0,TRANSPORT,Shell,Rabat,MA,2024-05-16 09:18:00,2024,5,16,9,Thursday,May,TRANSPORT,SHELL,1,0,Dépense,Matin
TX0501027,CUST0003_SEASONAL,2024-05-17,15:45:00,Courant,Wallet,Debit,75.18,0.0,CARBURANT,Shell,Casablanca,MA,2024-05-17 15:45:00,2024,5,17,15,Friday,May,CARBURANT,SHELL,1,0,Dépense,Après-midi
TX0501028,CUST0003_SEASONAL,2024-05-17,13:34:00,Courant,Espèces,Debit,108.92,0.0,ACHAT EPICERIE,BIM,Agadir,MA,2024-05-17 13:34:00,2024,5,17,13,Friday,May,ACHAT EPICERIE,BIM,1,0,Dépense,Après-midi
TX0501029,CUST0003_SEASONAL,2024-05-17,15:31:00,Courant,Virement instantané,Debit,214.57,0.0,RETRAIT ATM,Carrefour,Meknès,MA,2024-05-17 15:31:00,2024,5,17,15,Friday,May,RETRAIT ATM,CARREFOUR,1,0,Dépense,Après-midi
TX0501030,CUST0003_SEASONAL,2024-05-18,20:23:00,Courant,ATM,Debit,91.36,0.0,ACHAT SUPERMARCHE,ATM,Marrakech,MA,2024-05-18 20:23:00,2024,5,18,20,Saturday,May,ACHAT SUPERMARCHE,ATM,1,0,Dépense,Soir
TX0501031,CUST0003_SEASONAL,2024-05-18,15:35:00,Courant,Carte,Debit,39.22,0.0,ACHAT SUPERMARCHE,BIM,Meknès,MA,2024-05-18 15:35:00,2024,5,18,15,Saturday,May,ACHAT SUPERMARCHE,BIM,1,0,Dépense,Après-midi
TX0501032,CUST0003_SEASONAL,2024-05-18,13:26:00,Courant,Virement,Debit,77.98,0.0,RETRAIT ATM,Pharmacie,Casablanca,MA,2024-05-18 13:26:00,2024,5,18,13,Saturday,May,RETRAIT ATM,PHARMACIE,1,0,Dépense,Après-midi
TX0501033,CUST0003_SEASONAL,2024-05-19,08:43:00,Courant,Virement,Debit,209.55,0.0,RETRAIT ATM,ATM,Tanger,MA,2024-05-19 08:43:00,2024,5,19,8,Sunday,May,RETRAIT ATM,ATM,1,0,Dépense,Matin
TX0501034,CUST0003_SEASONAL,2024-05-19,19:08:00,Courant,Virement instantané,Debit,154.06,0.0,RETRAIT ATM,ATM,Fès,MA,2024-05-19 19:08:00,2024,5,19,19,Sunday,May,RETRAIT ATM,ATM,1,0,Dépense,Soir
TX0501035,CUST0003_SEASONAL,2024-05-20,20:47:00,Courant,Wallet,Debit,190.78,0.0,TRANSPORT,Shell,Marrakech,MA,2024-05-20 20:47:00,2024,5,20,20,Monday,May,TRANSPORT,SHELL,1,0,Dépense,Soir
TX0501036,CUST0003_SEASONAL,2024-05-20,13:09:00,Courant,Espèces,Debit,235.06,0.0,ACHAT SUPERMARCHE,Carrefour,Fès,MA,2024-05-20 13:09:00,2024,5,20,13,Monday,May,ACHAT SUPERMARCHE,CARREFOUR,1,0,Dépense,Après-midi
TX0501037,CUST0003_SEASONAL,2024-05-20,08:13:00,Courant,Wallet,Debit,244.82,0.0,RETRAIT ATM,Carrefour,Meknès,MA,2024-05-20 08:13:00,2024,5,20,8,Monday,May,RETRAIT ATM,CARREFOUR,1,0,Dépense,Matin
TX0501038,CUST0003_SEASONAL,2024-05-20,20:39:00,Courant,ATM,Debit,76.61,0.0,TRANSPORT,BIM,Agadir,MA,2024-05-20 20:39:00,2024,5,20,20,Monday,May,TRANSPORT,BIM,1,0,Dépense,Soir
TX0501039,CUST0003_SEASONAL,2024-05-21,18:13:00,Courant,Wallet,Debit,137.2,0.0,ACHAT SUPERMARCHE,Carrefour,Meknès,MA,2024-05-21 18:13:00,2024,5,21,18,Tuesday,May,ACHAT SUPERMARCHE,CARREFOUR,1,0,Dépense,Soir
TX0501040,CUST0003_SEASONAL,2024-05-21,20:09:00,Courant,Virement,Debit,86.89,0.0,ACHAT EPICERIE,Careem,Tanger,MA,2024-05-21 20:09:00,2024,5,21,20,Tuesday,May,ACHAT EPICERIE,CAREEM,1,0,Dépense,Soir
TX0501041,CUST0003_SEASONAL,2024-05-22,20:35:00,Courant,ATM,Debit,98.62,0.0,RETRAIT ATM,ATM,Fès,MA,2024-05-22 20:35:00,2024,5,22,20,Wednesday,May,RETRAIT ATM,ATM,1,0,Dépense,Soir
TX0501042,CUST0003_SEASONAL,2024-05-22,18:08:00,Courant,Virement,Debit,53.23,0.0,TRANSPORT,Pharmacie,Marrakech,MA,2024-05-22 18:08:00,2024,5,22,18,Wednesday,May,TRANSPORT,PHARMACIE,1,0,Dépense,Soir
TX0501043,CUST0003_SEASONAL,2024-05-22,14:07:00,Courant,Wallet,Debit,40.16,0.0,RETRAIT ATM,Pharmacie,Agadir,MA,2024-05-22 14:07:00,2024,5,22,14,Wednesday,May,RETRAIT ATM,PHARMACIE,1,0,Dépense,Après-midi
TX0501044,CUST0003_SEASONAL,2024-05-23,08:08:00,Courant,Virement,Debit,38.28,0.0,RETRAIT ATM,Pharmacie,Tanger,MA,2024-05-23 08:08:00,2024,5,23,8,Thursday,May,RETRAIT ATM,PHARMACIE,1,0,Dépense,Matin
TX0501045,CUST0003_SEASONAL,2024-05-23,08:12:00,Courant,Carte,Debit,193.6,0.0,TRANSPORT,BIM,Casablanca,MA,2024-05-23 08:12:00,2024,5,23,8,Thursday,May,TRANSPORT,BIM,1,0,Dépense,Matin
TX0501046,CUST0003_SEASONAL,2024-05-23,13:00:00,Courant,ATM,Debit,96.99,0.0,ACHAT SUPERMARCHE,Careem,Fès,MA,2024-05-23 13:00:00,2024,5,23,13,Thursday,May,ACHAT SUPERMARCHE,CAREEM,1,0,Dépense,Après-midi
TX0501047,CUST0003_SEASONAL,2024-05-24,15:20:00,Courant,Wallet,Debit,179.14,0.0,ACHAT SUPERMARCHE,BIM,Marrakech,MA,2024-05-24 15:20:00,2024,5,24,15,Friday,May,ACHAT SUPERMARCHE,BIM,1,0,Dépense,Après-midi
TX0501048,CUST0003_SEASONAL,2024-05-24,09:58:00,Courant,Virement instantané,Debit,90.64,0.0,TRANSPORT,Carrefour,Casablanca,MA,2024-05-24 09:58:00,2024,5,24,9,Friday,May,TRANSPORT,CARREFOUR,1,0,Dépense,Matin
TX0501049,CUST0003_SEASONAL,2024-05-24,08:57:00,Courant,Carte,Debit,51.45,0.0,ACHAT EPICERIE,Carrefour,Meknès,MA,2024-05-24 08:57:00,2024,5,24,8,Friday,May,ACHAT EPICERIE,CARREFOUR,1,0,Dépense,Matin
TX0501050,CUST0003_SEASONAL,2024-05-25,11:57:00,Courant,Espèces,Debit,155.41,0.0,RETRAIT ATM,Careem,Oujda,MA,2024-05-25 11:57:00,2024,5,25,11,Saturday,May,RETRAIT ATM,CAREEM,1,0,Dépense,Matin
TX0501051,CUST0003_SEASONAL,2024-05-25,18:41:00,Courant,Espèces,Debit,215.74,0.0,TRANSPORT,ATM,Marrakech,MA,2024-05-25 18:41:00,2024,5,25,18,Saturday,May,TRANSPORT,ATM,1,0,Dépense,Soir
TX0501052,CUST0003_SEASONAL,2024-05-26,12:24:00,Courant,ATM,Debit,222.69,0.0,TRANSPORT,Carrefour,Meknès,MA,2024-05-26 12:24:00,2024,5,26,12,Sunday,May,TRANSPORT,CARREFOUR,1,0,Dépense,Après-midi
TX0501053,CUST0003_SEASONAL,2024-05-26,13:47:00,Courant,Wallet,Debit,150.59,0.0,ACHAT SUPERMARCHE,Careem,Marrakech,MA,2024-05-26 13:47:00,2024,5,26,13,Sunday,May,ACHAT SUPERMARCHE,CAREEM,1,0,Dépense,Après-midi
TX0501054,CUST0003_SEASONAL,2024-05-26,09:54:00,Courant,Wallet,Debit,202.6,0.0,CARBURANT,Shell,Marrakech,MA,2024-05-26 09:54:00,2024,5,26,9,Sunday,May,CARBURANT,SHELL,1,0,Dépense,Matin
TX0501055,CUST0003_SEASONAL,2024-05-27,13:56:00,Courant,Espèces,Debit,132.12,0.0,RETRAIT ATM,Pharmacie,Oujda,MA,2024-05-27 13:56:00,2024,5,27,13,Monday,May,RETRAIT ATM,PHARMACIE,1,0,Dépense,Après-midi
TX0501056,CUST0003_SEASONAL,2024-05-27,18:40:00,Courant,ATM,Debit,103.29,0.0,ACHAT EPICERIE,Pharmacie,Casablanca,MA,2024-05-27 18:40:00,2024,5,27,18,Monday,May,ACHAT EPICERIE,PHARMACIE,1,0,Dépense,Soir
TX0501057,CUST0003_SEASONAL,2024-05-28,10:31:00,Courant,Virement,Debit,222.54,0.0,TRANSPORT,Careem,Oujda,MA,2024-05-28 10:31:00,2024,5,28,10,Tuesday,May,TRANSPORT,CAREEM,1,0,Dépense,Matin
TX0501058,CUST0003_SEASONAL,2024-05-28,10:58:00,Courant,Virement,Debit,88.06,0.0,TRANSPORT,Shell,Marrakech,MA,2024-05-28 10:58:00,2024,5,28,10,Tuesday,May,TRANSPORT,SHELL,1,0,Dépense,Matin
TX0501059,CUST0003_SEASONAL,2024-05-28,10:27:00,Courant,Virement,Debit,195.84,0.0,CARBURANT,ATM,Meknès,MA,2024-05-28 10:27:00,2024,5,28,10,Tuesday,May,CARBURANT,ATM,1,0,Dépense,Matin
TX0501060,CUST0003_SEASONAL,2024-05-28,14:31:00,Courant,Wallet,Debit,152.34,0.0,RETRAIT ATM,Carrefour,Oujda,MA,2024-05-28 14:31:00,2024,5,28,14,Tuesday,May,RETRAIT ATM,CARREFOUR,1,0,Dépense,Après-midi
TX0501061,CUST0003_SEASONAL,2024-05-29,08:33:00,Courant,Espèces,Debit,231.22,0.0,RETRAIT ATM,ATM,Fès,MA,2024-05-29 08:33:00,2024,5,29,8,Wednesday,May,RETRAIT ATM,ATM,1,0,Dépense,Matin
TX0501062,CUST0003_SEASONAL,2024-05-29,16:34:00,Courant,Espèces,Debit,78.23,0.0,TRANSPORT,ATM,Agadir,MA,2024-05-29 16:34:00,2024,5,29,16,Wednesday,May,TRANSPORT,ATM,1,0,Dépense,Après-midi
TX0501063,CUST0003_SEASONAL,2024-05-29,10:00:00,Courant,Carte,Debit,44.03,0.0,TRANSPORT,Careem,Rabat,MA,2024-05-29 10:00:00,2024,5,29,10,Wednesday,May,TRANSPORT,CAREEM,1,0,Dépense,Matin
TX0501064,CUST0003_SEASONAL,2024-05-30,11:02:00,Courant,Virement instantané,Debit,188.4,0.0,CARBURANT,Shell,Marrakech,MA,2024-05-30 11:02:00,2024,5,30,11,Thursday,May,CARBURANT,SHELL,1,0,Dépense,Matin
TX0501065,CUST0003_SEASONAL,2024-05-30,11:08:00,Courant,Virement,Debit,148.22,0.0,ACHAT SUPERMARCHE,BIM,Casablanca,MA,2024-05-30 11:08:00,2024,5,30,11,Thursday,May,ACHAT SUPERMARCHE,BIM,1,0,Dépense,Matin
TX0501066,CUST0003_SEASONAL,2024-05-30,10:18:00,Courant,ATM,Debit,135.33,0.0,ACHAT SUPERMARCHE,BIM,Rabat,MA,2024-05-30 10:18:00,2024,5,30,10,Thursday,May,ACHAT SUPERMARCHE,BIM,1,0,Dépense,Matin
TX0501067,CUST0003_SEASONAL,2024-05-31,19:48:00,Courant,Virement,Debit,204.08,0.0,CARBURANT,Shell,Agadir,MA,2024-05-31 19:48:00,2024,5,31,19,Friday,May,CARBURANT,SHELL,1,0,Dépense,Soir
TX0501068,CUST0003_SEASONAL,2024-05-31,19:15:00,Courant,Wallet,Debit,71.13,0.0,ACHAT SUPERMARCHE,BIM,Rabat,MA,2024-05-31 19:15:00,2024,5,31,19,Friday,May,ACHAT SUPERMARCHE,BIM,1,0,Dépense,Soir
TX0501069,CUST0003_SEASONAL,2024-05-31,08:35:00,Courant,Carte,Debit,120.56,0.0,RETRAIT ATM,BIM,Fès,MA,2024-05-31 08:35:00,2024,5,31,8,Friday,May,RETRAIT ATM,BIM,1,0,Dépense,Matin
TX0501070,CUST0003_SEASONAL,2024-06-01,11:45:00,Salaire,Virement instantané,Credit,17282.0,-16345.82,virement employeur,Salaire,Rabat,MA,2024-06-01 11:45:00,2024,6,1,11,Saturday,June,VIREMENT EMPLOYEUR,SALAIRE,0,1,Revenu,Matin
TX0501072,CUST0003_SEASONAL,2024-06-01,11:45:00,Courant,Carte,Debit,162.74,0.0,RETRAIT ATM,ATM,Oujda,MA,2024-06-01 11:45:00,2024,6,1,11,Saturday,June,RETRAIT ATM,ATM,1,0,Dépense,Matin
TX0501072,CUST0003_SEASONAL,2024-06-01,12:00:00,Courant,Carte,Debit,81.44,0.0,TRANSPORT,ATM,Rabat,MA,2024-06-01 12:00:00,2024,6,1,12,Saturday,June,TRANSPORT,ATM,1,0,Dépense,Après-midi
TX0501073,CUST0003_SEASONAL,2024-06-02,15:15:00,Courant,ATM,Debit,112.99,0.0,ACHAT SUPERMARCHE,Pharmacie,Agadir,MA,2024-06-02 15:15:00,2024,6,2,15,Sunday,June,ACHAT SUPERMARCHE,PHARMACIE,1,0,Dépense,Après-midi
TX0501074,CUST0003_SEASONAL,2024-06-02,13:33:00,Courant,Virement,Debit,190.07,0.0,TRANSPORT,Careem,Casablanca,MA,2024-06-02 13:33:00,2024,6,2,13,Sunday,June,TRANSPORT,CAREEM,1,0,Dépense,Après-midi
TX0501075,CUST0003_SEASONAL,2024-06-02,17:30:00,Courant,Virement instantané,Debit,46.54,0.0,ACHAT SUPERMARCHE,Careem,Rabat,MA,2024-06-02 17:30:00,2024,6,2,17,Sunday,June,ACHAT SUPERMARCHE,CAREEM,1,0,Dépense,Après-midi
TX0501076,CUST0003_SEASONAL,2024-06-03,17:22:00,Courant,Virement instantané,Debit,82.98,0.0,ACHAT EPICERIE,Pharmacie,Agadir,MA,2024-06-03 17:22:00,2024,6,3,17,Monday,June,ACHAT EPICERIE,PHARMACIE,1,0,Dépense,Après-midi
TX0501077,CUST0003_SEASONAL,2024-06-03,11:14:00,Courant,ATM,Debit,117.38,0.0,ACHAT SUPERMARCHE,Carrefour,Tanger,MA,2024-06-03 11:14:00,2024,6,3,11,Monday,June,ACHAT SUPERMARCHE,CARREFOUR,1,0,Dépense,Matin
TX0501078,CUST0003_SEASONAL,2024-06-03,09:30:00,Courant,Wallet,Debit,32.05,0.0,ACHAT EPICERIE,Carrefour,Rabat,MA,2024-06-03 09:30:00,2024,6,3,9,Monday,June,ACHAT EPICERIE,CARREFOUR,1,0,Dépense,Matin
TX0501079,CUST0003_SEASONAL,2024-06-04,11:51:00,Courant,Carte,Debit,81.97,0.0,RETRAIT ATM,Pharmacie,Oujda,MA,2024-06-04 11:51:00,2024,6,4,11,Tuesday,June,RETRAIT ATM,PHARMACIE,1,0,Dépense,Matin
TX0501080,CUST0003_SEASONAL,2024-06-04,19:46:00,Courant,Espèces,Debit,85.29,0.0,CARBURANT,Shell,Agadir,MA,2024-06-04 19:46:00,2024,6,4,19,Tuesday,June,CARBURANT,SHELL,1,0,Dépense,Soir
TX0501081,CUST0003_SEASONAL,2024-06-04,09:14:00,Courant,Espèces,Debit,114.25,0.0,ACHAT EPICERIE,ATM,Meknès,MA,2024-06-04 09:14:00,2024,6,4,9,Tuesday,June,ACHAT EPICERIE,ATM,1,0,Dépense,Matin
TX0501082,CUST0003_SEASONAL,2024-06-05,10:10:00,Courant,ATM,Debit,195.27,0.0,CARBURANT,BIM,Fès,MA,2024-06-05 10:10:00,2024,6,5,10,Wednesday,June,CARBURANT,BIM,1,0,Dépense,Matin
TX0501083,CUST0003_SEASONAL,2024-06-06,16:15:00,Courant,Espèces,Debit,223.12,0.0,CARBURANT,Careem,Rabat,MA,2024-06-06 16:15:00,2024,6,6,16,Thursday,June,CARBURANT,CAREEM,1,0,Dépense,Après-midi
TX0501084,CUST0003_SEASONAL,2024-06-06,16:40:00,Courant,ATM,Debit,65.42,0.0,ACHAT SUPERMARCHE,ATM,Oujda,MA,2024-06-06 16:40:00,2024,6,6,16,Thursday,June,ACHAT SUPERMARCHE,ATM,1,0,Dépense,Après-midi
TX0501085,CUST0003_SEASONAL,2024-06-07,14:34:00,Courant,Carte,Debit,150.87,0.0,ACHAT EPICERIE,Shell,Oujda,MA,2024-06-07 14:34:00,2024,6,7,14,Friday,June,ACHAT EPICERIE,SHELL,1,0,Dépense,Après-midi
TX0501086,CUST0003_SEASONAL,2024-06-07,15:54:00,Courant,Carte,Debit,30.84,0.0,RETRAIT ATM,Pharmacie,Oujda,MA,2024-06-07 15:54:00,2024,6,7,15,Friday,June,RETRAIT ATM,PHARMACIE,1,0,Dépense,Après-midi
TX0501087,CUST0003_SEASONAL,2024-06-07,19:04:00,Courant,Carte,Debit,63.27,0.0,ACHAT SUPERMARCHE,ATM,Meknès,MA,2024-06-07 19:04:00,2024,6,7,19,Friday,June,ACHAT SUPERMARCHE,ATM,1,0,Dépense,Soir
TX0501088,CUST0003_SEASONAL,2024-06-08,11:50:00,Courant,ATM,Debit,148.12,0.0,CARBURANT,Pharmacie,Marrakech,MA,2024-06-08 11:50:00,2024,6,8,11,Saturday,June,CARBURANT,PHARMACIE,1,0,Dépense,Matin
TX0501089,CUST0003_SEASONAL,2024-06-09,13:52:00,Courant,Virement,Debit,62.42,0.0,RETRAIT ATM,ATM,Agadir,MA,2024-06-09 13:52:00,2024,6,9,13,Sunday,June,RETRAIT ATM,ATM,1,0,Dépense,Après-midi
TX0501090,CUST0003_SEASONAL,2024-06-09,19:06:00,Courant,Wallet,Debit,175.54,0.0,ACHAT SUPERMARCHE,Shell,Meknès,MA,2024-06-09 19:06:00,2024,6,9,19,Sunday,June,ACHAT SUPERMARCHE,SHELL,1,0,Dépense,Soir
TX0501091,CUST0003_SEASONAL,2024-06-10,19:37:00,Courant,Virement,Debit,214.97,0.0,CARBURANT,Careem,Marrakech,MA,2024-06-10 19:37:00,2024,6,10,19,Monday,June,CARBURANT,CAREEM,1,0,Dépense,Soir
TX0501092,CUST0003_SEASONAL,2024-06-10,11:49:00,Courant,Espèces,Debit,37.05,0.0,ACHAT SUPERMARCHE,ATM,Agadir,MA,2024-06-10 11:49:00,2024,6,10,11,Monday,June,ACHAT SUPERMARCHE,ATM,1,0,Dépense,Matin
TX0501093,CUST0003_SEASONAL,2024-06-11,18:52:00,Courant,Virement instantané,Debit,106.99,0.0,ACHAT SUPERMARCHE,Careem,Meknès,MA,2024-06-11 18:52:00,2024,6,11,18,Tuesday,June,ACHAT SUPERMARCHE,CAREEM,1,0,Dépense,Soir
TX0501094,CUST0003_SEASONAL,2024-06-12,11:24:00,Courant,ATM,Debit,194.01,0.0,CARBURANT,Shell,Meknès,MA,2024-06-12 11:24:00,2024,6,12,11,Wednesday,June,CARBURANT,SHELL,1,0,Dépense,Matin
TX0501095,CUST0003_SEASONAL,2024-06-12,20:32:00,Courant,Espèces,Debit,134.25,0.0,TRANSPORT,Pharmacie,Oujda,MA,2024-06-12 20:32:00,2024,6,12,20,Wednesday,June,TRANSPORT,PHARMACIE,1,0,Dépense,Soir
TX0501096,CUST0003_SEASONAL,2024-06-13,18:46:00,Courant,Carte,Debit,132.53,0.0,ACHAT SUPERMARCHE,ATM,Marrakech,MA,2024-06-13 18:46:00,2024,6,13,18,Thursday,June,ACHAT SUPERMARCHE,ATM,1,0,Dépense,Soir
TX0501097,CUST0003_SEASONAL,2024-06-13,19:22:00,Courant,Wallet,Debit,236.06,0.0,CARBURANT,Shell,Tanger,MA,2024-06-13 19:22:00,2024,6,13,19,Thursday,June,CARBURANT,SHELL,1,0,Dépense,Soir
TX0501098,CUST0004_SEASONAL,2024-01-01,17:19:00,Salaire,Virement instantané,Credit,12956.0,29453.0,virement employeur,Salaire,Rabat,MA,2024-01-01 17:19:00,2024,1,1,17,Monday,January,VIREMENT EMPLOYEUR,SALAIRE,0,1,Revenu,Après-midi
TX0501100,CUST0004_SEASONAL,2024-01-01,17:19:00,Courant,Virement,Debit,182.35,29270.65,ACHAT EPICERIE,Pharmacie,Fès,MA,2024-01-01 17:19:00,2024,1,1,17,Monday,January,ACHAT EPICERIE,PHARMACIE,1,0,Dépense,Après-midi
TX0501100,CUST0004_SEASONAL,2024-01-02,15:14:00,Courant,Virement,Debit,30.68,29239.96,RETRAIT ATM,Pharmacie,Rabat,MA,2024-01-02 15:14:00,2024,1,2,15,Tuesday,January,RETRAIT ATM,PHARMACIE,1,0,Dépense,Après-midi
TX0501101,CUST0004_SEASONAL,2024-01-02,16:17:00,Courant,Virement instantané,Debit,80.9,29159.06,ACHAT SUPERMARCHE,Carrefour,Tanger,MA,2024-01-02 16:17:00,2024,1,2,16,Tuesday,January,ACHAT SUPERMARCHE,CARREFOUR,1,0,Dépense,Après-midi
TX0501102,CUST0004_SEASONAL,2024-01-03,13:32:00,Courant,ATM,Debit,36.8,29122.26,RETRAIT ATM,Careem,Casablanca,MA,2024-01-03 13:32:00,2024,1,3,13,Wednesday,January,RETRAIT ATM,CAREEM,1,0,Dépense,Après-midi
TX0501103,CUST0004_SEASONAL,2024-01-03,13:10:00,Courant,Wallet,Debit,36.0,29086.26,ACHAT SUPERMARCHE,ATM,Meknès,MA,2024-01-03 13:10:00,2024,1,3,13,Wednesday,January,ACHAT SUPERMARCHE,ATM,1,0,Dépense,Après-midi
TX0501104,CUST0004_SEASONAL,2024-01-04,16:36:00,Courant,Wallet,Debit,64.84,29021.41,TRANSPORT,ATM,Agadir,MA,2024-01-04 16:36:00,2024,1,4,16,Thursday,January,TRANSPORT,ATM,1,0,Dépense,Après-midi
TX0501105,CUST0004_SEASONAL,2024-01-04,19:35:00,Courant,ATM,Debit,208.67,28812.75,ACHAT EPICERIE,Carrefour,Tanger,MA,2024-01-04 19:35:00,2024,1,4,19,Thursday,January,ACHAT EPICERIE,CARREFOUR,1,0,Dépense,Soir
TX0501106,CUST0004_SEASONAL,2024-01-05,09:42:00,Courant,Espèces,Debit,223.12,28589.62,RETRAIT ATM,BIM,Tanger,MA,2024-01-05 09:42:00,2024,1,5,9,Friday,January,RETRAIT ATM,BIM,1,0,Dépense,Matin
TX0501107,CUST0004_SEASONAL,2024-01-05,14:23:00,Courant,Carte,Debit,38.23,28551.39,RETRAIT ATM,Pharmacie,Casablanca,MA,2024-01-05 14:23:00,2024,1,5,14,Friday,January,RETRAIT ATM,PHARMACIE,1,0,Dépense,Après-midi
TX0501108,CUST0004_SEASONAL,2024-01-05,19:31:00,Courant,ATM,Debit,144.83,28406.55,ACHAT SUPERMARCHE,Pharmacie,Tanger,MA,2024-01-05 19:31:00,2024,1,5,19,Friday,January,ACHAT SUPERMARCHE,PHARMACIE,1,0,Dépense,Soir
TX0501109,CUST0004_SEASONAL,2024-01-06,15:24:00,Courant,Wallet,Debit,148.79,28257.76,CARBURANT,BIM,Oujda,MA,2024-01-06 15:24:00,2024,1,6,15,Saturday,January,CARBURANT,BIM,1,0,Dépense,Après-midi
TX0501110,CUST0004_SEASONAL,2024-01-06,10:26:00,Courant,Virement instantané,Debit,161.11,28096.65,ACHAT EPICERIE,BIM,Agadir,MA,2024-01-06 10:26:00,2024,1,6,10,Saturday,January,ACHAT EPICERIE,BIM,1,0,Dépense,Matin
TX0501111,CUST0004_SEASONAL,2024-01-06,16:55:00,Courant,Carte,Debit,140.89,27955.76,TRANSPORT,BIM,Fès,MA,2024-01-06 16:55:00,2024,1,6,16,Saturday,January,TRANSPORT,BIM,1,0,Dépense,Après-midi
TX0501112,CUST0004_SEASONAL,2024-01-06,16:23:00,Courant,Carte,Debit,198.41,27757.35,TRANSPORT,BIM,Fès,MA,2024-01-06 16:23:00,2024,1,6,16,Saturday,January,TRANSPORT,BIM,1,0,Dépense,Après-midi
TX0501113,CUST0004_SEASONAL,2024-01-07,18:08:00,Courant,Virement instantané,Debit,87.1,27670.25,CARBURANT,Carrefour,Fès,MA,2024-01-07 18:08:00,2024,1,7,18,Sunday,January,CARBURANT,CARREFOUR,1,0,Dépense,Soir
TX0501114,CUST0004_SEASONAL,2024-01-07,20:40:00,Courant,ATM,Debit,200.28,27469.96,RETRAIT ATM,Pharmacie,Tanger,MA,2024-01-07 20:40:00,2024,1,7,20,Sunday,January,RETRAIT ATM,PHARMACIE,1,0,Dépense,Soir
TX0501115,CUST0004_SEASONAL,2024-01-08,08:32:00,Courant,Espèces,Debit,97.7,27372.26,CARBURANT,Shell,Meknès,MA,2024-01-08 08:32:00,2024,1,8,8,Monday,January,CARBURANT,SHELL,1,0,Dépense,Matin
TX0501116,CUST0004_SEASONAL,2024-01-08,12:45:00,Courant,Carte,Debit,61.58,27310.68,ACHAT EPICERIE,Careem,Casablanca,MA,2024-01-08 12:45:00,2024,1,8,12,Monday,January,ACHAT EPICERIE,CAREEM,1,0,Dépense,Après-midi
TX0501117,CUST0004_SEASONAL,2024-01-09,18:09:00,Courant,Carte,Debit,215.44,27095.24,TRANSPORT,Careem,Oujda,MA,2024-01-09 18:09:00,2024,1,9,18,Tuesday,January,TRANSPORT,CAREEM,1,0,Dépense,Soir
TX0501118,CUST0004_SEASONAL,2024-01-10,10:58:00,Courant,Espèces,Debit,134.84,26960.4,RETRAIT ATM,Shell,Marrakech,MA,2024-01-10 10:58:00,2024,1,10,10,Wednesday,January,RETRAIT ATM,SHELL,1,0,Dépense,Matin
TX0501119,CUST0004_SEASONAL,2024-01-10,17:07:00,Courant,Carte,Debit,215.81,26744.59,RETRAIT ATM,ATM,Marrakech,MA,2024-01-10 17:07:00,2024,1,10,17,Wednesday,January,RETRAIT ATM,ATM,1,0,Dépense,Après-midi
TX0501120,CUST0004_SEASONAL,2024-01-10,12:30:00,Courant,Virement,Debit,53.68,26690.91,ACHAT SUPERMARCHE,Pharmacie,Casablanca,MA,2024-01-10 12:30:00,2024,1,10,12,Wednesday,January,ACHAT SUPERMARCHE,PHARMACIE,1,0,Dépense,Après-midi
TX0501121,CUST0004_SEASONAL,2024-01-11,20:08:00,Courant,Virement,Debit,241.72,26449.19,ACHAT SUPERMARCHE,ATM,Tanger,MA,2024-01-11 20:08:00,2024,1,11,20,Thursday,January,ACHAT SUPERMARCHE,ATM,1,0,Dépense,Soir
TX0501122,CUST0004_SEASONAL,2024-01-11,09:15:00,Courant,Virement,Debit,138.35,26310.84,ACHAT SUPERMARCHE,Shell,Oujda,MA,2024-01-11 09:15:00,2024,1,11,9,Thursday,January,ACHAT SUPERMARCHE,SHELL,1,0,Dépense,Matin
TX0501123,CUST0004_SEASONAL,2024-01-11,20:21:00,Courant,Espèces,Debit,158.82,26152.02,CARBURANT,Pharmacie,Fès,MA,2024-01-11 20:21:00,2024,1,11,20,Thursday,January,CARBURANT,PHARMACIE,1,0,Dépense,Soir
TX0501124,CUST0004_SEASONAL,2024-01-12,19:19:00,Courant,Carte,Debit,94.33,26057.69,RETRAIT ATM,Carrefour,Casablanca,MA,2024-01-12 19:19:00,2024,1,12,19,Friday,January,RETRAIT ATM,CARREFOUR,1,0,Dépense,Soir
TX0501125,CUST0004_SEASONAL,2024-01-12,08:20:00,Courant,Virement instantané,Debit,124.62,25933.06,RETRAIT ATM,ATM,Meknès,MA,2024-01-12 08:20:00,2024,1,12,8,Friday,January,RETRAIT ATM,ATM,1,0,Dépense,Matin
TX0501126,CUST0004_SEASONAL,2024-01-12,12:13:00,Courant,Wallet,Debit,114.53,25818.54,ACHAT EPICERIE,Careem,Tanger,MA,2024-01-12 12:13:00,2024,1,12,12,Friday,January,ACHAT EPICERIE,CAREEM,1,0,Dépense,Après-midi
TX0501127,CUST0004_SEASONAL,2024-01-13,20:37:00,Courant,Virement,Debit,124.69,25693.85,CARBURANT,BIM,Oujda,MA,2024-01-13 20:37:00,2024,1,13,20,Saturday,January,CARBURANT,BIM,1,0,Dépense,Soir
TX0501128,CUST0004_SEASONAL,2024-01-13,17:57:00,Courant,Virement,Debit,131.67,25562.18,ACHAT SUPERMARCHE,ATM,Fès,MA,2024-01-13 17:57:00,2024,1,13,17,Saturday,January,ACHAT SUPERMARCHE,ATM,1,0,Dépense,Après-midi
TX0501129,CUST0004_SEASONAL,2024-01-14,12:26:00,Courant,ATM,Debit,222.42,25339.77,RETRAIT ATM,Carrefour,Oujda,MA,2024-01-14 12:26:00,2024,1,14,12,Sunday,January,RETRAIT ATM,CARREFOUR,1,0,Dépense,Après-midi
TX0501130,CUST0004_SEASONAL,2024-01-14,09:15:00,Courant,Espèces,Debit,78.86,25260.9,ACHAT SUPERMARCHE,Careem,Tanger,MA,2024-01-14 09:15:00,2024,1,14,9,Sunday,January,ACHAT SUPERMARCHE,CAREEM,1,0,Dépense,Matin
TX0501131,CUST0004_SEASONAL,2024-01-15,20:19:00,Courant,Wallet,Debit,198.03,25062.87,RETRAIT ATM,BIM,Fès,MA,2024-01-15 20:19:00,2024,1,15,20,Monday,January,RETRAIT ATM,BIM,1,0,Dépense,Soir
TX0501132,CUST0004_SEASONAL,2024-01-15,16:43:00,Courant,ATM,Debit,180.24,24882.63,RETRAIT ATM,Pharmacie,Rabat,MA,2024-01-15 16:43:00,2024,1,15,16,Monday,January,RETRAIT ATM,PHARMACIE,1,0,Dépense,Après-midi
TX0501133,CUST0004_SEASONAL,2024-01-16,09:29:00,Courant,Wallet,Debit,84.76,24797.87,ACHAT EPICERIE,BIM,Casablanca,MA,2024-01-16 09:29:00,2024,1,16,9,Tuesday,January,ACHAT EPICERIE,BIM,1,0,Dépense,Matin
TX0501134,CUST0004_SEASONAL,2024-01-17,15:07:00,Courant,Wallet,Debit,246.26,24551.61,ACHAT EPICERIE,Carrefour,Rabat,MA,2024-01-17 15:07:00,2024,1,17,15,Wednesday,January,ACHAT EPICERIE,CARREFOUR,1,0,Dépense,Après-midi
TX0501135,CUST0004_SEASONAL,2024-01-17,08:16:00,Courant,Espèces,Debit,98.18,24453.43,RETRAIT ATM,Pharmacie,Marrakech,MA,2024-01-17 08:16:00,2024,1,17,8,Wednesday,January,RETRAIT ATM,PHARMACIE,1,0,Dépense,Matin
TX0501136,CUST0004_SEASONAL,2024-01-17,18:49:00,Courant,Virement,Debit,245.15,24208.28,ACHAT SUPERMARCHE,ATM,Agadir,MA,2024-01-17 18:49:00,2024,1,17,18,Wednesday,January,ACHAT SUPERMARCHE,ATM,1,0,Dépense,Soir
TX0501137,CUST0004_SEASONAL,2024-01-18,09:53:00,Courant,ATM,Debit,191.55,24016.73,ACHAT SUPERMARCHE,Pharmacie,Meknès,MA,2024-01-18 09:53:00,2024,1,18,9,Thursday,January,ACHAT SUPERMARCHE,PHARMACIE,1,0,Dépense,Matin
TX0501138,CUST0004_SEASONAL,2024-01-18,20:38:00,Courant,Espèces,Debit,81.34,23935.39,TRANSPORT,Carrefour,Tanger,MA,2024-01-18 20:38:00,2024,1,18,20,Thursday,January,TRANSPORT,CARREFOUR,1,0,Dépense,Soir
TX0501139,CUST0004_SEASONAL,2024-01-18,12:18:00,Courant,Espèces,Debit,37.79,23897.6,TRANSPORT,Carrefour,Casablanca,MA,2024-01-18 12:18:00,2024,1,18,12,Thursday,January,TRANSPORT,CARREFOUR,1,0,Dépense,Après-midi
TX0501140,CUST0004_SEASONAL,2024-01-19,16:44:00,Courant,Carte,Debit,90.59,23807.01,ACHAT SUPERMARCHE,BIM,Casablanca,MA,2024-01-19 16:44:00,2024,1,19,16,Friday,January,ACHAT SUPERMARCHE,BIM,1,0,Dépense,Après-midi
TX0501141,CUST0004_SEASONAL,2024-01-19,18:53:00,Courant,Virement instantané,Debit,171.99,23635.02,CARBURANT,Shell,Meknès,MA,2024-01-19 18:53:00,2024,1,19,18,Friday,January,CARBURANT,SHELL,1,0,Dépense,Soir
TX0501142,CUST0004_SEASONAL,2024-01-20,16:45:00,Courant,Virement,Debit,46.53,23588.49,RETRAIT ATM,BIM,Marrakech,MA,2024-01-20 16:45:00,2024,1,20,16,Saturday,January,RETRAIT ATM,BIM,1,0,Dépense,Après-midi
TX0501143,CUST0004_SEASONAL,2024-01-20,11:36:00,Courant,Carte,Debit,200.97,23387.52,ACHAT SUPERMARCHE,Pharmacie,Agadir,MA,2024-01-20 11:36:00,2024,1,20,11,Saturday,January,ACHAT SUPERMARCHE,PHARMACIE,1,0,Dépense,Matin
TX0501144,CUST0004_SEASONAL,2024-01-21,09:50:00,Courant,Espèces,Debit,114.06,23273.45,TRANSPORT,Careem,Tanger,MA,2024-01-21 09:50:00,2024,1,21,9,Sunday,January,TRANSPORT,CAREEM,1,0,Dépense,Matin
TX0501145,CUST0004_SEASONAL,2024-01-21,18:11:00,Courant,ATM,Debit,48.14,23225.32,ACHAT EPICERIE,Pharmacie,Tanger,MA,2024-01-21 18:11:00,2024,1,21,18,Sunday,January,ACHAT EPICERIE,PHARMACIE,1,0,Dépense,Soir
TX0501146,CUST0004_SEASONAL,2024-01-21,13:14:00,Courant,Carte,Debit,228.69,22996.63,CARBURANT,BIM,Oujda,MA,2024-01-21 13:14:00,2024,1,21,13,Sunday,January,CARBURANT,BIM,1,0,Dépense,Après-midi
TX0501147,CUST0004_SEASONAL,2024-01-21,15:48:00,Courant,Carte,Debit,193.53,22803.09,ACHAT SUPERMARCHE,Pharmacie,Meknès,MA,2024-01-21 15:48:00,2024,1,21,15,Sunday,January,ACHAT SUPERMARCHE,PHARMACIE,1,0,Dépense,Après-midi
TX0501148,CUST0004_SEASONAL,2024-01-22,16:00:00,Courant,Virement,Debit,56.03,22747.07,TRANSPORT,Shell,Agadir,MA,2024-01-22 16:00:00,2024,1,22,16,Monday,January,TRANSPORT,SHELL,1,0,Dépense,Après-midi
TX0501149,CUST0004_SEASONAL,2024-01-22,09:03:00,Courant,Virement,Debit,129.76,22617.31,ACHAT EPICERIE,Shell,Meknès,MA,2024-01-22 09:03:00,2024,1,22,9,Monday,January,ACHAT EPICERIE,SHELL,1,0,Dépense,Matin
TX0501150,CUST0004_SEASONAL,2024-01-22,15:16:00,Courant,ATM,Debit,202.86,22414.45,ACHAT SUPERMARCHE,BIM,Fès,MA,2024-01-22 15:16:00,2024,1,22,15,Monday,January,ACHAT SUPERMARCHE,BIM,1,0,Dépense,Après-midi
TX0501151,CUST0004_SEASONAL,2024-01-23,18:03:00,Courant,ATM,Debit,73.13,22341.31,ACHAT EPICERIE,BIM,Marrakech,MA,2024-01-23 18:03:00,2024,1,23,18,Tuesday,January,ACHAT EPICERIE,BIM,1,0,Dépense,Soir
TX0501152,CUST0004_SEASONAL,2024-01-24,10:29:00,Courant,Virement instantané,Debit,40.71,22300.6,TRANSPORT,Carrefour,Marrakech,MA,2024-01-24 10:29:00,2024,1,24,10,Wednesday,January,TRANSPORT,CARREFOUR,1,0,Dépense,Matin
TX0501153,CUST0004_SEASONAL,2024-01-24,11:54:00,Courant,Wallet,Debit,122.93,22177.67,CARBURANT,BIM,Oujda,MA,2024-01-24 11:54:00,2024,1,24,11,Wednesday,January,CARBURANT,BIM,1,0,Dépense,Matin
TX0501154,CUST0004_SEASONAL,2024-01-25,18:40:00,Courant,Wallet,Debit,214.63,21963.04,CARBURANT,Careem,Oujda,MA,2024-01-25 18:40:00,2024,1,25,18,Thursday,January,CARBURANT,CAREEM,1,0,Dépense,Soir
TX0501155,CUST0004_SEASONAL,2024-01-25,08:37:00,Courant,Carte,Debit,39.33,21923.72,ACHAT EPICERIE,Pharmacie,Meknès,MA,2024-01-25 08:37:00,2024,1,25,8,Thursday,January,ACHAT EPICERIE,PHARMACIE,1,0,Dépense,Matin
TX0501156,CUST0004_SEASONAL,2024-01-26,19:57:00,Courant,Virement instantané,Debit,170.28,21753.44,ACHAT SUPERMARCHE,BIM,Tanger,MA,2024-01-26 19:57:00,2024,1,26,19,Friday,January,ACHAT SUPERMARCHE,BIM,1,0,Dépense,Soir
TX0501157,CUST0004_SEASONAL,2024-01-27,08:48:00,Courant,Carte,Debit,86.81,21666.63,ACHAT SUPERMARCHE,Careem,Rabat,MA,2024-01-27 08:48:00,2024,1,27,8,Saturday,January,ACHAT SUPERMARCHE,CAREEM,1,0,Dépense,Matin
TX0501158,CUST0004_SEASONAL,2024-01-27,14:47:00,Courant,Virement,Debit,79.6,21587.03,TRANSPORT,ATM,Marrakech,MA,2024-01-27 14:47:00,2024,1,27,14,Saturday,January,TRANSPORT,ATM,1,0,Dépense,Après-midi
TX0501159,CUST0004_SEASONAL,2024-01-28,18:03:00,Courant,Virement,Debit,247.61,21339.42,ACHAT SUPERMARCHE,Pharmacie,Agadir,MA,2024-01-28 18:03:00,2024,1,28,18,Sunday,January,ACHAT SUPERMARCHE,PHARMACIE,1,0,Dépense,Soir
TX0501160,CUST0004_SEASONAL,2024-01-28,14:15:00,Courant,Espèces,Debit,180.69,21158.73,ACHAT SUPERMARCHE,Shell,Fès,MA,2024-01-28 14:15:00,2024,1,28,14,Sunday,January,ACHAT SUPERMARCHE,SHELL,1,0,Dépense,Après-midi
TX0501161,CUST0004_SEASONAL,2024-01-29,18:56:00,Courant,ATM,Debit,46.67,21112.06,CARBURANT,Pharmacie,Rabat,MA,2024-01-29 18:56:00,2024,1,29,18,Monday,January,CARBURANT,PHARMACIE,1,0,Dépense,Soir
TX0501162,CUST0004_SEASONAL,2024-01-29,12:32:00,Courant,Wallet,Debit,178.96,20933.1,ACHAT SUPERMARCHE,Pharmacie,Tanger,MA,2024-01-29 12:32:00,2024,1,29,12,Monday,January,ACHAT SUPERMARCHE,PHARMACIE,1,0,Dépense,Après-midi
TX0501163,CUST0004_SEASONAL,2024-01-30,18:30:00,Courant,ATM,Debit,221.9,20711.2,TRANSPORT,Careem,Tanger,MA,2024-01-30 18:30:00,2024,1,30,18,Tuesday,January,TRANSPORT,CAREEM,1,0,Dépense,Soir
TX0501164,CUST0004_SEASONAL,2024-01-30,18:54:00,Courant,ATM,Debit,201.42,20509.78,CARBURANT,Shell,Meknès,MA,2024-01-30 18:54:00,2024,1,30,18,Tuesday,January,CARBURANT,SHELL,1,0,Dépense,Soir
TX0501165,CUST0004_SEASONAL,2024-01-31,08:43:00,Courant,ATM,Debit,249.5,20260.28,ACHAT SUPERMARCHE,Pharmacie,Rabat,MA,2024-01-31 08:43:00,2024,1,31,8,Wednesday,January,ACHAT SUPERMARCHE,PHARMACIE,1,0,Dépense,Matin
TX0501166,CUST0004_SEASONAL,2024-01-31,08:43:00,Courant,ATM,Debit,167.89,20092.38,TRANSPORT,ATM,Fès,MA,2024-01-31 08:43:00,2024,1,31,8,Wednesday,January,TRANSPORT,ATM,1,0,Dépense,Matin
TX0501167,CUST0004_SEASONAL,2024-01-31,19:45:00,Courant,Espèces,Debit,196.62,19895.76,ACHAT EPICERIE,Pharmacie,Agadir,MA,2024-01-31 19:45:00,2024,1,31,19,Wednesday,January,ACHAT EPICERIE,PHARMACIE,1,0,Dépense,Soir
TX0501168,CUST0004_SEASONAL,2024-01-31,10:38:00,Courant,Virement,Debit,216.61,19679.15,ACHAT EPICERIE,Shell,Tanger,MA,2024-01-31 10:38:00,2024,1,31,10,Wednesday,January,ACHAT EPICERIE,SHELL,1,0,Dépense,Matin
TX0501169,CUST0004_SEASONAL,2024-02-01,18:07:00,Salaire,Virement instantané,Credit,13879.0,33558.15,virement employeur,Salaire,Oujda,MA,2024-02-01 18:07:00,2024,2,1,18,Thursday,February,VIREMENT EMPLOYEUR,SALAIRE,0,1,Revenu,Soir
TX0501171,CUST0004_SEASONAL,2024-02-01,18:07:00,Courant,Carte,Debit,45.61,33512.54,TRANSPORT,Carrefour,Tanger,MA,2024-02-01 18:07:00,2024,2,1,18,Thursday,February,TRANSPORT,CARREFOUR,1,0,Dépense,Soir
TX0501171,CUST0004_SEASONAL,2024-02-01,19:35:00,Courant,Virement instantané,Debit,108.41,33404.13,ACHAT EPICERIE,Shell,Tanger,MA,2024-02-01 19:35:00,2024,2,1,19,Thursday,February,ACHAT EPICERIE,SHELL,1,0,Dépense,Soir
TX0501172,CUST0004_SEASONAL,2024-02-02,14:58:00,Courant,Carte,Debit,98.44,33305.69,CARBURANT,Careem,Tanger,MA,2024-02-02 14:58:00,2024,2,2,14,Friday,February,CARBURANT,CAREEM,1,0,Dépense,Après-midi
TX0501173,CUST0004_SEASONAL,2024-02-03,12:53:00,Courant,Wallet,Debit,176.98,33128.7,TRANSPORT,Careem,Fès,MA,2024-02-03 12:53:00,2024,2,3,12,Saturday,February,TRANSPORT,CAREEM,1,0,Dépense,Après-midi
TX0501174,CUST0004_SEASONAL,2024-02-04,09:51:00,Courant,Virement instantané,Debit,225.31,32903.4,TRANSPORT,Pharmacie,Oujda,MA,2024-02-04 09:51:00,2024,2,4,9,Sunday,February,TRANSPORT,PHARMACIE,1,0,Dépense,Matin
TX0501175,CUST0004_SEASONAL,2024-02-04,14:12:00,Courant,Virement instantané,Debit,216.44,32686.96,ACHAT EPICERIE,ATM,Casablanca,MA,2024-02-04 14:12:00,2024,2,4,14,Sunday,February,ACHAT EPICERIE,ATM,1,0,Dépense,Après-midi
TX0501176,CUST0004_SEASONAL,2024-02-05,19:29:00,Courant,Espèces,Debit,154.16,32532.8,ACHAT EPICERIE,Careem,Marrakech,MA,2024-02-05 19:29:00,2024,2,5,19,Monday,February,ACHAT EPICERIE,CAREEM,1,0,Dépense,Soir
TX0501177,CUST0004_SEASONAL,2024-02-05,15:52:00,Courant,Wallet,Debit,40.09,32492.71,RETRAIT ATM,Shell,Casablanca,MA,2024-02-05 15:52:00,2024,2,5,15,Monday,February,RETRAIT ATM,SHELL,1,0,Dépense,Après-midi
TX0501178,CUST0004_SEASONAL,2024-02-05,15:36:00,Courant,Virement,Debit,204.78,32287.93,ACHAT SUPERMARCHE,Carrefour,Fès,MA,2024-02-05 15:36:00,2024,2,5,15,Monday,February,ACHAT SUPERMARCHE,CARREFOUR,1,0,Dépense,Après-midi
TX0501179,CUST0004_SEASONAL,2024-02-06,13:25:00,Courant,Virement instantané,Debit,119.46,32168.47,ACHAT SUPERMARCHE,Careem,Fès,MA,2024-02-06 13:25:00,2024,2,6,13,Tuesday,February,ACHAT SUPERMARCHE,CAREEM,1,0,Dépense,Après-midi
TX0501180,CUST0004_SEASONAL,2024-02-06,13:45:00,Courant,Virement instantané,Debit,53.9,32114.58,TRANSPORT,Pharmacie,Agadir,MA,2024-02-06 13:45:00,2024,2,6,13,Tuesday,February,TRANSPORT,PHARMACIE,1,0,Dépense,Après-midi
TX0501181,CUST0004_SEASONAL,2024-02-07,15:22:00,Courant,Carte,Debit,121.48,31993.09,RETRAIT ATM,Pharmacie,Fès,MA,2024-02-07 15:22:00,2024,2,7,15,Wednesday,February,RETRAIT ATM,PHARMACIE,1,0,Dépense,Après-midi
TX0501182,CUST0004_SEASONAL,2024-02-07,13:35:00,Courant,Carte,Debit,224.36,31768.73,RETRAIT ATM,Carrefour,Tanger,MA,2024-02-07 13:35:00,2024,2,7,13,Wednesday,February,RETRAIT ATM,CARREFOUR,1,0,Dépense,Après-midi
TX0501183,CUST0004_SEASONAL,2024-02-08,10:37:00,Courant,Virement instantané,Debit,43.39,31725.34,RETRAIT ATM,Careem,Agadir,MA,2024-02-08 10:37:00,2024,2,8,10,Thursday,February,RETRAIT ATM,CAREEM,1,0,Dépense,Matin
TX0501184,CUST0004_SEASONAL,2024-02-08,11:42:00,Courant,Virement,Debit,228.12,31497.23,RETRAIT ATM,ATM,Rabat,MA,2024-02-08 11:42:00,2024,2,8,11,Thursday,February,RETRAIT ATM,ATM,1,0,Dépense,Matin
TX0501185,CUST0004_SEASONAL,2024-02-08,16:01:00,Courant,Carte,Debit,185.78,31311.44,ACHAT SUPERMARCHE,Pharmacie,Casablanca,MA,2024-02-08 16:01:00,2024,2,8,16,Thursday,February,ACHAT SUPERMARCHE,PHARMACIE,1,0,Dépense,Après-midi
TX0501186,CUST0004_SEASONAL,2024-02-09,12:17:00,Courant,Carte,Debit,86.23,31225.21,RETRAIT ATM,BIM,Fès,MA,2024-02-09 12:17:00,2024,2,9,12,Friday,February,RETRAIT ATM,BIM,1,0,Dépense,Après-midi
TX0501187,CUST0004_SEASONAL,2024-02-09,16:42:00,Courant,Wallet,Debit,145.24,31079.97,CARBURANT,Careem,Meknès,MA,2024-02-09 16:42:00,2024,2,9,16,Friday,February,CARBURANT,CAREEM,1,0,Dépense,Après-midi
TX0501188,CUST0004_SEASONAL,2024-02-10,20:31:00,Courant,Carte,Debit,121.66,30958.31,CARBURANT,Shell,Agadir,MA,2024-02-10 20:31:00,2024,2,10,20,Saturday,February,CARBURANT,SHELL,1,0,Dépense,Soir
TX0501189,CUST0004_SEASONAL,2024-02-10,12:42:00,Courant,Wallet,Debit,194.45,30763.86,RETRAIT ATM,Shell,Meknès,MA,2024-02-10 12:42:00,2024,2,10,12,Saturday,February,RETRAIT ATM,SHELL,1,0,Dépense,Après-midi
TX0501190,CUST0004_SEASONAL,2024-02-10,10:47:00,Courant,Espèces,Debit,97.72,30666.13,ACHAT SUPERMARCHE,BIM,Tanger,MA,2024-02-10 10:47:00,2024,2,10,10,Saturday,February,ACHAT SUPERMARCHE,BIM,1,0,Dépense,Matin
TX0501191,CUST0004_SEASONAL,2024-02-11,19:09:00,Courant,Virement instantané,Debit,97.07,30569.06,ACHAT SUPERMARCHE,Careem,Meknès,MA,2024-02-11 19:09:00,2024,2,11,19,Sunday,February,ACHAT SUPERMARCHE,CAREEM,1,0,Dépense,Soir
TX0501192,CUST0004_SEASONAL,2024-02-11,10:47:00,Courant,Wallet,Debit,243.26,30325.8,CARBURANT,Shell,Fès,MA,2024-02-11 10:47:00,2024,2,11,10,Sunday,February,CARBURANT,SHELL,1,0,Dépense,Matin
TX0501193,CUST0004_SEASONAL,2024-02-11,20:04:00,Courant,ATM,Debit,93.46,30232.33,TRANSPORT,Shell,Oujda,MA,2024-02-11 20:04:00,2024,2,11,20,Sunday,February,TRANSPORT,SHELL,1,0,Dépense,Soir
TX0501194,CUST0004_SEASONAL,2024-02-12,19:44:00,Courant,Virement,Debit,207.37,30024.96,TRANSPORT,Pharmacie,Fès,MA,2024-02-12 19:44:00,2024,2,12,19,Monday,February,TRANSPORT,PHARMACIE,1,0,Dépense,Soir
TX0501195,CUST0004_SEASONAL,2024-02-12,14:03:00,Courant,Carte,Debit,140.41,29884.55,CARBURANT,Carrefour,Oujda,MA,2024-02-12 14:03:00,2024,2,12,14,Monday,February,CARBURANT,CARREFOUR,1,0,Dépense,Après-midi
TX0501196,CUST0004_SEASONAL,2024-02-12,20:01:00,Courant,Carte,Debit,91.91,29792.65,RETRAIT ATM,Careem,Oujda,MA,2024-02-12 20:01:00,2024,2,12,20,Monday,February,RETRAIT ATM,CAREEM,1,0,Dépense,Soir
TX0501197,CUST0004_SEASONAL,2024-02-13,16:29:00,Courant,ATM,Debit,186.75,29605.9,TRANSPORT,Careem,Agadir,MA,2024-02-13 16:29:00,2024,2,13,16,Tuesday,February,TRANSPORT,CAREEM,1,0,Dépense,Après-midi
TX0501198,CUST0004_SEASONAL,2024-02-13,12:36:00,Courant,Espèces,Debit,124.53,29481.37,CARBURANT,Careem,Agadir,MA,2024-02-13 12:36:00,2024,2,13,12,Tuesday,February,CARBURANT,CAREEM,1,0,Dépense,Après-midi
TX0501199,CUST0004_SEASONAL,2024-02-13,12:28:00,Courant,Wallet,Debit,151.7,29329.67,RETRAIT ATM,Carrefour,Fès,MA,2024-02-13 12:28:00,2024,2,13,12,Tuesday,February,RETRAIT ATM,CARREFOUR,1,0,Dépense,Après-midi
TX0501200,CUST0004_SEASONAL,2024-02-14,20:52:00,Courant,Virement instantané,Debit,120.74,29208.93,TRANSPORT,BIM,Fès,MA,2024-02-14 20:52:00,2024,2,14,20,Wednesday,February,TRANSPORT,BIM,1,0,Dépense,Soir
TX0501201,CUST0004_SEASONAL,2024-02-15,15:49:00,Courant,Wallet,Debit,57.3,29151.63,CARBURANT,ATM,Fès,MA,2024-02-15 15:49:00,2024,2,15,15,Thursday,February,CARBURANT,ATM,1,0,Dépense,Après-midi
TX0501202,CUST0004_SEASONAL,2024-02-15,11:15:00,Courant,Virement,Debit,231.67,28919.96,CARBURANT,ATM,Casablanca,MA,2024-02-15 11:15:00,2024,2,15,11,Thursday,February,CARBURANT,ATM,1,0,Dépense,Matin
TX0501203,CUST0004_SEASONAL,2024-02-16,13:21:00,Courant,Espèces,Debit,249.41,28670.55,TRANSPORT,Pharmacie,Casablanca,MA,2024-02-16 13:21:00,2024,2,16,13,Friday,February,TRANSPORT,PHARMACIE,1,0,Dépense,Après-midi
TX0501204,CUST0004_SEASONAL,2024-02-16,16:06:00,Courant,Virement instantané,Debit,164.54,28506.01,ACHAT EPICERIE,Shell,Oujda,MA,2024-02-16 16:06:00,2024,2,16,16,Friday,February,ACHAT EPICERIE,SHELL,1,0,Dépense,Après-midi
TX0501205,CUST0004_SEASONAL,2024-02-16,18:47:00,Courant,Virement instantané,Debit,127.21,28378.8,CARBURANT,Shell,Casablanca,MA,2024-02-16 18:47:00,2024,2,16,18,Friday,February,CARBURANT,SHELL,1,0,Dépense,Soir
TX0501206,CUST0004_SEASONAL,2024-02-17,10:02:00,Courant,Virement,Debit,215.03,28163.77,ACHAT EPICERIE,Carrefour,Casablanca,MA,2024-02-17 10:02:00,2024,2,17,10,Saturday,February,ACHAT EPICERIE,CARREFOUR,1,0,Dépense,Matin
TX0501207,CUST0004_SEASONAL,2024-02-17,18:02:00,Courant,Wallet,Debit,104.92,28058.86,CARBURANT,Shell,Casablanca,MA,2024-02-17 18:02:00,2024,2,17,18,Saturday,February,CARBURANT,SHELL,1,0,Dépense,Soir
TX0501208,CUST0004_SEASONAL,2024-02-18,12:30:00,Courant,Virement,Debit,55.11,28003.75,ACHAT EPICERIE,BIM,Oujda,MA,2024-02-18 12:30:00,2024,2,18,12,Sunday,February,ACHAT EPICERIE,BIM,1,0,Dépense,Après-midi
TX0501209,CUST0004_SEASONAL,2024-02-18,18:32:00,Courant,ATM,Debit,97.8,27905.94,CARBURANT,Pharmacie,Marrakech,MA,2024-02-18 18:32:00,2024,2,18,18,Sunday,February,CARBURANT,PHARMACIE,1,0,Dépense,Soir
TX0501210,CUST0004_SEASONAL,2024-02-19,10:54:00,Courant,Carte,Debit,206.19,27699.75,TRANSPORT,Careem,Rabat,MA,2024-02-19 10:54:00,2024,2,19,10,Monday,February,TRANSPORT,CAREEM,1,0,Dépense,Matin
TX0501211,CUST0004_SEASONAL,2024-02-19,17:26:00,Courant,ATM,Debit,101.42,27598.33,RETRAIT ATM,ATM,Oujda,MA,2024-02-19 17:26:00,2024,2,19,17,Monday,February,RETRAIT ATM,ATM,1,0,Dépense,Après-midi
TX0501212,CUST0004_SEASONAL,2024-02-20,17:54:00,Courant,Virement instantané,Debit,51.65,27546.68,ACHAT SUPERMARCHE,Pharmacie,Rabat,MA,2024-02-20 17:54:00,2024,2,20,17,Tuesday,February,ACHAT SUPERMARCHE,PHARMACIE,1,0,Dépense,Après-midi
TX0501213,CUST0004_SEASONAL,2024-02-20,14:45:00,Courant,Espèces,Debit,57.02,27489.66,ACHAT SUPERMARCHE,BIM,Marrakech,MA,2024-02-20 14:45:00,2024,2,20,14,Tuesday,February,ACHAT SUPERMARCHE,BIM,1,0,Dépense,Après-midi
TX0501214,CUST0004_SEASONAL,2024-02-21,16:43:00,Courant,Carte,Debit,134.54,27355.12,ACHAT EPICERIE,Careem,Agadir,MA,2024-02-21 16:43:00,2024,2,21,16,Wednesday,February,ACHAT EPICERIE,CAREEM,1,0,Dépense,Après-midi
TX0501215,CUST0004_SEASONAL,2024-02-21,13:23:00,Courant,Espèces,Debit,59.64,27295.49,ACHAT SUPERMARCHE,BIM,Agadir,MA,2024-02-21 13:23:00,2024,2,21,13,Wednesday,February,ACHAT SUPERMARCHE,BIM,1,0,Dépense,Après-midi
TX0501216,CUST0004_SEASONAL,2024-02-22,19:11:00,Courant,Espèces,Debit,69.75,27225.74,ACHAT EPICERIE,Shell,Meknès,MA,2024-02-22 19:11:00,2024,2,22,19,Thursday,February,ACHAT EPICERIE,SHELL,1,0,Dépense,Soir
TX0501217,CUST0004_SEASONAL,2024-02-22,20:17:00,Courant,Virement,Debit,146.42,27079.31,RETRAIT ATM,Shell,Rabat,MA,2024-02-22 20:17:00,2024,2,22,20,Thursday,February,RETRAIT ATM,SHELL,1,0,Dépense,Soir
TX0501218,CUST0004_SEASONAL,2024-02-23,13:38:00,Courant,Carte,Debit,173.0,26906.32,ACHAT EPICERIE,Shell,Tanger,MA,2024-02-23 13:38:00,2024,2,23,13,Friday,February,ACHAT EPICERIE,SHELL,1,0,Dépense,Après-midi
TX0501219,CUST0004_SEASONAL,2024-02-23,11:07:00,Courant,Carte,Debit,152.09,26754.23,ACHAT EPICERIE,BIM,Rabat,MA,2024-02-23 11:07:00,2024,2,23,11,Friday,February,ACHAT EPICERIE,BIM,1,0,Dépense,Matin
TX0501220,CUST0004_SEASONAL,2024-02-23,08:15:00,Courant,Carte,Debit,222.16,26532.07,RETRAIT ATM,Carrefour,Oujda,MA,2024-02-23 08:15:00,2024,2,23,8,Friday,February,RETRAIT ATM,CARREFOUR,1,0,Dépense,Matin
TX0501221,CUST0004_SEASONAL,2024-02-24,11:06:00,Courant,Carte,Debit,122.42,26409.65,CARBURANT,Pharmacie,Marrakech,MA,2024-02-24 11:06:00,2024,2,24,11,Saturday,February,CARBURANT,PHARMACIE,1,0,Dépense,Matin
TX0501222,CUST0004_SEASONAL,2024-02-25,19:43:00,Courant,Virement,Debit,239.16,26170.48,TRANSPORT,Pharmacie,Fès,MA,2024-02-25 19:43:00,2024,2,25,19,Sunday,February,TRANSPORT,PHARMACIE,1,0,Dépense,Soir
TX0501223,CUST0004_SEASONAL,2024-02-25,13:02:00,Courant,Espèces,Debit,175.51,25994.97,RETRAIT ATM,Shell,Tanger,MA,2024-02-25 13:02:00,2024,2,25,13,Sunday,February,RETRAIT ATM,SHELL,1,0,Dépense,Après-midi
TX0501224,CUST0004_SEASONAL,2024-02-25,19:07:00,Courant,Virement instantané,Debit,52.99,25941.98,CARBURANT,Pharmacie,Meknès,MA,2024-02-25 19:07:00,2024,2,25,19,Sunday,February,CARBURANT,PHARMACIE,1,0,Dépense,Soir
TX0501225,CUST0004_SEASONAL,2024-02-26,16:28:00,Courant,ATM,Debit,58.33,25883.65,TRANSPORT,ATM,Fès,MA,2024-02-26 16:28:00,2024,2,26,16,Monday,February,TRANSPORT,ATM,1,0,Dépense,Après-midi
TX0501226,CUST0004_SEASONAL,2024-02-26,08:25:00,Courant,Carte,Debit,129.51,25754.13,CARBURANT,Carrefour,Casablanca,MA,2024-02-26 08:25:00,2024,2,26,8,Monday,February,CARBURANT,CARREFOUR,1,0,Dépense,Matin
TX0501227,CUST0004_SEASONAL,2024-02-26,19:07:00,Courant,Carte,Debit,118.21,25635.93,CARBURANT,BIM,Meknès,MA,2024-02-26 19:07:00,2024,2,26,19,Monday,February,CARBURANT,BIM,1,0,Dépense,Soir
TX0501228,CUST0004_SEASONAL,2024-02-27,13:41:00,Courant,Carte,Debit,211.94,25423.98,TRANSPORT,Shell,Marrakech,MA,2024-02-27 13:41:00,2024,2,27,13,Tuesday,February,TRANSPORT,SHELL,1,0,Dépense,Après-midi
TX0501229,CUST0004_SEASONAL,2024-02-27,12:13:00,Courant,Wallet,Debit,167.32,25256.66,ACHAT EPICERIE,BIM,Meknès,MA,2024-02-27 12:13:00,2024,2,27,12,Tuesday,February,ACHAT EPICERIE,BIM,1,0,Dépense,Après-midi
TX0501230,CUST0004_SEASONAL,2024-02-28,14:17:00,Courant,Wallet,Debit,56.1,25200.57,CARBURANT,ATM,Casablanca,MA,2024-02-28 14:17:00,2024,2,28,14,Wednesday,February,CARBURANT,ATM,1,0,Dépense,Après-midi
TX0501231,CUST0004_SEASONAL,2024-02-28,16:40:00,Courant,ATM,Debit,100.02,25100.55,TRANSPORT,Careem,Marrakech,MA,2024-02-28 16:40:00,2024,2,28,16,Wednesday,February,TRANSPORT,CAREEM,1,0,Dépense,Après-midi
TX0501232,CUST0004_SEASONAL,2024-02-28,19:33:00,Courant,Virement instantané,Debit,65.38,25035.17,RETRAIT ATM,Carrefour,Marrakech,MA,2024-02-28 19:33:00,2024,2,28,19,Wednesday,February,RETRAIT ATM,CARREFOUR,1,0,Dépense,Soir
TX0501233,CUST0004_SEASONAL,2024-02-28,11:13:00,Courant,Espèces,Debit,223.27,24811.9,ACHAT EPICERIE,Carrefour,Marrakech,MA,2024-02-28 11:13:00,2024,2,28,11,Wednesday,February,ACHAT EPICERIE,CARREFOUR,1,0,Dépense,Matin
TX0501234,CUST0004_SEASONAL,2024-02-29,15:45:00,Courant,Espèces,Debit,99.87,24712.03,ACHAT EPICERIE,BIM,Tanger,MA,2024-02-29 15:45:00,2024,2,29,15,Thursday,February,ACHAT EPICERIE,BIM,1,0,Dépense,Après-midi
TX0501235,CUST0004_SEASONAL,2024-02-29,11:18:00,Courant,Carte,Debit,173.74,24538.28,RETRAIT ATM,Careem,Rabat,MA,2024-02-29 11:18:00,2024,2,29,11,Thursday,February,RETRAIT ATM,CAREEM,1,0,Dépense,Matin
TX0501236,CUST0004_SEASONAL,2024-03-01,15:40:00,Salaire,Virement instantané,Credit,16023.0,40561.28,virement employeur,Salaire,Marrakech,MA,2024-03-01 15:40:00,2024,3,1,15,Friday,March,VIREMENT EMPLOYEUR,SALAIRE,0,1,Revenu,Après-midi
TX0501238,CUST0004_SEASONAL,2024-03-01,15:40:00,Courant,Virement instantané,Debit,567.96,39993.33,VOYAGE MAROC,McDonald's,Agadir,MA,2024-03-01 15:40:00,2024,3,1,15,Friday,March,VOYAGE MAROC,MCDONALD'S,1,0,Dépense,Après-midi
TX0501238,CUST0004_SEASONAL,2024-03-01,14:17:00,Courant,ATM,Debit,1747.22,38246.11,RESTAURANT ETE,Hôtel Kenzi,Meknès,MA,2024-03-01 14:17:00,2024,3,1,14,Friday,March,RESTAURANT ETE,HÔTEL KENZI,1,0,Dépense,Après-midi
TX0501239,CUST0004_SEASONAL,2024-03-02,19:24:00,Courant,Espèces,Debit,1542.71,36703.4,VOYAGE MAROC,Restaurant Gastronomique,Marrakech,MA,2024-03-02 19:24:00,2024,3,2,19,Saturday,March,VOYAGE MAROC,RESTAURANT GASTRONOMIQUE,1,0,Dépense,Soir
TX0501240,CUST0004_SEASONAL,2024-03-02,19:51:00,Courant,Virement,Debit,1806.24,34897.15,VOYAGE MAROC,Restaurant Gastronomique,Tanger,MA,2024-03-02 19:51:00,2024,3,2,19,Saturday,March,VOYAGE MAROC,RESTAURANT GASTRONOMIQUE,1,0,Dépense,Soir
TX0501241,CUST0004_SEASONAL,2024-03-02,13:00:00,Courant,Virement instantané,Debit,1930.05,32967.1,ACHAT RAMADAN,Hôtel Kenzi,Meknès,MA,2024-03-02 13:00:00,2024,3,2,13,Saturday,March,ACHAT RAMADAN,HÔTEL KENZI,1,0,Dépense,Après-midi
TX0501242,CUST0004_SEASONAL,2024-03-02,11:16:00,Courant,Virement,Debit,804.31,32162.79,ACHAT ETE,Voyages Atlas,Marrakech,MA,2024-03-02 11:16:00,2024,3,2,11,Saturday,March,ACHAT ETE,VOYAGES ATLAS,1,0,Dépense,Matin
TX0501243,CUST0004_SEASONAL,2024-03-03,10:17:00,Courant,Wallet,Debit,571.49,31591.29,ACHAT ETE,Voyages Atlas,Marrakech,MA,2024-03-03 10:17:00,2024,3,3,10,Sunday,March,ACHAT ETE,VOYAGES ATLAS,1,0,Dépense,Matin
TX0501244,CUST0004_SEASONAL,2024-03-03,12:33:00,Courant,ATM,Debit,1909.9,29681.39,VOYAGE MAROC,Carrefour,Meknès,MA,2024-03-03 12:33:00,2024,3,3,12,Sunday,March,VOYAGE MAROC,CARREFOUR,1,0,Dépense,Après-midi
TX0501245,CUST0004_SEASONAL,2024-03-04,14:05:00,Courant,Espèces,Debit,1849.13,27832.27,RESTAURANT ETE,Zara,Tanger,MA,2024-03-04 14:05:00,2024,3,4,14,Monday,March,RESTAURANT ETE,ZARA,1,0,Dépense,Après-midi
TX0501246,CUST0004_SEASONAL,2024-03-05,19:46:00,Courant,Espèces,Debit,1372.89,26459.37,RESTAURANT ETE,Zara,Meknès,MA,2024-03-05 19:46:00,2024,3,5,19,Tuesday,March,RESTAURANT ETE,ZARA,1,0,Dépense,Soir
TX0501247,CUST0004_SEASONAL,2024-03-05,19:13:00,Courant,ATM,Debit,731.52,25727.85,VOYAGE MAROC,Zara,Fès,MA,2024-03-05 19:13:00,2024,3,5,19,Tuesday,March,VOYAGE MAROC,ZARA,1,0,Dépense,Soir
TX0501248,CUST0004_SEASONAL,2024-03-06,13:54:00,Courant,ATM,Debit,1203.5,24524.35,RESTAURANT ETE,McDonald's,Casablanca,MA,2024-03-06 13:54:00,2024,3,6,13,Wednesday,March,RESTAURANT ETE,MCDONALD'S,1,0,Dépense,Après-midi
TX0501249,CUST0004_SEASONAL,2024-03-06,19:16:00,Courant,Wallet,Debit,937.16,23587.19,HOTEL RESERVATION,Marjane,Meknès,MA,2024-03-06 19:16:00,2024,3,6,19,Wednesday,March,HOTEL RESERVATION,MARJANE,1,0,Dépense,Soir
TX0501250,CUST0004_SEASONAL,2024-03-07,20:45:00,Courant,Wallet,Debit,1415.11,22172.08,VOYAGE MAROC,Marjane,Tanger,MA,2024-03-07 20:45:00,2024,3,7,20,Thursday,March,VOYAGE MAROC,MARJANE,1,0,Dépense,Soir
TX0501251,CUST0004_SEASONAL,2024-03-08,13:17:00,Courant,Espèces,Debit,1226.52,20945.55,VOYAGE MAROC,H&M,Agadir,MA,2024-03-08 13:17:00,2024,3,8,13,Friday,March,VOYAGE MAROC,H&M,1,0,Dépense,Après-midi
TX0501252,CUST0004_SEASONAL,2024-03-08,08:00:00,Courant,Virement instantané,Debit,1509.13,19436.43,ACHAT RAMADAN,Carrefour,Oujda,MA,2024-03-08 08:00:00,2024,3,8,8,Friday,March,ACHAT RAMADAN,CARREFOUR,1,0,Dépense,Matin
TX0501253,CUST0004_SEASONAL,2024-03-09,08:40:00,Courant,Carte,Debit,707.33,18729.1,ACHAT ETE,Carrefour,Agadir,MA,2024-03-09 08:40:00,2024,3,9,8,Saturday,March,ACHAT ETE,CARREFOUR,1,0,Dépense,Matin
TX0501254,CUST0004_SEASONAL,2024-03-09,10:14:00,Courant,Virement instantané,Debit,1967.7,16761.4,RESTAURANT ETE,Restaurant Gastronomique,Fès,MA,2024-03-09 10:14:00,2024,3,9,10,Saturday,March,RESTAURANT ETE,RESTAURANT GASTRONOMIQUE,1,0,Dépense,Matin
TX0501255,CUST0004_SEASONAL,2024-03-10,09:40:00,Courant,Carte,Debit,1419.91,15341.48,ACHAT RAMADAN,Restaurant Gastronomique,Agadir,MA,2024-03-10 09:40:00,2024,3,10,9,Sunday,March,ACHAT RAMADAN,RESTAURANT GASTRONOMIQUE,1,0,Dépense,Matin
TX0501256,CUST0004_SEASONAL,2024-03-10,13:11:00,Courant,Espèces,Debit,1896.54,13444.94,RESTAURANT ETE,Hôtel Kenzi,Casablanca,MA,2024-03-10 13:11:00,2024,3,10,13,Sunday,March,RESTAURANT ETE,HÔTEL KENZI,1,0,Dépense,Après-midi
TX0501257,CUST0004_SEASONAL,2024-03-11,10:25:00,Courant,Carte,Debit,1664.84,11780.11,HOTEL RESERVATION,Restaurant Gastronomique,Marrakech,MA,2024-03-11 10:25:00,2024,3,11,10,Monday,March,HOTEL RESERVATION,RESTAURANT GASTRONOMIQUE,1,0,Dépense,Matin
TX0501258,CUST0004_SEASONAL,2024-03-11,16:45:00,Courant,ATM,Debit,911.53,10868.57,RESTAURANT ETE,McDonald's,Meknès,MA,2024-03-11 16:45:00,2024,3,11,16,Monday,March,RESTAURANT ETE,MCDONALD'S,1,0,Dépense,Après-midi
TX0501259,CUST0004_SEASONAL,2024-03-12,18:32:00,Courant,Wallet,Debit,1158.43,9710.14,ACHAT ETE,Carrefour,Marrakech,MA,2024-03-12 18:32:00,2024,3,12,18,Tuesday,March,ACHAT ETE,CARREFOUR,1,0,Dépense,Soir
TX0501260,CUST0004_SEASONAL,2024-03-12,16:38:00,Courant,Virement,Debit,983.22,8726.92,VOYAGE MAROC,Restaurant Gastronomique,Fès,MA,2024-03-12 16:38:00,2024,3,12,16,Tuesday,March,VOYAGE MAROC,RESTAURANT GASTRONOMIQUE,1,0,Dépense,Après-midi
TX0501261,CUST0004_SEASONAL,2024-03-13,12:06:00,Courant,Virement,Debit,715.41,8011.51,ACHAT ETE,McDonald's,Fès,MA,2024-03-13 12:06:00,2024,3,13,12,Wednesday,March,ACHAT ETE,MCDONALD'S,1,0,Dépense,Après-midi
TX0501262,CUST0004_SEASONAL,2024-03-13,18:40:00,Courant,Virement instantané,Debit,664.92,7346.59,ACHAT ETE,H&M,Casablanca,MA,2024-03-13 18:40:00,2024,3,13,18,Wednesday,March,ACHAT ETE,H&M,1,0,Dépense,Soir
TX0501263,CUST0004_SEASONAL,2024-03-14,08:08:00,Courant,Wallet,Debit,522.27,6824.32,ACHAT ETE,H&M,Casablanca,MA,2024-03-14 08:08:00,2024,3,14,8,Thursday,March,ACHAT ETE,H&M,1,0,Dépense,Matin
TX0501264,CUST0004_SEASONAL,2024-03-14,14:33:00,Courant,Carte,Debit,1232.59,5591.72,ACHAT ETE,Restaurant Gastronomique,Casablanca,MA,2024-03-14 14:33:00,2024,3,14,14,Thursday,March,ACHAT ETE,RESTAURANT GASTRONOMIQUE,1,0,Dépense,Après-midi
TX0501265,CUST0004_SEASONAL,2024-03-15,09:56:00,Courant,Virement instantané,Debit,439.12,5152.6,RESTAURANT ETE,Voyages Atlas,Agadir,MA,2024-03-15 09:56:00,2024,3,15,9,Friday,March,RESTAURANT ETE,VOYAGES ATLAS,1,0,Dépense,Matin
TX0501266,CUST0004_SEASONAL,2024-03-15,15:35:00,Courant,Carte,Debit,868.59,4284.02,HOTEL RESERVATION,Hôtel Kenzi,Oujda,MA,2024-03-15 15:35:00,2024,3,15,15,Friday,March,HOTEL RESERVATION,HÔTEL KENZI,1,0,Dépense,Après-midi
TX0501267,CUST0004_SEASONAL,2024-03-16,17:18:00,Courant,Virement instantané,Debit,997.74,3286.27,ACHAT ETE,H&M,Casablanca,MA,2024-03-16 17:18:00,2024,3,16,17,Saturday,March,ACHAT ETE,H&M,1,0,Dépense,Après-midi
TX0501268,CUST0004_SEASONAL,2024-03-16,10:01:00,Courant,Espèces,Debit,912.26,2374.01,VOYAGE MAROC,Hôtel Kenzi,Agadir,MA,2024-03-16 10:01:00,2024,3,16,10,Saturday,March,VOYAGE MAROC,HÔTEL KENZI,1,0,Dépense,Matin
TX0501269,CUST0004_SEASONAL,2024-03-17,12:42:00,Courant,Wallet,Debit,1925.51,448.5,HOTEL RESERVATION,H&M,Rabat,MA,2024-03-17 12:42:00,2024,3,17,12,Sunday,March,HOTEL RESERVATION,H&M,1,0,Dépense,Après-midi
TX0501270,CUST0004_SEASONAL,2024-03-17,17:09:00,Courant,Espèces,Debit,832.1,0.0,RESTAURANT ETE,McDonald's,Marrakech,MA,2024-03-17 17:09:00,2024,3,17,17,Sunday,March,RESTAURANT ETE,MCDONALD'S,1,0,Dépense,Après-midi
TX0501271,CUST0004_SEASONAL,2024-03-17,18:57:00,Courant,Carte,Debit,1149.26,0.0,RESTAURANT ETE,Restaurant Gastronomique,Agadir,MA,2024-03-17 18:57:00,2024,3,17,18,Sunday,March,RESTAURANT ETE,RESTAURANT GASTRONOMIQUE,1,0,Dépense,Soir
TX0501272,CUST0004_SEASONAL,2024-03-18,14:31:00,Courant,Virement,Debit,484.57,0.0,VOYAGE MAROC,Marjane,Agadir,MA,2024-03-18 14:31:00,2024,3,18,14,Monday,March,VOYAGE MAROC,MARJANE,1,0,Dépense,Après-midi
TX0501273,CUST0004_SEASONAL,2024-03-19,18:58:00,Courant,Wallet,Debit,1166.42,0.0,VOYAGE MAROC,Marjane,Marrakech,MA,2024-03-19 18:58:00,2024,3,19,18,Tuesday,March,VOYAGE MAROC,MARJANE,1,0,Dépense,Soir
TX0501274,CUST0004_SEASONAL,2024-03-19,16:17:00,Courant,Carte,Debit,1110.03,0.0,HOTEL RESERVATION,Carrefour,Marrakech,MA,2024-03-19 16:17:00,2024,3,19,16,Tuesday,March,HOTEL RESERVATION,CARREFOUR,1,0,Dépense,Après-midi
TX0501275,CUST0004_SEASONAL,2024-03-20,17:19:00,Courant,ATM,Debit,1210.9,0.0,ACHAT RAMADAN,Restaurant Gastronomique,Tanger,MA,2024-03-20 17:19:00,2024,3,20,17,Wednesday,March,ACHAT RAMADAN,RESTAURANT GASTRONOMIQUE,1,0,Dépense,Après-midi
TX0501276,CUST0004_SEASONAL,2024-03-20,11:02:00,Courant,Wallet,Debit,1635.6,0.0,ACHAT RAMADAN,McDonald's,Oujda,MA,2024-03-20 11:02:00,2024,3,20,11,Wednesday,March,ACHAT RAMADAN,MCDONALD'S,1,0,Dépense,Matin
TX0501277,CUST0004_SEASONAL,2024-03-21,10:25:00,Courant,Wallet,Debit,1161.75,0.0,VOYAGE MAROC,Voyages Atlas,Fès,MA,2024-03-21 10:25:00,2024,3,21,10,Thursday,March,VOYAGE MAROC,VOYAGES ATLAS,1,0,Dépense,Matin
TX0501278,CUST0004_SEASONAL,2024-03-21,16:26:00,Courant,ATM,Debit,976.56,0.0,VOYAGE MAROC,Marjane,Casablanca,MA,2024-03-21 16:26:00,2024,3,21,16,Thursday,March,VOYAGE MAROC,MARJANE,1,0,Dépense,Après-midi
TX0501279,CUST0004_SEASONAL,2024-03-22,14:43:00,Courant,Virement instantané,Debit,975.88,0.0,ACHAT ETE,Hôtel Kenzi,Meknès,MA,2024-03-22 14:43:00,2024,3,22,14,Friday,March,ACHAT ETE,HÔTEL KENZI,1,0,Dépense,Après-midi
TX0501280,CUST0004_SEASONAL,2024-03-22,11:11:00,Courant,Espèces,Debit,952.34,0.0,VOYAGE MAROC,Marjane,Fès,MA,2024-03-22 11:11:00,2024,3,22,11,Friday,March,VOYAGE MAROC,MARJANE,1,0,Dépense,Matin
TX0501281,CUST0004_SEASONAL,2024-03-22,18:46:00,Courant,Wallet,Debit,1714.03,0.0,ACHAT ETE,H&M,Marrakech,MA,2024-03-22 18:46:00,2024,3,22,18,Friday,March,ACHAT ETE,H&M,1,0,Dépense,Soir
TX0501282,CUST0004_SEASONAL,2024-03-23,11:50:00,Courant,Virement instantané,Debit,1466.14,0.0,RESTAURANT ETE,Voyages Atlas,Marrakech,MA,2024-03-23 11:50:00,2024,3,23,11,Saturday,March,RESTAURANT ETE,VOYAGES ATLAS,1,0,Dépense,Matin
TX0501283,CUST0004_SEASONAL,2024-03-23,08:48:00,Courant,Carte,Debit,1733.04,0.0,ACHAT ETE,McDonald's,Tanger,MA,2024-03-23 08:48:00,2024,3,23,8,Saturday,March,ACHAT ETE,MCDONALD'S,1,0,Dépense,Matin
TX0501284,CUST0004_SEASONAL,2024-03-24,11:21:00,Courant,Espèces,Debit,852.52,0.0,ACHAT ETE,McDonald's,Marrakech,MA,2024-03-24 11:21:00,2024,3,24,11,Sunday,March,ACHAT ETE,MCDONALD'S,1,0,Dépense,Matin
TX0501285,CUST0004_SEASONAL,2024-03-24,12:40:00,Courant,Espèces,Debit,512.27,0.0,ACHAT ETE,Restaurant Gastronomique,Agadir,MA,2024-03-24 12:40:00,2024,3,24,12,Sunday,March,ACHAT ETE,RESTAURANT GASTRONOMIQUE,1,0,Dépense,Après-midi
TX0501286,CUST0004_SEASONAL,2024-03-24,11:14:00,Courant,ATM,Debit,1435.1,0.0,ACHAT ETE,McDonald's,Meknès,MA,2024-03-24 11:14:00,2024,3,24,11,Sunday,March,ACHAT ETE,MCDONALD'S,1,0,Dépense,Matin
TX0501287,CUST0004_SEASONAL,2024-03-24,14:58:00,Courant,Virement instantané,Debit,1889.41,0.0,ACHAT RAMADAN,Carrefour,Tanger,MA,2024-03-24 14:58:00,2024,3,24,14,Sunday,March,ACHAT RAMADAN,CARREFOUR,1,0,Dépense,Après-midi
TX0501288,CUST0004_SEASONAL,2024-03-25,12:17:00,Courant,Virement instantané,Debit,606.91,0.0,ACHAT RAMADAN,Marjane,Casablanca,MA,2024-03-25 12:17:00,2024,3,25,12,Monday,March,ACHAT RAMADAN,MARJANE,1,0,Dépense,Après-midi
TX0501289,CUST0004_SEASONAL,2024-03-25,10:52:00,Courant,ATM,Debit,1236.09,0.0,VOYAGE MAROC,Restaurant Gastronomique,Tanger,MA,2024-03-25 10:52:00,2024,3,25,10,Monday,March,VOYAGE MAROC,RESTAURANT GASTRONOMIQUE,1,0,Dépense,Matin
TX0501290,CUST0004_SEASONAL,2024-03-25,14:03:00,Courant,ATM,Debit,1767.91,0.0,ACHAT ETE,Carrefour,Agadir,MA,2024-03-25 14:03:00,2024,3,25,14,Monday,March,ACHAT ETE,CARREFOUR,1,0,Dépense,Après-midi
TX0501291,CUST0004_SEASONAL,2024-03-26,19:33:00,Courant,Carte,Debit,1640.5,0.0,ACHAT RAMADAN,Hôtel Kenzi,Fès,MA,2024-03-26 19:33:00,2024,3,26,19,Tuesday,March,ACHAT RAMADAN,HÔTEL KENZI,1,0,Dépense,Soir
TX0501292,CUST0004_SEASONAL,2024-03-26,11:35:00,Courant,Carte,Debit,1752.71,0.0,VOYAGE MAROC,McDonald's,Rabat,MA,2024-03-26 11:35:00,2024,3,26,11,Tuesday,March,VOYAGE MAROC,MCDONALD'S,1,0,Dépense,Matin
TX0501293,CUST0004_SEASONAL,2024-03-27,11:36:00,Courant,Carte,Debit,516.31,0.0,RESTAURANT ETE,Carrefour,Casablanca,MA,2024-03-27 11:36:00,2024,3,27,11,Wednesday,March,RESTAURANT ETE,CARREFOUR,1,0,Dépense,Matin
TX0501294,CUST0004_SEASONAL,2024-03-27,15:00:00,Courant,Wallet,Debit,1799.52,0.0,HOTEL RESERVATION,Hôtel Kenzi,Fès,MA,2024-03-27 15:00:00,2024,3,27,15,Wednesday,March,HOTEL RESERVATION,HÔTEL KENZI,1,0,Dépense,Après-midi
TX0501295,CUST0004_SEASONAL,2024-03-28,11:44:00,Courant,Carte,Debit,770.85,0.0,HOTEL RESERVATION,H&M,Rabat,MA,2024-03-28 11:44:00,2024,3,28,11,Thursday,March,HOTEL RESERVATION,H&M,1,0,Dépense,Matin
TX0501296,CUST0004_SEASONAL,2024-03-28,14:51:00,Courant,Carte,Debit,1015.25,0.0,HOTEL RESERVATION,Voyages Atlas,Fès,MA,2024-03-28 14:51:00,2024,3,28,14,Thursday,March,HOTEL RESERVATION,VOYAGES ATLAS,1,0,Dépense,Après-midi
TX0501297,CUST0004_SEASONAL,2024-03-29,10:23:00,Courant,Virement,Debit,728.74,0.0,HOTEL RESERVATION,McDonald's,Rabat,MA,2024-03-29 10:23:00,2024,3,29,10,Friday,March,HOTEL RESERVATION,MCDONALD'S,1,0,Dépense,Matin
TX0501298,CUST0004_SEASONAL,2024-03-29,18:15:00,Courant,Wallet,Debit,1476.47,0.0,HOTEL RESERVATION,Marjane,Rabat,MA,2024-03-29 18:15:00,2024,3,29,18,Friday,March,HOTEL RESERVATION,MARJANE,1,0,Dépense,Soir
TX0501299,CUST0004_SEASONAL,2024-03-30,20:09:00,Courant,Wallet,Debit,598.63,0.0,HOTEL RESERVATION,Marjane,Marrakech,MA,2024-03-30 20:09:00,2024,3,30,20,Saturday,March,HOTEL RESERVATION,MARJANE,1,0,Dépense,Soir
TX0501300,CUST0004_SEASONAL,2024-03-30,19:18:00,Courant,ATM,Debit,1674.18,0.0,RESTAURANT ETE,Carrefour,Fès,MA,2024-03-30 19:18:00,2024,3,30,19,Saturday,March,RESTAURANT ETE,CARREFOUR,1,0,Dépense,Soir
TX0501301,CUST0004_SEASONAL,2024-03-31,11:18:00,Courant,Virement instantané,Debit,1154.87,0.0,ACHAT ETE,Zara,Tanger,MA,2024-03-31 11:18:00,2024,3,31,11,Sunday,March,ACHAT ETE,ZARA,1,0,Dépense,Matin
TX0501302,CUST0004_SEASONAL,2024-03-31,17:52:00,Courant,ATM,Debit,974.64,0.0,ACHAT ETE,McDonald's,Tanger,MA,2024-03-31 17:52:00,2024,3,31,17,Sunday,March,ACHAT ETE,MCDONALD'S,1,0,Dépense,Après-midi
TX0501303,CUST0004_SEASONAL,2024-04-01,20:35:00,Salaire,Virement instantané,Credit,13259.0,-25263.99,virement employeur,Salaire,Meknès,MA,2024-04-01 20:35:00,2024,4,1,20,Monday,April,VIREMENT EMPLOYEUR,SALAIRE,0,1,Revenu,Soir
TX0501305,CUST0004_SEASONAL,2024-04-01,20:35:00,Courant,Virement,Debit,189.77,0.0,CARBURANT,BIM,Agadir,MA,2024-04-01 20:35:00,2024,4,1,20,Monday,April,CARBURANT,BIM,1,0,Dépense,Soir
TX0501305,CUST0004_SEASONAL,2024-04-01,10:04:00,Courant,Virement,Debit,98.23,0.0,ACHAT EPICERIE,Pharmacie,Agadir,MA,2024-04-01 10:04:00,2024,4,1,10,Monday,April,ACHAT EPICERIE,PHARMACIE,1,0,Dépense,Matin
TX0501306,CUST0004_SEASONAL,2024-04-02,16:00:00,Courant,Virement,Debit,126.2,0.0,ACHAT SUPERMARCHE,Careem,Rabat,MA,2024-04-02 16:00:00,2024,4,2,16,Tuesday,April,ACHAT SUPERMARCHE,CAREEM,1,0,Dépense,Après-midi
TX0501307,CUST0004_SEASONAL,2024-04-02,10:27:00,Courant,ATM,Debit,207.89,0.0,RETRAIT ATM,Shell,Tanger,MA,2024-04-02 10:27:00,2024,4,2,10,Tuesday,April,RETRAIT ATM,SHELL,1,0,Dépense,Matin
TX0501308,CUST0004_SEASONAL,2024-04-03,16:43:00,Courant,Virement,Debit,129.73,0.0,ACHAT EPICERIE,Pharmacie,Oujda,MA,2024-04-03 16:43:00,2024,4,3,16,Wednesday,April,ACHAT EPICERIE,PHARMACIE,1,0,Dépense,Après-midi
TX0501309,CUST0004_SEASONAL,2024-04-03,11:03:00,Courant,Virement instantané,Debit,74.96,0.0,TRANSPORT,Pharmacie,Marrakech,MA,2024-04-03 11:03:00,2024,4,3,11,Wednesday,April,TRANSPORT,PHARMACIE,1,0,Dépense,Matin
TX0501310,CUST0004_SEASONAL,2024-04-04,14:32:00,Courant,Virement instantané,Debit,208.48,0.0,TRANSPORT,Careem,Oujda,MA,2024-04-04 14:32:00,2024,4,4,14,Thursday,April,TRANSPORT,CAREEM,1,0,Dépense,Après-midi
TX0501311,CUST0004_SEASONAL,2024-04-04,10:02:00,Courant,Wallet,Debit,57.63,0.0,ACHAT SUPERMARCHE,Pharmacie,Tanger,MA,2024-04-04 10:02:00,2024,4,4,10,Thursday,April,ACHAT SUPERMARCHE,PHARMACIE,1,0,Dépense,Matin
TX0501312,CUST0004_SEASONAL,2024-04-04,08:27:00,Courant,ATM,Debit,34.09,0.0,ACHAT EPICERIE,ATM,Agadir,MA,2024-04-04 08:27:00,2024,4,4,8,Thursday,April,ACHAT EPICERIE,ATM,1,0,Dépense,Matin
TX0501313,CUST0004_SEASONAL,2024-04-05,13:11:00,Courant,ATM,Debit,53.71,0.0,RETRAIT ATM,Pharmacie,Marrakech,MA,2024-04-05 13:11:00,2024,4,5,13,Friday,April,RETRAIT ATM,PHARMACIE,1,0,Dépense,Après-midi
TX0501314,CUST0004_SEASONAL,2024-04-05,10:42:00,Courant,Carte,Debit,249.89,0.0,CARBURANT,Pharmacie,Marrakech,MA,2024-04-05 10:42:00,2024,4,5,10,Friday,April,CARBURANT,PHARMACIE,1,0,Dépense,Matin
TX0501315,CUST0004_SEASONAL,2024-04-05,10:39:00,Courant,Virement,Debit,95.21,0.0,CARBURANT,ATM,Rabat,MA,2024-04-05 10:39:00,2024,4,5,10,Friday,April,CARBURANT,ATM,1,0,Dépense,Matin
TX0501316,CUST0004_SEASONAL,2024-04-05,18:46:00,Courant,Virement,Debit,141.3,0.0,ACHAT SUPERMARCHE,Pharmacie,Meknès,MA,2024-04-05 18:46:00,2024,4,5,18,Friday,April,ACHAT SUPERMARCHE,PHARMACIE,1,0,Dépense,Soir
TX0501317,CUST0004_SEASONAL,2024-04-06,15:03:00,Courant,Espèces,Debit,236.22,0.0,ACHAT SUPERMARCHE,Careem,Casablanca,MA,2024-04-06 15:03:00,2024,4,6,15,Saturday,April,ACHAT SUPERMARCHE,CAREEM,1,0,Dépense,Après-midi
TX0501318,CUST0004_SEASONAL,2024-04-06,10:02:00,Courant,Wallet,Debit,64.74,0.0,TRANSPORT,BIM,Tanger,MA,2024-04-06 10:02:00,2024,4,6,10,Saturday,April,TRANSPORT,BIM,1,0,Dépense,Matin
TX0501319,CUST0004_SEASONAL,2024-04-07,12:15:00,Courant,Virement,Debit,55.07,0.0,ACHAT SUPERMARCHE,Carrefour,Oujda,MA,2024-04-07 12:15:00,2024,4,7,12,Sunday,April,ACHAT SUPERMARCHE,CARREFOUR,1,0,Dépense,Après-midi
TX0501320,CUST0004_SEASONAL,2024-04-07,16:52:00,Courant,Carte,Debit,179.13,0.0,ACHAT SUPERMARCHE,Shell,Meknès,MA,2024-04-07 16:52:00,2024,4,7,16,Sunday,April,ACHAT SUPERMARCHE,SHELL,1,0,Dépense,Après-midi
TX0501321,CUST0004_SEASONAL,2024-04-08,20:38:00,Courant,Virement,Debit,142.76,0.0,CARBURANT,Pharmacie,Marrakech,MA,2024-04-08 20:38:00,2024,4,8,20,Monday,April,CARBURANT,PHARMACIE,1,0,Dépense,Soir
TX0501322,CUST0004_SEASONAL,2024-04-09,09:50:00,Courant,Carte,Debit,192.09,0.0,TRANSPORT,ATM,Marrakech,MA,2024-04-09 09:50:00,2024,4,9,9,Tuesday,April,TRANSPORT,ATM,1,0,Dépense,Matin
TX0501323,CUST0004_SEASONAL,2024-04-09,12:45:00,Courant,ATM,Debit,239.6,0.0,CARBURANT,Careem,Oujda,MA,2024-04-09 12:45:00,2024,4,9,12,Tuesday,April,CARBURANT,CAREEM,1,0,Dépense,Après-midi
TX0501324,CUST0004_SEASONAL,2024-04-10,11:45:00,Courant,Espèces,Debit,186.07,0.0,ACHAT EPICERIE,Shell,Rabat,MA,2024-04-10 11:45:00,2024,4,10,11,Wednesday,April,ACHAT EPICERIE,SHELL,1,0,Dépense,Matin
TX0501325,CUST0004_SEASONAL,2024-04-10,10:11:00,Courant,Virement instantané,Debit,115.73,0.0,RETRAIT ATM,Pharmacie,Fès,MA,2024-04-10 10:11:00,2024,4,10,10,Wednesday,April,RETRAIT ATM,PHARMACIE,1,0,Dépense,Matin
TX0501326,CUST0004_SEASONAL,2024-04-11,12:36:00,Courant,Espèces,Debit,179.1,0.0,TRANSPORT,BIM,Fès,MA,2024-04-11 12:36:00,2024,4,11,12,Thursday,April,TRANSPORT,BIM,1,0,Dépense,Après-midi
TX0501327,CUST0004_SEASONAL,2024-04-11,14:06:00,Courant,Wallet,Debit,183.44,0.0,TRANSPORT,BIM,Meknès,MA,2024-04-11 14:06:00,2024,4,11,14,Thursday,April,TRANSPORT,BIM,1,0,Dépense,Après-midi
TX0501328,CUST0004_SEASONAL,2024-04-11,19:14:00,Courant,Espèces,Debit,88.38,0.0,CARBURANT,Carrefour,Rabat,MA,2024-04-11 19:14:00,2024,4,11,19,Thursday,April,CARBURANT,CARREFOUR,1,0,Dépense,Soir
TX0501329,CUST0004_SEASONAL,2024-04-12,09:02:00,Courant,ATM,Debit,55.83,0.0,ACHAT EPICERIE,Carrefour,Casablanca,MA,2024-04-12 09:02:00,2024,4,12,9,Friday,April,ACHAT EPICERIE,CARREFOUR,1,0,Dépense,Matin
TX0501330,CUST0004_SEASONAL,2024-04-12,15:20:00,Courant,ATM,Debit,225.69,0.0,CARBURANT,Careem,Casablanca,MA,2024-04-12 15:20:00,2024,4,12,15,Friday,April,CARBURANT,CAREEM,1,0,Dépense,Après-midi
TX0501331,CUST0004_SEASONAL,2024-04-12,13:40:00,Courant,Wallet,Debit,138.4,0.0,ACHAT SUPERMARCHE,Pharmacie,Fès,MA,2024-04-12 13:40:00,2024,4,12,13,Friday,April,ACHAT SUPERMARCHE,PHARMACIE,1,0,Dépense,Après-midi
TX0501332,CUST0004_SEASONAL,2024-04-13,11:10:00,Courant,Carte,Debit,196.96,0.0,RETRAIT ATM,Carrefour,Oujda,MA,2024-04-13 11:10:00,2024,4,13,11,Saturday,April,RETRAIT ATM,CARREFOUR,1,0,Dépense,Matin
TX0501333,CUST0004_SEASONAL,2024-04-14,12:55:00,Courant,Wallet,Debit,87.67,0.0,ACHAT SUPERMARCHE,Shell,Marrakech,MA,2024-04-14 12:55:00,2024,4,14,12,Sunday,April,ACHAT SUPERMARCHE,SHELL,1,0,Dépense,Après-midi
TX0501334,CUST0004_SEASONAL,2024-04-15,14:48:00,Courant,Virement,Debit,138.65,0.0,ACHAT EPICERIE,BIM,Marrakech,MA,2024-04-15 14:48:00,2024,4,15,14,Monday,April,ACHAT EPICERIE,BIM,1,0,Dépense,Après-midi
TX0501335,CUST0004_SEASONAL,2024-04-15,18:24:00,Courant,Espèces,Debit,169.41,0.0,TRANSPORT,Shell,Meknès,MA,2024-04-15 18:24:00,2024,4,15,18,Monday,April,TRANSPORT,SHELL,1,0,Dépense,Soir
TX0501336,CUST0004_SEASONAL,2024-04-15,20:06:00,Courant,Carte,Debit,207.21,0.0,RETRAIT ATM,BIM,Oujda,MA,2024-04-15 20:06:00,2024,4,15,20,Monday,April,RETRAIT ATM,BIM,1,0,Dépense,Soir
TX0501337,CUST0004_SEASONAL,2024-04-16,11:12:00,Courant,Virement instantané,Debit,174.31,0.0,CARBURANT,BIM,Tanger,MA,2024-04-16 11:12:00,2024,4,16,11,Tuesday,April,CARBURANT,BIM,1,0,Dépense,Matin
TX0501338,CUST0004_SEASONAL,2024-04-16,17:28:00,Courant,Virement,Debit,201.36,0.0,ACHAT EPICERIE,Carrefour,Tanger,MA,2024-04-16 17:28:00,2024,4,16,17,Tuesday,April,ACHAT EPICERIE,CARREFOUR,1,0,Dépense,Après-midi
TX0501339,CUST0004_SEASONAL,2024-04-17,16:13:00,Courant,Virement,Debit,200.16,0.0,CARBURANT,BIM,Oujda,MA,2024-04-17 16:13:00,2024,4,17,16,Wednesday,April,CARBURANT,BIM,1,0,Dépense,Après-midi
TX0501340,CUST0004_SEASONAL,2024-04-17,19:24:00,Courant,Virement instantané,Debit,161.51,0.0,TRANSPORT,ATM,Marrakech,MA,2024-04-17 19:24:00,2024,4,17,19,Wednesday,April,TRANSPORT,ATM,1,0,Dépense,Soir
TX0501341,CUST0004_SEASONAL,2024-04-18,10:27:00,Courant,Wallet,Debit,209.78,0.0,TRANSPORT,Shell,Rabat,MA,2024-04-18 10:27:00,2024,4,18,10,Thursday,April,TRANSPORT,SHELL,1,0,Dépense,Matin
TX0501342,CUST0004_SEASONAL,2024-04-18,14:54:00,Courant,Espèces,Debit,236.51,0.0,ACHAT SUPERMARCHE,Carrefour,Tanger,MA,2024-04-18 14:54:00,2024,4,18,14,Thursday,April,ACHAT SUPERMARCHE,CARREFOUR,1,0,Dépense,Après-midi
TX0501343,CUST0004_SEASONAL,2024-04-19,17:16:00,Courant,Carte,Debit,127.38,0.0,ACHAT EPICERIE,Careem,Tanger,MA,2024-04-19 17:16:00,2024,4,19,17,Friday,April,ACHAT EPICERIE,CAREEM,1,0,Dépense,Après-midi
TX0501344,CUST0004_SEASONAL,2024-04-19,12:11:00,Courant,Espèces,Debit,183.48,0.0,ACHAT EPICERIE,Carrefour,Tanger,MA,2024-04-19 12:11:00,2024,4,19,12,Friday,April,ACHAT EPICERIE,CARREFOUR,1,0,Dépense,Après-midi
TX0501345,CUST0004_SEASONAL,2024-04-20,10:46:00,Courant,Espèces,Debit,72.8,0.0,CARBURANT,Shell,Rabat,MA,2024-04-20 10:46:00,2024,4,20,10,Saturday,April,CARBURANT,SHELL,1,0,Dépense,Matin
TX0501346,CUST0004_SEASONAL,2024-04-20,13:03:00,Courant,ATM,Debit,215.58,0.0,ACHAT EPICERIE,Careem,Tanger,MA,2024-04-20 13:03:00,2024,4,20,13,Saturday,April,ACHAT EPICERIE,CAREEM,1,0,Dépense,Après-midi
TX0501347,CUST0004_SEASONAL,2024-04-21,10:27:00,Courant,Wallet,Debit,150.58,0.0,TRANSPORT,BIM,Meknès,MA,2024-04-21 10:27:00,2024,4,21,10,Sunday,April,TRANSPORT,BIM,1,0,Dépense,Matin
TX0501348,CUST0004_SEASONAL,2024-04-21,11:57:00,Courant,Wallet,Debit,88.85,0.0,TRANSPORT,BIM,Fès,MA,2024-04-21 11:57:00,2024,4,21,11,Sunday,April,TRANSPORT,BIM,1,0,Dépense,Matin
TX0501349,CUST0004_SEASONAL,2024-04-22,13:41:00,Courant,Virement,Debit,152.76,0.0,CARBURANT,BIM,Marrakech,MA,2024-04-22 13:41:00,2024,4,22,13,Monday,April,CARBURANT,BIM,1,0,Dépense,Après-midi
TX0501350,CUST0004_SEASONAL,2024-04-22,08:19:00,Courant,Virement instantané,Debit,160.1,0.0,CARBURANT,Shell,Meknès,MA,2024-04-22 08:19:00,2024,4,22,8,Monday,April,CARBURANT,SHELL,1,0,Dépense,Matin
TX0501351,CUST0004_SEASONAL,2024-04-23,14:10:00,Courant,Virement instantané,Debit,177.4,0.0,ACHAT EPICERIE,BIM,Casablanca,MA,2024-04-23 14:10:00,2024,4,23,14,Tuesday,April,ACHAT EPICERIE,BIM,1,0,Dépense,Après-midi
TX0501352,CUST0004_SEASONAL,2024-04-23,11:40:00,Courant,Espèces,Debit,137.02,0.0,RETRAIT ATM,Careem,Agadir,MA,2024-04-23 11:40:00,2024,4,23,11,Tuesday,April,RETRAIT ATM,CAREEM,1,0,Dépense,Matin
TX0501353,CUST0004_SEASONAL,2024-04-24,11:38:00,Courant,Virement,Debit,140.88,0.0,RETRAIT ATM,Pharmacie,Casablanca,MA,2024-04-24 11:38:00,2024,4,24,11,Wednesday,April,RETRAIT ATM,PHARMACIE,1,0,Dépense,Matin
TX0501354,CUST0004_SEASONAL,2024-04-24,20:11:00,Courant,Virement instantané,Debit,59.13,0.0,CARBURANT,Shell,Oujda,MA,2024-04-24 20:11:00,2024,4,24,20,Wednesday,April,CARBURANT,SHELL,1,0,Dépense,Soir
TX0501355,CUST0004_SEASONAL,2024-04-25,12:44:00,Courant,Virement,Debit,80.77,0.0,RETRAIT ATM,Carrefour,Oujda,MA,2024-04-25 12:44:00,2024,4,25,12,Thursday,April,RETRAIT ATM,CARREFOUR,1,0,Dépense,Après-midi
TX0501356,CUST0004_SEASONAL,2024-04-25,19:31:00,Courant,Virement instantané,Debit,203.82,0.0,TRANSPORT,BIM,Rabat,MA,2024-04-25 19:31:00,2024,4,25,19,Thursday,April,TRANSPORT,BIM,1,0,Dépense,Soir
TX0501357,CUST0004_SEASONAL,2024-04-25,10:29:00,Courant,ATM,Debit,33.42,0.0,CARBURANT,Pharmacie,Fès,MA,2024-04-25 10:29:00,2024,4,25,10,Thursday,April,CARBURANT,PHARMACIE,1,0,Dépense,Matin
TX0501358,CUST0004_SEASONAL,2024-04-26,19:58:00,Courant,Carte,Debit,143.73,0.0,RETRAIT ATM,Shell,Oujda,MA,2024-04-26 19:58:00,2024,4,26,19,Friday,April,RETRAIT ATM,SHELL,1,0,Dépense,Soir
TX0501359,CUST0004_SEASONAL,2024-04-26,14:38:00,Courant,Virement instantané,Debit,134.54,0.0,ACHAT SUPERMARCHE,Shell,Marrakech,MA,2024-04-26 14:38:00,2024,4,26,14,Friday,April,ACHAT SUPERMARCHE,SHELL,1,0,Dépense,Après-midi
TX0501360,CUST0004_SEASONAL,2024-04-27,14:24:00,Courant,Wallet,Debit,111.62,0.0,ACHAT SUPERMARCHE,BIM,Rabat,MA,2024-04-27 14:24:00,2024,4,27,14,Saturday,April,ACHAT SUPERMARCHE,BIM,1,0,Dépense,Après-midi
TX0501361,CUST0004_SEASONAL,2024-04-27,20:47:00,Courant,Carte,Debit,140.53,0.0,CARBURANT,Shell,Casablanca,MA,2024-04-27 20:47:00,2024,4,27,20,Saturday,April,CARBURANT,SHELL,1,0,Dépense,Soir
TX0501362,CUST0004_SEASONAL,2024-04-28,16:49:00,Courant,ATM,Debit,62.8,0.0,RETRAIT ATM,Pharmacie,Oujda,MA,2024-04-28 16:49:00,2024,4,28,16,Sunday,April,RETRAIT ATM,PHARMACIE,1,0,Dépense,Après-midi
TX0501363,CUST0004_SEASONAL,2024-04-28,14:46:00,Courant,Virement instantané,Debit,101.47,0.0,ACHAT SUPERMARCHE,Carrefour,Meknès,MA,2024-04-28 14:46:00,2024,4,28,14,Sunday,April,ACHAT SUPERMARCHE,CARREFOUR,1,0,Dépense,Après-midi
TX0501364,CUST0004_SEASONAL,2024-04-29,14:54:00,Courant,Virement,Debit,213.15,0.0,ACHAT EPICERIE,Pharmacie,Marrakech,MA,2024-04-29 14:54:00,2024,4,29,14,Monday,April,ACHAT EPICERIE,PHARMACIE,1,0,Dépense,Après-midi
TX0501365,CUST0004_SEASONAL,2024-04-29,19:19:00,Courant,ATM,Debit,112.77,0.0,ACHAT EPICERIE,Shell,Meknès,MA,2024-04-29 19:19:00,2024,4,29,19,Monday,April,ACHAT EPICERIE,SHELL,1,0,Dépense,Soir
TX0501366,CUST0004_SEASONAL,2024-04-30,15:44:00,Courant,Espèces,Debit,53.88,0.0,CARBURANT,Pharmacie,Agadir,MA,2024-04-30 15:44:00,2024,4,30,15,Tuesday,April,CARBURANT,PHARMACIE,1,0,Dépense,Après-midi
TX0501367,CUST0004_SEASONAL,2024-04-30,19:32:00,Courant,Virement instantané,Debit,210.01,0.0,ACHAT EPICERIE,Carrefour,Agadir,MA,2024-04-30 19:32:00,2024,4,30,19,Tuesday,April,ACHAT EPICERIE,CARREFOUR,1,0,Dépense,Soir
TX0501368,CUST0004_SEASONAL,2024-04-30,13:41:00,Courant,Wallet,Debit,49.46,0.0,CARBURANT,Shell,Fès,MA,2024-04-30 13:41:00,2024,4,30,13,Tuesday,April,CARBURANT,SHELL,1,0,Dépense,Après-midi
TX0501369,CUST0004_SEASONAL,2024-05-01,09:49:00,Salaire,Virement instantané,Credit,13619.0,-20895.78,virement employeur,Salaire,Rabat,MA,2024-05-01 09:49:00,2024,5,1,9,Wednesday,May,VIREMENT EMPLOYEUR,SALAIRE,0,1,Revenu,Matin
TX0501371,CUST0004_SEASONAL,2024-05-01,09:49:00,Courant,Carte,Debit,95.97,0.0,ACHAT SUPERMARCHE,Pharmacie,Fès,MA,2024-05-01 09:49:00,2024,5,1,9,Wednesday,May,ACHAT SUPERMARCHE,PHARMACIE,1,0,Dépense,Matin
TX0501371,CUST0004_SEASONAL,2024-05-01,19:36:00,Courant,Virement,Debit,121.76,0.0,ACHAT SUPERMARCHE,Carrefour,Rabat,MA,2024-05-01 19:36:00,2024,5,1,19,Wednesday,May,ACHAT SUPERMARCHE,CARREFOUR,1,0,Dépense,Soir
TX0501372,CUST0004_SEASONAL,2024-05-01,08:15:00,Courant,Espèces,Debit,57.98,0.0,ACHAT SUPERMARCHE,Shell,Tanger,MA,2024-05-01 08:15:00,2024,5,1,8,Wednesday,May,ACHAT SUPERMARCHE,SHELL,1,0,Dépense,Matin
TX0501373,CUST0004_SEASONAL,2024-05-01,11:43:00,Courant,Virement instantané,Debit,187.41,0.0,RETRAIT ATM,Shell,Agadir,MA,2024-05-01 11:43:00,2024,5,1,11,Wednesday,May,RETRAIT ATM,SHELL,1,0,Dépense,Matin
TX0501374,CUST0004_SEASONAL,2024-05-02,09:53:00,Courant,Virement,Debit,119.16,0.0,TRANSPORT,Careem,Oujda,MA,2024-05-02 09:53:00,2024,5,2,9,Thursday,May,TRANSPORT,CAREEM,1,0,Dépense,Matin
TX0501375,CUST0004_SEASONAL,2024-05-03,11:12:00,Courant,Espèces,Debit,138.93,0.0,TRANSPORT,BIM,Oujda,MA,2024-05-03 11:12:00,2024,5,3,11,Friday,May,TRANSPORT,BIM,1,0,Dépense,Matin
TX0501376,CUST0004_SEASONAL,2024-05-03,14:02:00,Courant,Virement,Debit,30.94,0.0,ACHAT EPICERIE,BIM,Oujda,MA,2024-05-03 14:02:00,2024,5,3,14,Friday,May,ACHAT EPICERIE,BIM,1,0,Dépense,Après-midi
TX0501377,CUST0004_SEASONAL,2024-05-03,15:00:00,Courant,Virement,Debit,153.15,0.0,TRANSPORT,Shell,Casablanca,MA,2024-05-03 15:00:00,2024,5,3,15,Friday,May,TRANSPORT,SHELL,1,0,Dépense,Après-midi
TX0501378,CUST0004_SEASONAL,2024-05-03,19:33:00,Courant,Virement instantané,Debit,189.24,0.0,RETRAIT ATM,Pharmacie,Agadir,MA,2024-05-03 19:33:00,2024,5,3,19,Friday,May,RETRAIT ATM,PHARMACIE,1,0,Dépense,Soir
TX0501379,CUST0004_SEASONAL,2024-05-04,12:06:00,Courant,Carte,Debit,110.51,0.0,RETRAIT ATM,Pharmacie,Agadir,MA,2024-05-04 12:06:00,2024,5,4,12,Saturday,May,RETRAIT ATM,PHARMACIE,1,0,Dépense,Après-midi
TX0501380,CUST0004_SEASONAL,2024-05-04,12:05:00,Courant,Espèces,Debit,98.2,0.0,TRANSPORT,Careem,Tanger,MA,2024-05-04 12:05:00,2024,5,4,12,Saturday,May,TRANSPORT,CAREEM,1,0,Dépense,Après-midi
TX0501381,CUST0004_SEASONAL,2024-05-05,08:19:00,Courant,Espèces,Debit,192.87,0.0,RETRAIT ATM,Carrefour,Rabat,MA,2024-05-05 08:19:00,2024,5,5,8,Sunday,May,RETRAIT ATM,CARREFOUR,1,0,Dépense,Matin
TX0501382,CUST0004_SEASONAL,2024-05-05,14:46:00,Courant,Virement instantané,Debit,81.06,0.0,ACHAT SUPERMARCHE,Careem,Rabat,MA,2024-05-05 14:46:00,2024,5,5,14,Sunday,May,ACHAT SUPERMARCHE,CAREEM,1,0,Dépense,Après-midi
TX0501383,CUST0004_SEASONAL,2024-05-05,09:45:00,Courant,Virement,Debit,246.42,0.0,TRANSPORT,ATM,Meknès,MA,2024-05-05 09:45:00,2024,5,5,9,Sunday,May,TRANSPORT,ATM,1,0,Dépense,Matin
TX0501384,CUST0004_SEASONAL,2024-05-06,14:18:00,Courant,Virement,Debit,124.44,0.0,RETRAIT ATM,BIM,Meknès,MA,2024-05-06 14:18:00,2024,5,6,14,Monday,May,RETRAIT ATM,BIM,1,0,Dépense,Après-midi
TX0501385,CUST0004_SEASONAL,2024-05-06,08:11:00,Courant,ATM,Debit,128.67,0.0,ACHAT SUPERMARCHE,Pharmacie,Rabat,MA,2024-05-06 08:11:00,2024,5,6,8,Monday,May,ACHAT SUPERMARCHE,PHARMACIE,1,0,Dépense,Matin
TX0501386,CUST0004_SEASONAL,2024-05-07,19:05:00,Courant,Virement,Debit,134.05,0.0,RETRAIT ATM,ATM,Rabat,MA,2024-05-07 19:05:00,2024,5,7,19,Tuesday,May,RETRAIT ATM,ATM,1,0,Dépense,Soir
TX0501387,CUST0004_SEASONAL,2024-05-07,17:45:00,Courant,ATM,Debit,243.1,0.0,RETRAIT ATM,Pharmacie,Meknès,MA,2024-05-07 17:45:00,2024,5,7,17,Tuesday,May,RETRAIT ATM,PHARMACIE,1,0,Dépense,Après-midi
TX0501388,CUST0004_SEASONAL,2024-05-08,08:51:00,Courant,Virement,Debit,143.26,0.0,TRANSPORT,Shell,Rabat,MA,2024-05-08 08:51:00,2024,5,8,8,Wednesday,May,TRANSPORT,SHELL,1,0,Dépense,Matin
TX0501389,CUST0004_SEASONAL,2024-05-08,20:08:00,Courant,ATM,Debit,111.02,0.0,TRANSPORT,Careem,Casablanca,MA,2024-05-08 20:08:00,2024,5,8,20,Wednesday,May,TRANSPORT,CAREEM,1,0,Dépense,Soir
TX0501390,CUST0004_SEASONAL,2024-05-09,13:45:00,Courant,ATM,Debit,141.29,0.0,ACHAT EPICERIE,Carrefour,Marrakech,MA,2024-05-09 13:45:00,2024,5,9,13,Thursday,May,ACHAT EPICERIE,CARREFOUR,1,0,Dépense,Après-midi
TX0501391,CUST0004_SEASONAL,2024-05-10,15:26:00,Courant,Espèces,Debit,206.81,0.0,ACHAT SUPERMARCHE,Carrefour,Fès,MA,2024-05-10 15:26:00,2024,5,10,15,Friday,May,ACHAT SUPERMARCHE,CARREFOUR,1,0,Dépense,Après-midi
TX0501392,CUST0004_SEASONAL,2024-05-10,18:54:00,Courant,Espèces,Debit,100.29,0.0,RETRAIT ATM,Careem,Fès,MA,2024-05-10 18:54:00,2024,5,10,18,Friday,May,RETRAIT ATM,CAREEM,1,0,Dépense,Soir
TX0501393,CUST0004_SEASONAL,2024-05-11,16:22:00,Courant,Carte,Debit,225.25,0.0,TRANSPORT,BIM,Tanger,MA,2024-05-11 16:22:00,2024,5,11,16,Saturday,May,TRANSPORT,BIM,1,0,Dépense,Après-midi
TX0501394,CUST0004_SEASONAL,2024-05-11,15:26:00,Courant,Espèces,Debit,71.84,0.0,RETRAIT ATM,Shell,Casablanca,MA,2024-05-11 15:26:00,2024,5,11,15,Saturday,May,RETRAIT ATM,SHELL,1,0,Dépense,Après-midi
TX0501395,CUST0004_SEASONAL,2024-05-12,10:01:00,Courant,ATM,Debit,52.16,0.0,ACHAT SUPERMARCHE,Shell,Fès,MA,2024-05-12 10:01:00,2024,5,12,10,Sunday,May,ACHAT SUPERMARCHE,SHELL,1,0,Dépense,Matin
TX0501396,CUST0004_SEASONAL,2024-05-12,08:17:00,Courant,ATM,Debit,52.56,0.0,ACHAT EPICERIE,BIM,Agadir,MA,2024-05-12 08:17:00,2024,5,12,8,Sunday,May,ACHAT EPICERIE,BIM,1,0,Dépense,Matin
TX0501397,CUST0004_SEASONAL,2024-05-13,19:47:00,Courant,Virement instantané,Debit,111.06,0.0,ACHAT SUPERMARCHE,Careem,Agadir,MA,2024-05-13 19:47:00,2024,5,13,19,Monday,May,ACHAT SUPERMARCHE,CAREEM,1,0,Dépense,Soir
TX0501398,CUST0004_SEASONAL,2024-05-13,15:44:00,Courant,Wallet,Debit,96.29,0.0,ACHAT EPICERIE,ATM,Fès,MA,2024-05-13 15:44:00,2024,5,13,15,Monday,May,ACHAT EPICERIE,ATM,1,0,Dépense,Après-midi
TX0501399,CUST0004_SEASONAL,2024-05-14,17:18:00,Courant,Espèces,Debit,109.24,0.0,TRANSPORT,Shell,Fès,MA,2024-05-14 17:18:00,2024,5,14,17,Tuesday,May,TRANSPORT,SHELL,1,0,Dépense,Après-midi
TX0501400,CUST0004_SEASONAL,2024-05-14,14:28:00,Courant,Espèces,Debit,100.89,0.0,TRANSPORT,Careem,Rabat,MA,2024-05-14 14:28:00,2024,5,14,14,Tuesday,May,TRANSPORT,CAREEM,1,0,Dépense,Après-midi
TX0501401,CUST0004_SEASONAL,2024-05-15,13:12:00,Courant,Virement,Debit,106.92,0.0,TRANSPORT,BIM,Oujda,MA,2024-05-15 13:12:00,2024,5,15,13,Wednesday,May,TRANSPORT,BIM,1,0,Dépense,Après-midi
TX0501402,CUST0004_SEASONAL,2024-05-15,19:27:00,Courant,ATM,Debit,139.17,0.0,CARBURANT,Careem,Casablanca,MA,2024-05-15 19:27:00,2024,5,15,19,Wednesday,May,CARBURANT,CAREEM,1,0,Dépense,Soir
TX0501403,CUST0004_SEASONAL,2024-05-16,08:28:00,Courant,Virement,Debit,149.1,0.0,ACHAT SUPERMARCHE,ATM,Marrakech,MA,2024-05-16 08:28:00,2024,5,16,8,Thursday,May,ACHAT SUPERMARCHE,ATM,1,0,Dépense,Matin
TX0501404,CUST0004_SEASONAL,2024-05-16,11:00:00,Courant,Wallet,Debit,184.92,0.0,CARBURANT,Pharmacie,Marrakech,MA,2024-05-16 11:00:00,2024,5,16,11,Thursday,May,CARBURANT,PHARMACIE,1,0,Dépense,Matin
TX0501405,CUST0004_SEASONAL,2024-05-16,19:11:00,Courant,Wallet,Debit,99.11,0.0,CARBURANT,Pharmacie,Agadir,MA,2024-05-16 19:11:00,2024,5,16,19,Thursday,May,CARBURANT,PHARMACIE,1,0,Dépense,Soir
TX0501406,CUST0004_SEASONAL,2024-05-17,11:26:00,Courant,Virement,Debit,173.16,0.0,TRANSPORT,Careem,Casablanca,MA,2024-05-17 11:26:00,2024,5,17,11,Friday,May,TRANSPORT,CAREEM,1,0,Dépense,Matin
TX0501407,CUST0004_SEASONAL,2024-05-17,16:30:00,Courant,ATM,Debit,138.46,0.0,RETRAIT ATM,Careem,Oujda,MA,2024-05-17 16:30:00,2024,5,17,16,Friday,May,RETRAIT ATM,CAREEM,1,0,Dépense,Après-midi
TX0501408,CUST0005_SEASONAL,2024-01-01,16:21:00,Salaire,Virement instantané,Credit,16108.0,35882.0,virement employeur,Salaire,Casablanca,MA,2024-01-01 16:21:00,2024,1,1,16,Monday,January,VIREMENT EMPLOYEUR,SALAIRE,0,1,Revenu,Après-midi
TX0501410,CUST0005_SEASONAL,2024-01-01,16:21:00,Courant,Wallet,Debit,169.2,35712.8,TRANSPORT,BIM,Meknès,MA,2024-01-01 16:21:00,2024,1,1,16,Monday,January,TRANSPORT,BIM,1,0,Dépense,Après-midi
TX0501410,CUST0005_SEASONAL,2024-01-02,17:50:00,Courant,Wallet,Debit,189.3,35523.51,TRANSPORT,Shell,Meknès,MA,2024-01-02 17:50:00,2024,1,2,17,Tuesday,January,TRANSPORT,SHELL,1,0,Dépense,Après-midi
TX0501411,CUST0005_SEASONAL,2024-01-02,20:10:00,Courant,Virement instantané,Debit,238.98,35284.53,ACHAT SUPERMARCHE,Pharmacie,Casablanca,MA,2024-01-02 20:10:00,2024,1,2,20,Tuesday,January,ACHAT SUPERMARCHE,PHARMACIE,1,0,Dépense,Soir
TX0501412,CUST0005_SEASONAL,2024-01-03,17:52:00,Courant,Virement,Debit,215.48,35069.05,CARBURANT,Careem,Oujda,MA,2024-01-03 17:52:00,2024,1,3,17,Wednesday,January,CARBURANT,CAREEM,1,0,Dépense,Après-midi
TX0501413,CUST0005_SEASONAL,2024-01-03,20:13:00,Courant,Wallet,Debit,193.42,34875.62,ACHAT SUPERMARCHE,Carrefour,Agadir,MA,2024-01-03 20:13:00,2024,1,3,20,Wednesday,January,ACHAT SUPERMARCHE,CARREFOUR,1,0,Dépense,Soir
TX0501414,CUST0005_SEASONAL,2024-01-03,10:32:00,Courant,ATM,Debit,200.78,34674.85,RETRAIT ATM,BIM,Tanger,MA,2024-01-03 10:32:00,2024,1,3,10,Wednesday,January,RETRAIT ATM,BIM,1,0,Dépense,Matin
TX0501415,CUST0005_SEASONAL,2024-01-04,17:36:00,Courant,ATM,Debit,124.26,34550.59,RETRAIT ATM,ATM,Marrakech,MA,2024-01-04 17:36:00,2024,1,4,17,Thursday,January,RETRAIT ATM,ATM,1,0,Dépense,Après-midi
TX0501416,CUST0005_SEASONAL,2024-01-04,13:46:00,Courant,Wallet,Debit,222.83,34327.76,CARBURANT,ATM,Fès,MA,2024-01-04 13:46:00,2024,1,4,13,Thursday,January,CARBURANT,ATM,1,0,Dépense,Après-midi
TX0501417,CUST0005_SEASONAL,2024-01-05,16:03:00,Courant,Virement instantané,Debit,217.71,34110.04,ACHAT EPICERIE,Careem,Fès,MA,2024-01-05 16:03:00,2024,1,5,16,Friday,January,ACHAT EPICERIE,CAREEM,1,0,Dépense,Après-midi
TX0501418,CUST0005_SEASONAL,2024-01-05,09:45:00,Courant,Virement,Debit,133.31,33976.73,CARBURANT,Shell,Casablanca,MA,2024-01-05 09:45:00,2024,1,5,9,Friday,January,CARBURANT,SHELL,1,0,Dépense,Matin
TX0501419,CUST0005_SEASONAL,2024-01-06,15:40:00,Courant,Espèces,Debit,181.43,33795.3,ACHAT SUPERMARCHE,Shell,Rabat,MA,2024-01-06 15:40:00,2024,1,6,15,Saturday,January,ACHAT SUPERMARCHE,SHELL,1,0,Dépense,Après-midi
TX0501420,CUST0005_SEASONAL,2024-01-06,19:18:00,Courant,Espèces,Debit,94.39,33700.91,TRANSPORT,Carrefour,Meknès,MA,2024-01-06 19:18:00,2024,1,6,19,Saturday,January,TRANSPORT,CARREFOUR,1,0,Dépense,Soir
TX0501421,CUST0005_SEASONAL,2024-01-07,19:20:00,Courant,Wallet,Debit,118.45,33582.45,TRANSPORT,Shell,Marrakech,MA,2024-01-07 19:20:00,2024,1,7,19,Sunday,January,TRANSPORT,SHELL,1,0,Dépense,Soir
TX0501422,CUST0005_SEASONAL,2024-01-08,18:53:00,Courant,Wallet,Debit,133.55,33448.9,RETRAIT ATM,Pharmacie,Casablanca,MA,2024-01-08 18:53:00,2024,1,8,18,Monday,January,RETRAIT ATM,PHARMACIE,1,0,Dépense,Soir
TX0501423,CUST0005_SEASONAL,2024-01-08,10:48:00,Courant,ATM,Debit,40.09,33408.81,ACHAT SUPERMARCHE,Shell,Fès,MA,2024-01-08 10:48:00,2024,1,8,10,Monday,January,ACHAT SUPERMARCHE,SHELL,1,0,Dépense,Matin
TX0501424,CUST0005_SEASONAL,2024-01-09,20:06:00,Courant,Espèces,Debit,237.02,33171.79,ACHAT SUPERMARCHE,Shell,Fès,MA,2024-01-09 20:06:00,2024,1,9,20,Tuesday,January,ACHAT SUPERMARCHE,SHELL,1,0,Dépense,Soir
TX0501425,CUST0005_SEASONAL,2024-01-09,14:49:00,Courant,Virement instantané,Debit,135.69,33036.1,ACHAT EPICERIE,Pharmacie,Tanger,MA,2024-01-09 14:49:00,2024,1,9,14,Tuesday,January,ACHAT EPICERIE,PHARMACIE,1,0,Dépense,Après-midi
TX0501426,CUST0005_SEASONAL,2024-01-09,18:34:00,Courant,Virement,Debit,170.56,32865.54,RETRAIT ATM,Pharmacie,Rabat,MA,2024-01-09 18:34:00,2024,1,9,18,Tuesday,January,RETRAIT ATM,PHARMACIE,1,0,Dépense,Soir
TX0501427,CUST0005_SEASONAL,2024-01-10,12:51:00,Courant,Virement instantané,Debit,150.95,32714.59,RETRAIT ATM,Careem,Fès,MA,2024-01-10 12:51:00,2024,1,10,12,Wednesday,January,RETRAIT ATM,CAREEM,1,0,Dépense,Après-midi
TX0501428,CUST0005_SEASONAL,2024-01-10,20:36:00,Courant,Virement,Debit,232.7,32481.89,RETRAIT ATM,Carrefour,Tanger,MA,2024-01-10 20:36:00,2024,1,10,20,Wednesday,January,RETRAIT ATM,CARREFOUR,1,0,Dépense,Soir
TX0501429,CUST0005_SEASONAL,2024-01-10,13:42:00,Courant,Virement instantané,Debit,248.51,32233.38,RETRAIT ATM,Shell,Oujda,MA,2024-01-10 13:42:00,2024,1,10,13,Wednesday,January,RETRAIT ATM,SHELL,1,0,Dépense,Après-midi
TX0501430,CUST0005_SEASONAL,2024-01-11,13:20:00,Courant,Wallet,Debit,36.0,32197.38,ACHAT EPICERIE,Careem,Agadir,MA,2024-01-11 13:20:00,2024,1,11,13,Thursday,January,ACHAT EPICERIE,CAREEM,1,0,Dépense,Après-midi
TX0501431,CUST0005_SEASONAL,2024-01-11,15:05:00,Courant,Virement instantané,Debit,41.75,32155.63,RETRAIT ATM,Carrefour,Tanger,MA,2024-01-11 15:05:00,2024,1,11,15,Thursday,January,RETRAIT ATM,CARREFOUR,1,0,Dépense,Après-midi
TX0501432,CUST0005_SEASONAL,2024-01-12,18:11:00,Courant,Virement,Debit,178.75,31976.88,RETRAIT ATM,Carrefour,Casablanca,MA,2024-01-12 18:11:00,2024,1,12,18,Friday,January,RETRAIT ATM,CARREFOUR,1,0,Dépense,Soir
TX0501433,CUST0005_SEASONAL,2024-01-13,18:58:00,Courant,ATM,Debit,110.02,31866.86,CARBURANT,Pharmacie,Meknès,MA,2024-01-13 18:58:00,2024,1,13,18,Saturday,January,CARBURANT,PHARMACIE,1,0,Dépense,Soir
TX0501434,CUST0005_SEASONAL,2024-01-13,12:14:00,Courant,Virement instantané,Debit,242.27,31624.58,TRANSPORT,Careem,Oujda,MA,2024-01-13 12:14:00,2024,1,13,12,Saturday,January,TRANSPORT,CAREEM,1,0,Dépense,Après-midi
TX0501435,CUST0005_SEASONAL,2024-01-14,16:32:00,Courant,ATM,Debit,219.72,31404.87,TRANSPORT,Careem,Meknès,MA,2024-01-14 16:32:00,2024,1,14,16,Sunday,January,TRANSPORT,CAREEM,1,0,Dépense,Après-midi
TX0501436,CUST0005_SEASONAL,2024-01-14,13:31:00,Courant,Wallet,Debit,230.49,31174.37,ACHAT EPICERIE,BIM,Meknès,MA,2024-01-14 13:31:00,2024,1,14,13,Sunday,January,ACHAT EPICERIE,BIM,1,0,Dépense,Après-midi
TX0501437,CUST0005_SEASONAL,2024-01-14,11:12:00,Courant,Virement instantané,Debit,124.32,31050.05,RETRAIT ATM,BIM,Tanger,MA,2024-01-14 11:12:00,2024,1,14,11,Sunday,January,RETRAIT ATM,BIM,1,0,Dépense,Matin
TX0501438,CUST0005_SEASONAL,2024-01-15,08:12:00,Courant,Carte,Debit,213.86,30836.19,CARBURANT,BIM,Rabat,MA,2024-01-15 08:12:00,2024,1,15,8,Monday,January,CARBURANT,BIM,1,0,Dépense,Matin
TX0501439,CUST0005_SEASONAL,2024-01-15,14:11:00,Courant,Carte,Debit,200.19,30636.0,ACHAT EPICERIE,Pharmacie,Casablanca,MA,2024-01-15 14:11:00,2024,1,15,14,Monday,January,ACHAT EPICERIE,PHARMACIE,1,0,Dépense,Après-midi
TX0501440,CUST0005_SEASONAL,2024-01-15,19:31:00,Courant,Virement instantané,Debit,140.61,30495.39,TRANSPORT,ATM,Agadir,MA,2024-01-15 19:31:00,2024,1,15,19,Monday,January,TRANSPORT,ATM,1,0,Dépense,Soir
TX0501441,CUST0005_SEASONAL,2024-01-16,10:49:00,Courant,Virement instantané,Debit,174.98,30320.41,ACHAT EPICERIE,Careem,Rabat,MA,2024-01-16 10:49:00,2024,1,16,10,Tuesday,January,ACHAT EPICERIE,CAREEM,1,0,Dépense,Matin
TX0501442,CUST0005_SEASONAL,2024-01-17,13:50:00,Courant,Virement,Debit,197.14,30123.26,CARBURANT,ATM,Marrakech,MA,2024-01-17 13:50:00,2024,1,17,13,Wednesday,January,CARBURANT,ATM,1,0,Dépense,Après-midi
TX0501443,CUST0005_SEASONAL,2024-01-17,14:27:00,Courant,Carte,Debit,176.67,29946.6,ACHAT EPICERIE,Carrefour,Oujda,MA,2024-01-17 14:27:00,2024,1,17,14,Wednesday,January,ACHAT EPICERIE,CARREFOUR,1,0,Dépense,Après-midi
TX0501444,CUST0005_SEASONAL,2024-01-17,15:05:00,Courant,Virement,Debit,241.52,29705.07,ACHAT EPICERIE,Shell,Fès,MA,2024-01-17 15:05:00,2024,1,17,15,Wednesday,January,ACHAT EPICERIE,SHELL,1,0,Dépense,Après-midi
TX0501445,CUST0005_SEASONAL,2024-01-18,11:10:00,Courant,Virement,Debit,151.34,29553.73,RETRAIT ATM,BIM,Fès,MA,2024-01-18 11:10:00,2024,1,18,11,Thursday,January,RETRAIT ATM,BIM,1,0,Dépense,Matin
TX0501446,CUST0005_SEASONAL,2024-01-19,13:29:00,Courant,Espèces,Debit,174.13,29379.6,TRANSPORT,Shell,Casablanca,MA,2024-01-19 13:29:00,2024,1,19,13,Friday,January,TRANSPORT,SHELL,1,0,Dépense,Après-midi
TX0501447,CUST0005_SEASONAL,2024-01-19,18:21:00,Courant,Virement,Debit,229.78,29149.82,TRANSPORT,BIM,Agadir,MA,2024-01-19 18:21:00,2024,1,19,18,Friday,January,TRANSPORT,BIM,1,0,Dépense,Soir
TX0501448,CUST0005_SEASONAL,2024-01-20,14:27:00,Courant,Wallet,Debit,147.52,29002.3,ACHAT EPICERIE,Shell,Meknès,MA,2024-01-20 14:27:00,2024,1,20,14,Saturday,January,ACHAT EPICERIE,SHELL,1,0,Dépense,Après-midi
TX0501449,CUST0005_SEASONAL,2024-01-20,19:35:00,Courant,Espèces,Debit,84.1,28918.2,TRANSPORT,Shell,Fès,MA,2024-01-20 19:35:00,2024,1,20,19,Saturday,January,TRANSPORT,SHELL,1,0,Dépense,Soir
TX0501450,CUST0005_SEASONAL,2024-01-21,10:00:00,Courant,Virement instantané,Debit,192.47,28725.73,ACHAT EPICERIE,Careem,Marrakech,MA,2024-01-21 10:00:00,2024,1,21,10,Sunday,January,ACHAT EPICERIE,CAREEM,1,0,Dépense,Matin
TX0501451,CUST0005_SEASONAL,2024-01-21,16:09:00,Courant,ATM,Debit,58.58,28667.15,RETRAIT ATM,BIM,Meknès,MA,2024-01-21 16:09:00,2024,1,21,16,Sunday,January,RETRAIT ATM,BIM,1,0,Dépense,Après-midi
TX0501452,CUST0005_SEASONAL,2024-01-21,17:02:00,Courant,Virement,Debit,137.33,28529.82,RETRAIT ATM,BIM,Casablanca,MA,2024-01-21 17:02:00,2024,1,21,17,Sunday,January,RETRAIT ATM,BIM,1,0,Dépense,Après-midi
TX0501453,CUST0005_SEASONAL,2024-01-22,10:27:00,Courant,Virement instantané,Debit,239.01,28290.82,CARBURANT,Carrefour,Tanger,MA,2024-01-22 10:27:00,2024,1,22,10,Monday,January,CARBURANT,CARREFOUR,1,0,Dépense,Matin
TX0501454,CUST0005_SEASONAL,2024-01-22,13:45:00,Courant,Virement,Debit,217.35,28073.46,ACHAT EPICERIE,Carrefour,Fès,MA,2024-01-22 13:45:00,2024,1,22,13,Monday,January,ACHAT EPICERIE,CARREFOUR,1,0,Dépense,Après-midi
TX0501455,CUST0005_SEASONAL,2024-01-23,20:41:00,Courant,Espèces,Debit,154.81,27918.65,ACHAT SUPERMARCHE,Carrefour,Oujda,MA,2024-01-23 20:41:00,2024,1,23,20,Tuesday,January,ACHAT SUPERMARCHE,CARREFOUR,1,0,Dépense,Soir
TX0501456,CUST0005_SEASONAL,2024-01-23,17:47:00,Courant,ATM,Debit,154.05,27764.61,RETRAIT ATM,Pharmacie,Agadir,MA,2024-01-23 17:47:00,2024,1,23,17,Tuesday,January,RETRAIT ATM,PHARMACIE,1,0,Dépense,Après-midi
TX0501457,CUST0005_SEASONAL,2024-01-24,13:28:00,Courant,Virement,Debit,171.46,27593.15,TRANSPORT,Carrefour,Casablanca,MA,2024-01-24 13:28:00,2024,1,24,13,Wednesday,January,TRANSPORT,CARREFOUR,1,0,Dépense,Après-midi
TX0501458,CUST0005_SEASONAL,2024-01-24,10:52:00,Courant,ATM,Debit,182.49,27410.66,TRANSPORT,Carrefour,Oujda,MA,2024-01-24 10:52:00,2024,1,24,10,Wednesday,January,TRANSPORT,CARREFOUR,1,0,Dépense,Matin
TX0501459,CUST0005_SEASONAL,2024-01-24,13:20:00,Courant,Virement,Debit,208.85,27201.81,RETRAIT ATM,Carrefour,Marrakech,MA,2024-01-24 13:20:00,2024,1,24,13,Wednesday,January,RETRAIT ATM,CARREFOUR,1,0,Dépense,Après-midi
TX0501460,CUST0005_SEASONAL,2024-01-25,18:45:00,Courant,ATM,Debit,138.06,27063.75,RETRAIT ATM,ATM,Oujda,MA,2024-01-25 18:45:00,2024,1,25,18,Thursday,January,RETRAIT ATM,ATM,1,0,Dépense,Soir
TX0501461,CUST0005_SEASONAL,2024-01-25,12:50:00,Courant,Virement,Debit,229.74,26834.01,TRANSPORT,BIM,Agadir,MA,2024-01-25 12:50:00,2024,1,25,12,Thursday,January,TRANSPORT,BIM,1,0,Dépense,Après-midi
TX0501462,CUST0005_SEASONAL,2024-01-26,13:10:00,Courant,ATM,Debit,219.86,26614.15,ACHAT EPICERIE,Carrefour,Tanger,MA,2024-01-26 13:10:00,2024,1,26,13,Friday,January,ACHAT EPICERIE,CARREFOUR,1,0,Dépense,Après-midi
TX0501463,CUST0005_SEASONAL,2024-01-26,10:30:00,Courant,ATM,Debit,128.64,26485.52,TRANSPORT,BIM,Meknès,MA,2024-01-26 10:30:00,2024,1,26,10,Friday,January,TRANSPORT,BIM,1,0,Dépense,Matin
TX0501464,CUST0005_SEASONAL,2024-01-27,13:43:00,Courant,Wallet,Debit,190.46,26295.05,ACHAT SUPERMARCHE,Carrefour,Agadir,MA,2024-01-27 13:43:00,2024,1,27,13,Saturday,January,ACHAT SUPERMARCHE,CARREFOUR,1,0,Dépense,Après-midi
TX0501465,CUST0005_SEASONAL,2024-01-28,18:54:00,Courant,Wallet,Debit,38.6,26256.46,ACHAT SUPERMARCHE,Carrefour,Meknès,MA,2024-01-28 18:54:00,2024,1,28,18,Sunday,January,ACHAT SUPERMARCHE,CARREFOUR,1,0,Dépense,Soir
TX0501466,CUST0005_SEASONAL,2024-01-28,12:16:00,Courant,Espèces,Debit,80.54,26175.92,CARBURANT,Shell,Tanger,MA,2024-01-28 12:16:00,2024,1,28,12,Sunday,January,CARBURANT,SHELL,1,0,Dépense,Après-midi
TX0501467,CUST0005_SEASONAL,2024-01-29,17:07:00,Courant,Carte,Debit,95.35,26080.57,ACHAT SUPERMARCHE,Carrefour,Tanger,MA,2024-01-29 17:07:00,2024,1,29,17,Monday,January,ACHAT SUPERMARCHE,CARREFOUR,1,0,Dépense,Après-midi
TX0501468,CUST0005_SEASONAL,2024-01-30,20:46:00,Courant,Carte,Debit,98.56,25982.02,RETRAIT ATM,Shell,Marrakech,MA,2024-01-30 20:46:00,2024,1,30,20,Tuesday,January,RETRAIT ATM,SHELL,1,0,Dépense,Soir
TX0501469,CUST0005_SEASONAL,2024-01-30,12:35:00,Courant,ATM,Debit,193.81,25788.21,ACHAT SUPERMARCHE,BIM,Rabat,MA,2024-01-30 12:35:00,2024,1,30,12,Tuesday,January,ACHAT SUPERMARCHE,BIM,1,0,Dépense,Après-midi
TX0501470,CUST0005_SEASONAL,2024-01-31,12:00:00,Courant,Espèces,Debit,229.42,25558.78,RETRAIT ATM,Shell,Casablanca,MA,2024-01-31 12:00:00,2024,1,31,12,Wednesday,January,RETRAIT ATM,SHELL,1,0,Dépense,Après-midi
TX0501471,CUST0005_SEASONAL,2024-02-01,16:06:00,Salaire,Virement instantané,Credit,14692.0,40250.78,virement employeur,Salaire,Tanger,MA,2024-02-01 16:06:00,2024,2,1,16,Thursday,February,VIREMENT EMPLOYEUR,SALAIRE,0,1,Revenu,Après-midi
TX0501473,CUST0005_SEASONAL,2024-02-01,16:06:00,Courant,Espèces,Debit,82.21,40168.57,TRANSPORT,BIM,Marrakech,MA,2024-02-01 16:06:00,2024,2,1,16,Thursday,February,TRANSPORT,BIM,1,0,Dépense,Après-midi
TX0501473,CUST0005_SEASONAL,2024-02-01,18:58:00,Courant,Wallet,Debit,140.34,40028.23,CARBURANT,Careem,Casablanca,MA,2024-02-01 18:58:00,2024,2,1,18,Thursday,February,CARBURANT,CAREEM,1,0,Dépense,Soir
TX0501474,CUST0005_SEASONAL,2024-02-02,14:17:00,Courant,Virement instantané,Debit,113.72,39914.51,RETRAIT ATM,Pharmacie,Meknès,MA,2024-02-02 14:17:00,2024,2,2,14,Friday,February,RETRAIT ATM,PHARMACIE,1,0,Dépense,Après-midi
TX0501475,CUST0005_SEASONAL,2024-02-02,13:21:00,Courant,Wallet,Debit,186.68,39727.83,CARBURANT,Shell,Oujda,MA,2024-02-02 13:21:00,2024,2,2,13,Friday,February,CARBURANT,SHELL,1,0,Dépense,Après-midi
TX0501476,CUST0005_SEASONAL,2024-02-02,08:20:00,Courant,Virement,Debit,210.67,39517.16,ACHAT SUPERMARCHE,Carrefour,Agadir,MA,2024-02-02 08:20:00,2024,2,2,8,Friday,February,ACHAT SUPERMARCHE,CARREFOUR,1,0,Dépense,Matin
TX0501477,CUST0005_SEASONAL,2024-02-03,14:55:00,Courant,Wallet,Debit,238.55,39278.61,ACHAT EPICERIE,BIM,Agadir,MA,2024-02-03 14:55:00,2024,2,3,14,Saturday,February,ACHAT EPICERIE,BIM,1,0,Dépense,Après-midi
TX0501478,CUST0005_SEASONAL,2024-02-03,15:26:00,Courant,Carte,Debit,67.48,39211.14,CARBURANT,Careem,Fès,MA,2024-02-03 15:26:00,2024,2,3,15,Saturday,February,CARBURANT,CAREEM,1,0,Dépense,Après-midi
TX0501479,CUST0005_SEASONAL,2024-02-04,15:11:00,Courant,Virement instantané,Debit,202.17,39008.97,ACHAT EPICERIE,Carrefour,Rabat,MA,2024-02-04 15:11:00,2024,2,4,15,Sunday,February,ACHAT EPICERIE,CARREFOUR,1,0,Dépense,Après-midi
TX0501480,CUST0005_SEASONAL,2024-02-04,19:50:00,Courant,Virement instantané,Debit,186.78,38822.19,ACHAT EPICERIE,Shell,Meknès,MA,2024-02-04 19:50:00,2024,2,4,19,Sunday,February,ACHAT EPICERIE,SHELL,1,0,Dépense,Soir
TX0501481,CUST0005_SEASONAL,2024-02-05,20:10:00,Courant,Wallet,Debit,82.62,38739.57,ACHAT SUPERMARCHE,Shell,Casablanca,MA,2024-02-05 20:10:00,2024,2,5,20,Monday,February,ACHAT SUPERMARCHE,SHELL,1,0,Dépense,Soir
TX0501482,CUST0005_SEASONAL,2024-02-05,16:17:00,Courant,Carte,Debit,177.6,38561.97,ACHAT EPICERIE,Pharmacie,Casablanca,MA,2024-02-05 16:17:00,2024,2,5,16,Monday,February,ACHAT EPICERIE,PHARMACIE,1,0,Dépense,Après-midi
TX0501483,CUST0005_SEASONAL,2024-02-06,11:57:00,Courant,Wallet,Debit,245.1,38316.87,RETRAIT ATM,Shell,Tanger,MA,2024-02-06 11:57:00,2024,2,6,11,Tuesday,February,RETRAIT ATM,SHELL,1,0,Dépense,Matin
TX0501484,CUST0005_SEASONAL,2024-02-06,08:18:00,Courant,Virement,Debit,78.93,38237.94,CARBURANT,Carrefour,Tanger,MA,2024-02-06 08:18:00,2024,2,6,8,Tuesday,February,CARBURANT,CARREFOUR,1,0,Dépense,Matin
TX0501485,CUST0005_SEASONAL,2024-02-06,12:17:00,Courant,Carte,Debit,37.87,38200.07,ACHAT EPICERIE,Shell,Casablanca,MA,2024-02-06 12:17:00,2024,2,6,12,Tuesday,February,ACHAT EPICERIE,SHELL,1,0,Dépense,Après-midi
TX0501486,CUST0005_SEASONAL,2024-02-06,14:18:00,Courant,Carte,Debit,104.33,38095.74,CARBURANT,ATM,Marrakech,MA,2024-02-06 14:18:00,2024,2,6,14,Tuesday,February,CARBURANT,ATM,1,0,Dépense,Après-midi
TX0501487,CUST0005_SEASONAL,2024-02-07,18:08:00,Courant,Espèces,Debit,192.09,37903.66,CARBURANT,BIM,Marrakech,MA,2024-02-07 18:08:00,2024,2,7,18,Wednesday,February,CARBURANT,BIM,1,0,Dépense,Soir
TX0501488,CUST0005_SEASONAL,2024-02-07,14:43:00,Courant,ATM,Debit,203.58,37700.08,ACHAT EPICERIE,Pharmacie,Casablanca,MA,2024-02-07 14:43:00,2024,2,7,14,Wednesday,February,ACHAT EPICERIE,PHARMACIE,1,0,Dépense,Après-midi
TX0501489,CUST0005_SEASONAL,2024-02-07,19:01:00,Courant,ATM,Debit,52.87,37647.21,ACHAT EPICERIE,BIM,Oujda,MA,2024-02-07 19:01:00,2024,2,7,19,Wednesday,February,ACHAT EPICERIE,BIM,1,0,Dépense,Soir
TX0501490,CUST0005_SEASONAL,2024-02-08,18:02:00,Courant,Wallet,Debit,71.12,37576.09,ACHAT SUPERMARCHE,Pharmacie,Tanger,MA,2024-02-08 18:02:00,2024,2,8,18,Thursday,February,ACHAT SUPERMARCHE,PHARMACIE,1,0,Dépense,Soir
TX0501491,CUST0005_SEASONAL,2024-02-09,18:48:00,Courant,Carte,Debit,60.83,37515.26,CARBURANT,Careem,Casablanca,MA,2024-02-09 18:48:00,2024,2,9,18,Friday,February,CARBURANT,CAREEM,1,0,Dépense,Soir
TX0501492,CUST0005_SEASONAL,2024-02-09,11:07:00,Courant,Virement,Debit,226.13,37289.13,CARBURANT,Shell,Meknès,MA,2024-02-09 11:07:00,2024,2,9,11,Friday,February,CARBURANT,SHELL,1,0,Dépense,Matin
TX0501493,CUST0005_SEASONAL,2024-02-10,14:07:00,Courant,Espèces,Debit,227.28,37061.85,ACHAT SUPERMARCHE,Shell,Oujda,MA,2024-02-10 14:07:00,2024,2,10,14,Saturday,February,ACHAT SUPERMARCHE,SHELL,1,0,Dépense,Après-midi
TX0501494,CUST0005_SEASONAL,2024-02-10,20:42:00,Courant,ATM,Debit,135.11,36926.74,TRANSPORT,Carrefour,Tanger,MA,2024-02-10 20:42:00,2024,2,10,20,Saturday,February,TRANSPORT,CARREFOUR,1,0,Dépense,Soir
TX0501495,CUST0005_SEASONAL,2024-02-10,14:05:00,Courant,Wallet,Debit,104.43,36822.31,RETRAIT ATM,Shell,Rabat,MA,2024-02-10 14:05:00,2024,2,10,14,Saturday,February,RETRAIT ATM,SHELL,1,0,Dépense,Après-midi
TX0501496,CUST0005_SEASONAL,2024-02-11,08:58:00,Courant,Carte,Debit,202.6,36619.71,RETRAIT ATM,Pharmacie,Marrakech,MA,2024-02-11 08:58:00,2024,2,11,8,Sunday,February,RETRAIT ATM,PHARMACIE,1,0,Dépense,Matin
TX0501497,CUST0005_SEASONAL,2024-02-11,16:27:00,Courant,Virement instantané,Debit,249.14,36370.57,CARBURANT,ATM,Rabat,MA,2024-02-11 16:27:00,2024,2,11,16,Sunday,February,CARBURANT,ATM,1,0,Dépense,Après-midi
TX0501498,CUST0005_SEASONAL,2024-02-12,13:00:00,Courant,Espèces,Debit,35.02,36335.55,ACHAT SUPERMARCHE,Carrefour,Fès,MA,2024-02-12 13:00:00,2024,2,12,13,Monday,February,ACHAT SUPERMARCHE,CARREFOUR,1,0,Dépense,Après-midi
TX0501499,CUST0005_SEASONAL,2024-02-12,18:21:00,Courant,ATM,Debit,180.74,36154.81,CARBURANT,Careem,Tanger,MA,2024-02-12 18:21:00,2024,2,12,18,Monday,February,CARBURANT,CAREEM,1,0,Dépense,Soir
TX0501500,CUST0005_SEASONAL,2024-02-13,15:29:00,Courant,ATM,Debit,100.11,36054.71,CARBURANT,ATM,Tanger,MA,2024-02-13 15:29:00,2024,2,13,15,Tuesday,February,CARBURANT,ATM,1,0,Dépense,Après-midi
TX0501501,CUST0005_SEASONAL,2024-02-13,11:49:00,Courant,ATM,Debit,67.62,35987.09,RETRAIT ATM,Shell,Tanger,MA,2024-02-13 11:49:00,2024,2,13,11,Tuesday,February,RETRAIT ATM,SHELL,1,0,Dépense,Matin
TX0501502,CUST0005_SEASONAL,2024-02-14,15:09:00,Courant,Virement,Debit,127.23,35859.86,ACHAT SUPERMARCHE,Shell,Casablanca,MA,2024-02-14 15:09:00,2024,2,14,15,Wednesday,February,ACHAT SUPERMARCHE,SHELL,1,0,Dépense,Après-midi
TX0501503,CUST0005_SEASONAL,2024-02-15,09:01:00,Courant,Virement,Debit,248.23,35611.63,TRANSPORT,Carrefour,Rabat,MA,2024-02-15 09:01:00,2024,2,15,9,Thursday,February,TRANSPORT,CARREFOUR,1,0,Dépense,Matin
TX0501504,CUST0005_SEASONAL,2024-02-15,18:44:00,Courant,Virement,Debit,162.71,35448.92,ACHAT EPICERIE,Carrefour,Marrakech,MA,2024-02-15 18:44:00,2024,2,15,18,Thursday,February,ACHAT EPICERIE,CARREFOUR,1,0,Dépense,Soir
TX0501505,CUST0005_SEASONAL,2024-02-16,13:58:00,Courant,Virement,Debit,223.59,35225.33,ACHAT EPICERIE,Careem,Rabat,MA,2024-02-16 13:58:00,2024,2,16,13,Friday,February,ACHAT EPICERIE,CAREEM,1,0,Dépense,Après-midi
TX0501506,CUST0005_SEASONAL,2024-02-17,15:48:00,Courant,Carte,Debit,80.6,35144.73,TRANSPORT,Pharmacie,Agadir,MA,2024-02-17 15:48:00,2024,2,17,15,Saturday,February,TRANSPORT,PHARMACIE,1,0,Dépense,Après-midi
TX0501507,CUST0005_SEASONAL,2024-02-17,09:47:00,Courant,Wallet,Debit,86.91,35057.82,RETRAIT ATM,Carrefour,Tanger,MA,2024-02-17 09:47:00,2024,2,17,9,Saturday,February,RETRAIT ATM,CARREFOUR,1,0,Dépense,Matin
TX0501508,CUST0005_SEASONAL,2024-02-17,15:04:00,Courant,Carte,Debit,225.45,34832.37,ACHAT EPICERIE,Carrefour,Casablanca,MA,2024-02-17 15:04:00,2024,2,17,15,Saturday,February,ACHAT EPICERIE,CARREFOUR,1,0,Dépense,Après-midi
TX0501509,CUST0005_SEASONAL,2024-02-18,10:17:00,Courant,Espèces,Debit,225.39,34606.97,TRANSPORT,Carrefour,Oujda,MA,2024-02-18 10:17:00,2024,2,18,10,Sunday,February,TRANSPORT,CARREFOUR,1,0,Dépense,Matin
TX0501510,CUST0005_SEASONAL,2024-02-18,19:56:00,Courant,Carte,Debit,78.79,34528.18,TRANSPORT,Shell,Agadir,MA,2024-02-18 19:56:00,2024,2,18,19,Sunday,February,TRANSPORT,SHELL,1,0,Dépense,Soir
TX0501511,CUST0005_SEASONAL,2024-02-19,11:03:00,Courant,Virement instantané,Debit,243.46,34284.72,ACHAT EPICERIE,ATM,Agadir,MA,2024-02-19 11:03:00,2024,2,19,11,Monday,February,ACHAT EPICERIE,ATM,1,0,Dépense,Matin
TX0501512,CUST0005_SEASONAL,2024-02-19,18:38:00,Courant,ATM,Debit,127.37,34157.35,RETRAIT ATM,BIM,Oujda,MA,2024-02-19 18:38:00,2024,2,19,18,Monday,February,RETRAIT ATM,BIM,1,0,Dépense,Soir
TX0501513,CUST0005_SEASONAL,2024-02-20,16:33:00,Courant,Carte,Debit,54.78,34102.57,ACHAT SUPERMARCHE,Carrefour,Tanger,MA,2024-02-20 16:33:00,2024,2,20,16,Tuesday,February,ACHAT SUPERMARCHE,CARREFOUR,1,0,Dépense,Après-midi
TX0501514,CUST0005_SEASONAL,2024-02-21,20:25:00,Courant,Espèces,Debit,218.61,33883.96,CARBURANT,Carrefour,Marrakech,MA,2024-02-21 20:25:00,2024,2,21,20,Wednesday,February,CARBURANT,CARREFOUR,1,0,Dépense,Soir
TX0501515,CUST0005_SEASONAL,2024-02-21,17:10:00,Courant,Virement instantané,Debit,196.15,33687.81,RETRAIT ATM,ATM,Casablanca,MA,2024-02-21 17:10:00,2024,2,21,17,Wednesday,February,RETRAIT ATM,ATM,1,0,Dépense,Après-midi
TX0501516,CUST0005_SEASONAL,2024-02-21,09:39:00,Courant,Wallet,Debit,88.22,33599.59,TRANSPORT,Shell,Marrakech,MA,2024-02-21 09:39:00,2024,2,21,9,Wednesday,February,TRANSPORT,SHELL,1,0,Dépense,Matin
TX0501517,CUST0005_SEASONAL,2024-02-21,12:20:00,Courant,ATM,Debit,248.51,33351.08,RETRAIT ATM,Carrefour,Oujda,MA,2024-02-21 12:20:00,2024,2,21,12,Wednesday,February,RETRAIT ATM,CARREFOUR,1,0,Dépense,Après-midi
TX0501518,CUST0005_SEASONAL,2024-02-22,13:10:00,Courant,Virement,Debit,212.47,33138.61,CARBURANT,Carrefour,Rabat,MA,2024-02-22 13:10:00,2024,2,22,13,Thursday,February,CARBURANT,CARREFOUR,1,0,Dépense,Après-midi
TX0501519,CUST0005_SEASONAL,2024-02-22,14:39:00,Courant,ATM,Debit,246.01,32892.6,ACHAT EPICERIE,Pharmacie,Agadir,MA,2024-02-22 14:39:00,2024,2,22,14,Thursday,February,ACHAT EPICERIE,PHARMACIE,1,0,Dépense,Après-midi
TX0501520,CUST0005_SEASONAL,2024-02-23,19:56:00,Courant,Espèces,Debit,217.94,32674.66,ACHAT EPICERIE,Shell,Agadir,MA,2024-02-23 19:56:00,2024,2,23,19,Friday,February,ACHAT EPICERIE,SHELL,1,0,Dépense,Soir
TX0501521,CUST0005_SEASONAL,2024-02-23,13:51:00,Courant,Virement instantané,Debit,100.29,32574.37,RETRAIT ATM,Pharmacie,Casablanca,MA,2024-02-23 13:51:00,2024,2,23,13,Friday,February,RETRAIT ATM,PHARMACIE,1,0,Dépense,Après-midi
TX0501522,CUST0005_SEASONAL,2024-02-23,15:38:00,Courant,Wallet,Debit,105.21,32469.16,RETRAIT ATM,Shell,Meknès,MA,2024-02-23 15:38:00,2024,2,23,15,Friday,February,RETRAIT ATM,SHELL,1,0,Dépense,Après-midi
TX0501523,CUST0005_SEASONAL,2024-02-24,13:23:00,Courant,ATM,Debit,199.62,32269.54,ACHAT EPICERIE,Careem,Meknès,MA,2024-02-24 13:23:00,2024,2,24,13,Saturday,February,ACHAT EPICERIE,CAREEM,1,0,Dépense,Après-midi
TX0501524,CUST0005_SEASONAL,2024-02-24,09:06:00,Courant,Carte,Debit,104.15,32165.39,CARBURANT,Careem,Casablanca,MA,2024-02-24 09:06:00,2024,2,24,9,Saturday,February,CARBURANT,CAREEM,1,0,Dépense,Matin
TX0501525,CUST0005_SEASONAL,2024-02-24,15:48:00,Courant,Carte,Debit,226.49,31938.9,ACHAT SUPERMARCHE,Careem,Agadir,MA,2024-02-24 15:48:00,2024,2,24,15,Saturday,February,ACHAT SUPERMARCHE,CAREEM,1,0,Dépense,Après-midi
TX0501526,CUST0005_SEASONAL,2024-02-25,19:38:00,Courant,Espèces,Debit,203.59,31735.31,ACHAT EPICERIE,Careem,Agadir,MA,2024-02-25 19:38:00,2024,2,25,19,Sunday,February,ACHAT EPICERIE,CAREEM,1,0,Dépense,Soir
TX0501527,CUST0005_SEASONAL,2024-02-25,11:09:00,Courant,Espèces,Debit,193.53,31541.78,RETRAIT ATM,BIM,Casablanca,MA,2024-02-25 11:09:00,2024,2,25,11,Sunday,February,RETRAIT ATM,BIM,1,0,Dépense,Matin
TX0501528,CUST0005_SEASONAL,2024-02-26,20:09:00,Courant,Virement instantané,Debit,213.52,31328.27,RETRAIT ATM,Careem,Tanger,MA,2024-02-26 20:09:00,2024,2,26,20,Monday,February,RETRAIT ATM,CAREEM,1,0,Dépense,Soir
TX0501529,CUST0005_SEASONAL,2024-02-26,20:01:00,Courant,ATM,Debit,197.42,31130.84,ACHAT SUPERMARCHE,Careem,Oujda,MA,2024-02-26 20:01:00,2024,2,26,20,Monday,February,ACHAT SUPERMARCHE,CAREEM,1,0,Dépense,Soir
TX0501530,CUST0005_SEASONAL,2024-02-26,13:25:00,Courant,Wallet,Debit,95.78,31035.07,ACHAT SUPERMARCHE,BIM,Casablanca,MA,2024-02-26 13:25:00,2024,2,26,13,Monday,February,ACHAT SUPERMARCHE,BIM,1,0,Dépense,Après-midi
TX0501531,CUST0005_SEASONAL,2024-02-27,13:46:00,Courant,ATM,Debit,247.38,30787.69,ACHAT SUPERMARCHE,BIM,Marrakech,MA,2024-02-27 13:46:00,2024,2,27,13,Tuesday,February,ACHAT SUPERMARCHE,BIM,1,0,Dépense,Après-midi
TX0501532,CUST0005_SEASONAL,2024-02-27,14:17:00,Courant,Carte,Debit,185.31,30602.38,ACHAT EPICERIE,Carrefour,Meknès,MA,2024-02-27 14:17:00,2024,2,27,14,Tuesday,February,ACHAT EPICERIE,CARREFOUR,1,0,Dépense,Après-midi
TX0501533,CUST0005_SEASONAL,2024-02-28,12:54:00,Courant,Virement,Debit,169.01,30433.38,TRANSPORT,Pharmacie,Agadir,MA,2024-02-28 12:54:00,2024,2,28,12,Wednesday,February,TRANSPORT,PHARMACIE,1,0,Dépense,Après-midi
TX0501534,CUST0005_SEASONAL,2024-02-28,09:44:00,Courant,Virement,Debit,187.82,30245.55,ACHAT EPICERIE,ATM,Meknès,MA,2024-02-28 09:44:00,2024,2,28,9,Wednesday,February,ACHAT EPICERIE,ATM,1,0,Dépense,Matin
TX0501535,CUST0005_SEASONAL,2024-02-28,20:05:00,Courant,Virement instantané,Debit,148.95,30096.61,TRANSPORT,BIM,Meknès,MA,2024-02-28 20:05:00,2024,2,28,20,Wednesday,February,TRANSPORT,BIM,1,0,Dépense,Soir
TX0501536,CUST0005_SEASONAL,2024-02-28,17:17:00,Courant,Espèces,Debit,209.73,29886.88,ACHAT SUPERMARCHE,Pharmacie,Agadir,MA,2024-02-28 17:17:00,2024,2,28,17,Wednesday,February,ACHAT SUPERMARCHE,PHARMACIE,1,0,Dépense,Après-midi
TX0501537,CUST0005_SEASONAL,2024-02-29,08:41:00,Courant,Espèces,Debit,199.85,29687.03,ACHAT SUPERMARCHE,Carrefour,Rabat,MA,2024-02-29 08:41:00,2024,2,29,8,Thursday,February,ACHAT SUPERMARCHE,CARREFOUR,1,0,Dépense,Matin
TX0501538,CUST0005_SEASONAL,2024-02-29,10:20:00,Courant,Espèces,Debit,180.0,29507.03,TRANSPORT,Careem,Tanger,MA,2024-02-29 10:20:00,2024,2,29,10,Thursday,February,TRANSPORT,CAREEM,1,0,Dépense,Matin
TX0501539,CUST0005_SEASONAL,2024-02-29,20:45:00,Courant,Carte,Debit,147.26,29359.78,RETRAIT ATM,Carrefour,Casablanca,MA,2024-02-29 20:45:00,2024,2,29,20,Thursday,February,RETRAIT ATM,CARREFOUR,1,0,Dépense,Soir
TX0501540,CUST0005_SEASONAL,2024-03-01,12:57:00,Salaire,Virement instantané,Credit,14746.0,44105.78,virement employeur,Salaire,Meknès,MA,2024-03-01 12:57:00,2024,3,1,12,Friday,March,VIREMENT EMPLOYEUR,SALAIRE,0,1,Revenu,Après-midi
TX0501542,CUST0005_SEASONAL,2024-03-01,12:57:00,Courant,Virement instantané,Debit,714.81,43390.97,HOTEL RESERVATION,Carrefour,Agadir,MA,2024-03-01 12:57:00,2024,3,1,12,Friday,March,HOTEL RESERVATION,CARREFOUR,1,0,Dépense,Après-midi
TX0501542,CUST0005_SEASONAL,2024-03-02,09:47:00,Courant,Wallet,Debit,1225.37,42165.59,HOTEL RESERVATION,Voyages Atlas,Meknès,MA,2024-03-02 09:47:00,2024,3,2,9,Saturday,March,HOTEL RESERVATION,VOYAGES ATLAS,1,0,Dépense,Matin
TX0501543,CUST0005_SEASONAL,2024-03-02,18:15:00,Courant,Espèces,Debit,763.73,41401.86,RESTAURANT ETE,Marjane,Fès,MA,2024-03-02 18:15:00,2024,3,2,18,Saturday,March,RESTAURANT ETE,MARJANE,1,0,Dépense,Soir
TX0501544,CUST0005_SEASONAL,2024-03-02,10:48:00,Courant,Carte,Debit,403.24,40998.62,VOYAGE MAROC,Voyages Atlas,Rabat,MA,2024-03-02 10:48:00,2024,3,2,10,Saturday,March,VOYAGE MAROC,VOYAGES ATLAS,1,0,Dépense,Matin
TX0501545,CUST0005_SEASONAL,2024-03-03,19:41:00,Courant,Virement,Debit,1952.22,39046.4,RESTAURANT ETE,H&M,Meknès,MA,2024-03-03 19:41:00,2024,3,3,19,Sunday,March,RESTAURANT ETE,H&M,1,0,Dépense,Soir
TX0501546,CUST0005_SEASONAL,2024-03-03,09:02:00,Courant,ATM,Debit,1100.22,37946.18,RESTAURANT ETE,McDonald's,Tanger,MA,2024-03-03 09:02:00,2024,3,3,9,Sunday,March,RESTAURANT ETE,MCDONALD'S,1,0,Dépense,Matin
TX0501547,CUST0005_SEASONAL,2024-03-04,10:18:00,Courant,ATM,Debit,975.67,36970.51,RESTAURANT ETE,Hôtel Kenzi,Oujda,MA,2024-03-04 10:18:00,2024,3,4,10,Monday,March,RESTAURANT ETE,HÔTEL KENZI,1,0,Dépense,Matin
TX0501548,CUST0005_SEASONAL,2024-03-04,11:35:00,Courant,Espèces,Debit,1099.89,35870.63,ACHAT RAMADAN,Voyages Atlas,Fès,MA,2024-03-04 11:35:00,2024,3,4,11,Monday,March,ACHAT RAMADAN,VOYAGES ATLAS,1,0,Dépense,Matin
TX0501549,CUST0005_SEASONAL,2024-03-04,20:30:00,Courant,Carte,Debit,1070.0,34800.63,VOYAGE MAROC,Zara,Rabat,MA,2024-03-04 20:30:00,2024,3,4,20,Monday,March,VOYAGE MAROC,ZARA,1,0,Dépense,Soir
TX0501550,CUST0005_SEASONAL,2024-03-04,10:41:00,Courant,Virement,Debit,842.47,33958.16,ACHAT RAMADAN,McDonald's,Oujda,MA,2024-03-04 10:41:00,2024,3,4,10,Monday,March,ACHAT RAMADAN,MCDONALD'S,1,0,Dépense,Matin
TX0501551,CUST0005_SEASONAL,2024-03-05,17:58:00,Courant,Espèces,Debit,1539.58,32418.57,ACHAT ETE,Carrefour,Marrakech,MA,2024-03-05 17:58:00,2024,3,5,17,Tuesday,March,ACHAT ETE,CARREFOUR,1,0,Dépense,Après-midi
TX0501552,CUST0005_SEASONAL,2024-03-06,17:39:00,Courant,Wallet,Debit,1707.94,30710.64,ACHAT ETE,Restaurant Gastronomique,Oujda,MA,2024-03-06 17:39:00,2024,3,6,17,Wednesday,March,ACHAT ETE,RESTAURANT GASTRONOMIQUE,1,0,Dépense,Après-midi
TX0501553,CUST0005_SEASONAL,2024-03-06,20:38:00,Courant,Carte,Debit,1195.43,29515.2,VOYAGE MAROC,McDonald's,Casablanca,MA,2024-03-06 20:38:00,2024,3,6,20,Wednesday,March,VOYAGE MAROC,MCDONALD'S,1,0,Dépense,Soir
TX0501554,CUST0005_SEASONAL,2024-03-06,13:47:00,Courant,Virement,Debit,400.08,29115.13,ACHAT ETE,Restaurant Gastronomique,Meknès,MA,2024-03-06 13:47:00,2024,3,6,13,Wednesday,March,ACHAT ETE,RESTAURANT GASTRONOMIQUE,1,0,Dépense,Après-midi
TX0501555,CUST0005_SEASONAL,2024-03-07,15:57:00,Courant,Wallet,Debit,706.79,28408.34,ACHAT ETE,Restaurant Gastronomique,Marrakech,MA,2024-03-07 15:57:00,2024,3,7,15,Thursday,March,ACHAT ETE,RESTAURANT GASTRONOMIQUE,1,0,Dépense,Après-midi
TX0501556,CUST0005_SEASONAL,2024-03-07,12:23:00,Courant,Virement,Debit,1663.12,26745.22,ACHAT RAMADAN,Marjane,Casablanca,MA,2024-03-07 12:23:00,2024,3,7,12,Thursday,March,ACHAT RAMADAN,MARJANE,1,0,Dépense,Après-midi
TX0501557,CUST0005_SEASONAL,2024-03-07,08:07:00,Courant,Virement,Debit,1708.91,25036.31,ACHAT ETE,Hôtel Kenzi,Casablanca,MA,2024-03-07 08:07:00,2024,3,7,8,Thursday,March,ACHAT ETE,HÔTEL KENZI,1,0,Dépense,Matin
TX0501558,CUST0005_SEASONAL,2024-03-08,20:47:00,Courant,Wallet,Debit,1344.65,23691.66,RESTAURANT ETE,H&M,Agadir,MA,2024-03-08 20:47:00,2024,3,8,20,Friday,March,RESTAURANT ETE,H&M,1,0,Dépense,Soir
TX0501559,CUST0005_SEASONAL,2024-03-08,13:51:00,Courant,Virement instantané,Debit,1698.3,21993.36,ACHAT ETE,Zara,Tanger,MA,2024-03-08 13:51:00,2024,3,8,13,Friday,March,ACHAT ETE,ZARA,1,0,Dépense,Après-midi
TX0501560,CUST0005_SEASONAL,2024-03-08,08:14:00,Courant,Virement instantané,Debit,1861.11,20132.26,ACHAT RAMADAN,Zara,Tanger,MA,2024-03-08 08:14:00,2024,3,8,8,Friday,March,ACHAT RAMADAN,ZARA,1,0,Dépense,Matin
TX0501561,CUST0005_SEASONAL,2024-03-09,18:35:00,Courant,Virement,Debit,1416.79,18715.47,RESTAURANT ETE,Carrefour,Fès,MA,2024-03-09 18:35:00,2024,3,9,18,Saturday,March,RESTAURANT ETE,CARREFOUR,1,0,Dépense,Soir
TX0501562,CUST0005_SEASONAL,2024-03-09,19:54:00,Courant,Espèces,Debit,1806.67,16908.8,RESTAURANT ETE,Hôtel Kenzi,Oujda,MA,2024-03-09 19:54:00,2024,3,9,19,Saturday,March,RESTAURANT ETE,HÔTEL KENZI,1,0,Dépense,Soir
TX0501563,CUST0005_SEASONAL,2024-03-09,15:34:00,Courant,Espèces,Debit,1488.39,15420.41,HOTEL RESERVATION,Restaurant Gastronomique,Marrakech,MA,2024-03-09 15:34:00,2024,3,9,15,Saturday,March,HOTEL RESERVATION,RESTAURANT GASTRONOMIQUE,1,0,Dépense,Après-midi
TX0501564,CUST0005_SEASONAL,2024-03-09,13:39:00,Courant,Carte,Debit,1341.98,14078.44,ACHAT ETE,McDonald's,Oujda,MA,2024-03-09 13:39:00,2024,3,9,13,Saturday,March,ACHAT ETE,MCDONALD'S,1,0,Dépense,Après-midi
TX0501565,CUST0005_SEASONAL,2024-03-09,11:38:00,Courant,Carte,Debit,1204.12,12874.31,ACHAT RAMADAN,McDonald's,Agadir,MA,2024-03-09 11:38:00,2024,3,9,11,Saturday,March,ACHAT RAMADAN,MCDONALD'S,1,0,Dépense,Matin
TX0501566,CUST0005_SEASONAL,2024-03-10,19:17:00,Courant,Virement,Debit,808.36,12065.96,HOTEL RESERVATION,Hôtel Kenzi,Tanger,MA,2024-03-10 19:17:00,2024,3,10,19,Sunday,March,HOTEL RESERVATION,HÔTEL KENZI,1,0,Dépense,Soir
TX0501567,CUST0005_SEASONAL,2024-03-11,11:03:00,Courant,Espèces,Debit,769.36,11296.6,VOYAGE MAROC,H&M,Marrakech,MA,2024-03-11 11:03:00,2024,3,11,11,Monday,March,VOYAGE MAROC,H&M,1,0,Dépense,Matin
TX0501568,CUST0005_SEASONAL,2024-03-11,17:30:00,Courant,Carte,Debit,707.24,10589.36,HOTEL RESERVATION,Voyages Atlas,Casablanca,MA,2024-03-11 17:30:00,2024,3,11,17,Monday,March,HOTEL RESERVATION,VOYAGES ATLAS,1,0,Dépense,Après-midi
TX0501569,CUST0005_SEASONAL,2024-03-12,11:23:00,Courant,ATM,Debit,971.83,9617.53,ACHAT RAMADAN,Hôtel Kenzi,Oujda,MA,2024-03-12 11:23:00,2024,3,12,11,Tuesday,March,ACHAT RAMADAN,HÔTEL KENZI,1,0,Dépense,Matin
TX0501570,CUST0005_SEASONAL,2024-03-12,17:23:00,Courant,Carte,Debit,1045.95,8571.58,ACHAT ETE,Hôtel Kenzi,Marrakech,MA,2024-03-12 17:23:00,2024,3,12,17,Tuesday,March,ACHAT ETE,HÔTEL KENZI,1,0,Dépense,Après-midi
TX0501571,CUST0005_SEASONAL,2024-03-13,17:28:00,Courant,Espèces,Debit,1508.81,7062.77,HOTEL RESERVATION,H&M,Tanger,MA,2024-03-13 17:28:00,2024,3,13,17,Wednesday,March,HOTEL RESERVATION,H&M,1,0,Dépense,Après-midi
TX0501572,CUST0005_SEASONAL,2024-03-13,17:01:00,Courant,Virement instantané,Debit,1098.54,5964.23,ACHAT ETE,McDonald's,Marrakech,MA,2024-03-13 17:01:00,2024,3,13,17,Wednesday,March,ACHAT ETE,MCDONALD'S,1,0,Dépense,Après-midi
TX0501573,CUST0005_SEASONAL,2024-03-14,09:11:00,Courant,Virement,Debit,1384.32,4579.91,VOYAGE MAROC,Carrefour,Casablanca,MA,2024-03-14 09:11:00,2024,3,14,9,Thursday,March,VOYAGE MAROC,CARREFOUR,1,0,Dépense,Matin
TX0501574,CUST0005_SEASONAL,2024-03-14,08:47:00,Courant,Carte,Debit,1280.35,3299.56,HOTEL RESERVATION,Restaurant Gastronomique,Marrakech,MA,2024-03-14 08:47:00,2024,3,14,8,Thursday,March,HOTEL RESERVATION,RESTAURANT GASTRONOMIQUE,1,0,Dépense,Matin
TX0501575,CUST0005_SEASONAL,2024-03-15,12:18:00,Courant,Carte,Debit,1931.91,1367.65,ACHAT RAMADAN,Marjane,Rabat,MA,2024-03-15 12:18:00,2024,3,15,12,Friday,March,ACHAT RAMADAN,MARJANE,1,0,Dépense,Après-midi
TX0501576,CUST0005_SEASONAL,2024-03-15,15:11:00,Courant,Virement,Debit,467.87,899.78,VOYAGE MAROC,Zara,Casablanca,MA,2024-03-15 15:11:00,2024,3,15,15,Friday,March,VOYAGE MAROC,ZARA,1,0,Dépense,Après-midi
TX0501577,CUST0005_SEASONAL,2024-03-15,09:01:00,Courant,Wallet,Debit,1849.79,0.0,ACHAT ETE,Hôtel Kenzi,Rabat,MA,2024-03-15 09:01:00,2024,3,15,9,Friday,March,ACHAT ETE,HÔTEL KENZI,1,0,Dépense,Matin
TX0501578,CUST0005_SEASONAL,2024-03-16,15:18:00,Courant,Virement,Debit,406.16,0.0,ACHAT ETE,H&M,Fès,MA,2024-03-16 15:18:00,2024,3,16,15,Saturday,March,ACHAT ETE,H&M,1,0,Dépense,Après-midi
TX0501579,CUST0005_SEASONAL,2024-03-17,17:21:00,Courant,Virement,Debit,435.44,0.0,ACHAT RAMADAN,Zara,Marrakech,MA,2024-03-17 17:21:00,2024,3,17,17,Sunday,March,ACHAT RAMADAN,ZARA,1,0,Dépense,Après-midi
TX0501580,CUST0005_SEASONAL,2024-03-17,08:26:00,Courant,Espèces,Debit,1078.65,0.0,HOTEL RESERVATION,Carrefour,Agadir,MA,2024-03-17 08:26:00,2024,3,17,8,Sunday,March,HOTEL RESERVATION,CARREFOUR,1,0,Dépense,Matin
TX0501581,CUST0005_SEASONAL,2024-03-18,12:46:00,Courant,Espèces,Debit,1561.62,0.0,ACHAT RAMADAN,Zara,Meknès,MA,2024-03-18 12:46:00,2024,3,18,12,Monday,March,ACHAT RAMADAN,ZARA,1,0,Dépense,Après-midi
TX0501582,CUST0005_SEASONAL,2024-03-18,09:32:00,Courant,Wallet,Debit,422.38,0.0,HOTEL RESERVATION,Voyages Atlas,Tanger,MA,2024-03-18 09:32:00,2024,3,18,9,Monday,March,HOTEL RESERVATION,VOYAGES ATLAS,1,0,Dépense,Matin
TX0501583,CUST0005_SEASONAL,2024-03-18,08:10:00,Courant,Espèces,Debit,698.31,0.0,ACHAT ETE,Hôtel Kenzi,Rabat,MA,2024-03-18 08:10:00,2024,3,18,8,Monday,March,ACHAT ETE,HÔTEL KENZI,1,0,Dépense,Matin
TX0501584,CUST0005_SEASONAL,2024-03-19,13:23:00,Courant,Virement,Debit,565.64,0.0,HOTEL RESERVATION,Restaurant Gastronomique,Casablanca,MA,2024-03-19 13:23:00,2024,3,19,13,Tuesday,March,HOTEL RESERVATION,RESTAURANT GASTRONOMIQUE,1,0,Dépense,Après-midi
TX0501585,CUST0005_SEASONAL,2024-03-20,10:18:00,Courant,Espèces,Debit,776.87,0.0,RESTAURANT ETE,Restaurant Gastronomique,Agadir,MA,2024-03-20 10:18:00,2024,3,20,10,Wednesday,March,RESTAURANT ETE,RESTAURANT GASTRONOMIQUE,1,0,Dépense,Matin
TX0501586,CUST0005_SEASONAL,2024-03-20,12:38:00,Courant,Wallet,Debit,987.69,0.0,ACHAT RAMADAN,Marjane,Meknès,MA,2024-03-20 12:38:00,2024,3,20,12,Wednesday,March,ACHAT RAMADAN,MARJANE,1,0,Dépense,Après-midi
TX0501587,CUST0005_SEASONAL,2024-03-20,18:53:00,Courant,Virement,Debit,806.34,0.0,ACHAT ETE,Carrefour,Oujda,MA,2024-03-20 18:53:00,2024,3,20,18,Wednesday,March,ACHAT ETE,CARREFOUR,1,0,Dépense,Soir
TX0501588,CUST0005_SEASONAL,2024-03-21,19:47:00,Courant,Wallet,Debit,1891.34,0.0,VOYAGE MAROC,Hôtel Kenzi,Marrakech,MA,2024-03-21 19:47:00,2024,3,21,19,Thursday,March,VOYAGE MAROC,HÔTEL KENZI,1,0,Dépense,Soir
TX0501589,CUST0005_SEASONAL,2024-03-21,09:44:00,Courant,ATM,Debit,1409.27,0.0,ACHAT RAMADAN,Marjane,Rabat,MA,2024-03-21 09:44:00,2024,3,21,9,Thursday,March,ACHAT RAMADAN,MARJANE,1,0,Dépense,Matin
TX0501590,CUST0005_SEASONAL,2024-03-22,08:39:00,Courant,Virement instantané,Debit,449.9,0.0,ACHAT ETE,H&M,Oujda,MA,2024-03-22 08:39:00,2024,3,22,8,Friday,March,ACHAT ETE,H&M,1,0,Dépense,Matin
TX0501591,CUST0005_SEASONAL,2024-03-23,08:13:00,Courant,Virement instantané,Debit,528.37,0.0,ACHAT RAMADAN,Restaurant Gastronomique,Oujda,MA,2024-03-23 08:13:00,2024,3,23,8,Saturday,March,ACHAT RAMADAN,RESTAURANT GASTRONOMIQUE,1,0,Dépense,Matin
TX0501592,CUST0005_SEASONAL,2024-03-23,12:21:00,Courant,Virement,Debit,1795.87,0.0,ACHAT ETE,H&M,Agadir,MA,2024-03-23 12:21:00,2024,3,23,12,Saturday,March,ACHAT ETE,H&M,1,0,Dépense,Après-midi
TX0501593,CUST0005_SEASONAL,2024-03-23,12:24:00,Courant,Virement instantané,Debit,828.04,0.0,RESTAURANT ETE,Hôtel Kenzi,Marrakech,MA,2024-03-23 12:24:00,2024,3,23,12,Saturday,March,RESTAURANT ETE,HÔTEL KENZI,1,0,Dépense,Après-midi
TX0501594,CUST0005_SEASONAL,2024-03-24,09:24:00,Courant,Carte,Debit,1676.02,0.0,RESTAURANT ETE,H&M,Meknès,MA,2024-03-24 09:24:00,2024,3,24,9,Sunday,March,RESTAURANT ETE,H&M,1,0,Dépense,Matin
TX0501595,CUST0005_SEASONAL,2024-03-24,18:47:00,Courant,Virement instantané,Debit,1034.98,0.0,ACHAT ETE,Voyages Atlas,Tanger,MA,2024-03-24 18:47:00,2024,3,24,18,Sunday,March,ACHAT ETE,VOYAGES ATLAS,1,0,Dépense,Soir
TX0501596,CUST0005_SEASONAL,2024-03-25,19:11:00,Courant,Virement,Debit,1960.96,0.0,RESTAURANT ETE,Zara,Fès,MA,2024-03-25 19:11:00,2024,3,25,19,Monday,March,RESTAURANT ETE,ZARA,1,0,Dépense,Soir
TX0501597,CUST0005_SEASONAL,2024-03-25,12:39:00,Courant,Carte,Debit,1087.77,0.0,ACHAT ETE,Voyages Atlas,Fès,MA,2024-03-25 12:39:00,2024,3,25,12,Monday,March,ACHAT ETE,VOYAGES ATLAS,1,0,Dépense,Après-midi
TX0501598,CUST0005_SEASONAL,2024-03-26,18:04:00,Courant,Carte,Debit,925.66,0.0,VOYAGE MAROC,Marjane,Agadir,MA,2024-03-26 18:04:00,2024,3,26,18,Tuesday,March,VOYAGE MAROC,MARJANE,1,0,Dépense,Soir
TX0501599,CUST0005_SEASONAL,2024-03-26,20:28:00,Courant,Carte,Debit,784.78,0.0,VOYAGE MAROC,Voyages Atlas,Rabat,MA,2024-03-26 20:28:00,2024,3,26,20,Tuesday,March,VOYAGE MAROC,VOYAGES ATLAS,1,0,Dépense,Soir
TX0501600,CUST0005_SEASONAL,2024-03-26,14:12:00,Courant,ATM,Debit,776.11,0.0,HOTEL RESERVATION,Zara,Rabat,MA,2024-03-26 14:12:00,2024,3,26,14,Tuesday,March,HOTEL RESERVATION,ZARA,1,0,Dépense,Après-midi
TX0501601,CUST0005_SEASONAL,2024-03-27,20:37:00,Courant,ATM,Debit,1871.67,0.0,ACHAT ETE,Marjane,Fès,MA,2024-03-27 20:37:00,2024,3,27,20,Wednesday,March,ACHAT ETE,MARJANE,1,0,Dépense,Soir
TX0501602,CUST0005_SEASONAL,2024-03-27,19:50:00,Courant,Virement,Debit,1399.59,0.0,ACHAT ETE,McDonald's,Marrakech,MA,2024-03-27 19:50:00,2024,3,27,19,Wednesday,March,ACHAT ETE,MCDONALD'S,1,0,Dépense,Soir
TX0501603,CUST0005_SEASONAL,2024-03-28,15:07:00,Courant,Virement instantané,Debit,1503.25,0.0,HOTEL RESERVATION,Restaurant Gastronomique,Meknès,MA,2024-03-28 15:07:00,2024,3,28,15,Thursday,March,HOTEL RESERVATION,RESTAURANT GASTRONOMIQUE,1,0,Dépense,Après-midi
TX0501604,CUST0005_SEASONAL,2024-03-28,19:41:00,Courant,Espèces,Debit,1359.13,0.0,ACHAT ETE,Hôtel Kenzi,Meknès,MA,2024-03-28 19:41:00,2024,3,28,19,Thursday,March,ACHAT ETE,HÔTEL KENZI,1,0,Dépense,Soir
TX0501605,CUST0005_SEASONAL,2024-03-29,13:13:00,Courant,Espèces,Debit,650.69,0.0,RESTAURANT ETE,Carrefour,Meknès,MA,2024-03-29 13:13:00,2024,3,29,13,Friday,March,RESTAURANT ETE,CARREFOUR,1,0,Dépense,Après-midi
TX0501606,CUST0005_SEASONAL,2024-03-29,18:32:00,Courant,ATM,Debit,1230.88,0.0,VOYAGE MAROC,Voyages Atlas,Oujda,MA,2024-03-29 18:32:00,2024,3,29,18,Friday,March,VOYAGE MAROC,VOYAGES ATLAS,1,0,Dépense,Soir
TX0501607,CUST0005_SEASONAL,2024-03-30,14:32:00,Courant,Espèces,Debit,1600.42,0.0,VOYAGE MAROC,Hôtel Kenzi,Tanger,MA,2024-03-30 14:32:00,2024,3,30,14,Saturday,March,VOYAGE MAROC,HÔTEL KENZI,1,0,Dépense,Après-midi
TX0501608,CUST0005_SEASONAL,2024-03-30,15:44:00,Courant,Espèces,Debit,927.33,0.0,HOTEL RESERVATION,Carrefour,Meknès,MA,2024-03-30 15:44:00,2024,3,30,15,Saturday,March,HOTEL RESERVATION,CARREFOUR,1,0,Dépense,Après-midi
TX0501609,CUST0005_SEASONAL,2024-03-31,12:26:00,Courant,Virement instantané,Debit,581.27,0.0,VOYAGE MAROC,Zara,Casablanca,MA,2024-03-31 12:26:00,2024,3,31,12,Sunday,March,VOYAGE MAROC,ZARA,1,0,Dépense,Après-midi
TX0501610,CUST0005_SEASONAL,2024-03-31,13:15:00,Courant,Carte,Debit,1625.14,0.0,VOYAGE MAROC,Marjane,Casablanca,MA,2024-03-31 13:15:00,2024,3,31,13,Sunday,March,VOYAGE MAROC,MARJANE,1,0,Dépense,Après-midi
TX0501611,CUST0005_SEASONAL,2024-03-31,18:48:00,Courant,Espèces,Debit,1791.61,0.0,ACHAT RAMADAN,Restaurant Gastronomique,Rabat,MA,2024-03-31 18:48:00,2024,3,31,18,Sunday,March,ACHAT RAMADAN,RESTAURANT GASTRONOMIQUE,1,0,Dépense,Soir
TX0501612,CUST0005_SEASONAL,2024-04-01,11:22:00,Salaire,Virement instantané,Credit,14251.0,-24128.18,virement employeur,Salaire,Oujda,MA,2024-04-01 11:22:00,2024,4,1,11,Monday,April,VIREMENT EMPLOYEUR,SALAIRE,0,1,Revenu,Matin
TX0501614,CUST0005_SEASONAL,2024-04-01,11:22:00,Courant,Espèces,Debit,132.71,0.0,TRANSPORT,BIM,Tanger,MA,2024-04-01 11:22:00,2024,4,1,11,Monday,April,TRANSPORT,BIM,1,0,Dépense,Matin
TX0501614,CUST0005_SEASONAL,2024-04-01,11:42:00,Courant,Virement instantané,Debit,108.39,0.0,ACHAT EPICERIE,ATM,Casablanca,MA,2024-04-01 11:42:00,2024,4,1,11,Monday,April,ACHAT EPICERIE,ATM,1,0,Dépense,Matin
TX0501615,CUST0005_SEASONAL,2024-04-02,08:39:00,Courant,Virement instantané,Debit,183.36,0.0,RETRAIT ATM,ATM,Agadir,MA,2024-04-02 08:39:00,2024,4,2,8,Tuesday,April,RETRAIT ATM,ATM,1,0,Dépense,Matin
TX0501616,CUST0005_SEASONAL,2024-04-02,18:54:00,Courant,Virement,Debit,168.22,0.0,CARBURANT,Careem,Tanger,MA,2024-04-02 18:54:00,2024,4,2,18,Tuesday,April,CARBURANT,CAREEM,1,0,Dépense,Soir
TX0501617,CUST0005_SEASONAL,2024-04-02,17:22:00,Courant,Virement instantané,Debit,197.21,0.0,TRANSPORT,Pharmacie,Casablanca,MA,2024-04-02 17:22:00,2024,4,2,17,Tuesday,April,TRANSPORT,PHARMACIE,1,0,Dépense,Après-midi
TX0501618,CUST0005_SEASONAL,2024-04-02,12:49:00,Courant,ATM,Debit,120.78,0.0,RETRAIT ATM,BIM,Tanger,MA,2024-04-02 12:49:00,2024,4,2,12,Tuesday,April,RETRAIT ATM,BIM,1,0,Dépense,Après-midi
TX0501619,CUST0005_SEASONAL,2024-04-03,14:58:00,Courant,Virement instantané,Debit,68.42,0.0,ACHAT SUPERMARCHE,Carrefour,Oujda,MA,2024-04-03 14:58:00,2024,4,3,14,Wednesday,April,ACHAT SUPERMARCHE,CARREFOUR,1,0,Dépense,Après-midi
TX0501620,CUST0005_SEASONAL,2024-04-03,09:03:00,Courant,Espèces,Debit,190.9,0.0,TRANSPORT,Pharmacie,Tanger,MA,2024-04-03 09:03:00,2024,4,3,9,Wednesday,April,TRANSPORT,PHARMACIE,1,0,Dépense,Matin
TX0501621,CUST0005_SEASONAL,2024-04-04,18:08:00,Courant,Espèces,Debit,232.75,0.0,RETRAIT ATM,Pharmacie,Meknès,MA,2024-04-04 18:08:00,2024,4,4,18,Thursday,April,RETRAIT ATM,PHARMACIE,1,0,Dépense,Soir
TX0501622,CUST0005_SEASONAL,2024-04-04,17:49:00,Courant,Carte,Debit,156.78,0.0,ACHAT EPICERIE,Pharmacie,Agadir,MA,2024-04-04 17:49:00,2024,4,4,17,Thursday,April,ACHAT EPICERIE,PHARMACIE,1,0,Dépense,Après-midi
TX0501623,CUST0005_SEASONAL,2024-04-04,20:39:00,Courant,Wallet,Debit,78.98,0.0,RETRAIT ATM,ATM,Tanger,MA,2024-04-04 20:39:00,2024,4,4,20,Thursday,April,RETRAIT ATM,ATM,1,0,Dépense,Soir
TX0501624,CUST0005_SEASONAL,2024-04-05,16:56:00,Courant,Wallet,Debit,127.45,0.0,TRANSPORT,Pharmacie,Oujda,MA,2024-04-05 16:56:00,2024,4,5,16,Friday,April,TRANSPORT,PHARMACIE,1,0,Dépense,Après-midi
TX0501625,CUST0005_SEASONAL,2024-04-05,10:13:00,Courant,Carte,Debit,180.52,0.0,CARBURANT,Carrefour,Marrakech,MA,2024-04-05 10:13:00,2024,4,5,10,Friday,April,CARBURANT,CARREFOUR,1,0,Dépense,Matin
TX0501626,CUST0005_SEASONAL,2024-04-05,12:58:00,Courant,Carte,Debit,127.96,0.0,CARBURANT,Careem,Oujda,MA,2024-04-05 12:58:00,2024,4,5,12,Friday,April,CARBURANT,CAREEM,1,0,Dépense,Après-midi
TX0501627,CUST0005_SEASONAL,2024-04-06,15:11:00,Courant,ATM,Debit,216.0,0.0,ACHAT EPICERIE,Carrefour,Fès,MA,2024-04-06 15:11:00,2024,4,6,15,Saturday,April,ACHAT EPICERIE,CARREFOUR,1,0,Dépense,Après-midi
TX0501628,CUST0005_SEASONAL,2024-04-06,13:06:00,Courant,Virement,Debit,158.09,0.0,TRANSPORT,Careem,Rabat,MA,2024-04-06 13:06:00,2024,4,6,13,Saturday,April,TRANSPORT,CAREEM,1,0,Dépense,Après-midi
TX0501629,CUST0005_SEASONAL,2024-04-07,15:48:00,Courant,Virement,Debit,236.92,0.0,ACHAT EPICERIE,Careem,Meknès,MA,2024-04-07 15:48:00,2024,4,7,15,Sunday,April,ACHAT EPICERIE,CAREEM,1,0,Dépense,Après-midi
TX0501630,CUST0005_SEASONAL,2024-04-07,11:57:00,Courant,Carte,Debit,132.84,0.0,RETRAIT ATM,Pharmacie,Oujda,MA,2024-04-07 11:57:00,2024,4,7,11,Sunday,April,RETRAIT ATM,PHARMACIE,1,0,Dépense,Matin
TX0501631,CUST0005_SEASONAL,2024-04-07,17:14:00,Courant,Virement,Debit,55.68,0.0,CARBURANT,ATM,Tanger,MA,2024-04-07 17:14:00,2024,4,7,17,Sunday,April,CARBURANT,ATM,1,0,Dépense,Après-midi
TX0501632,CUST0005_SEASONAL,2024-04-08,14:04:00,Courant,Carte,Debit,181.65,0.0,CARBURANT,Careem,Casablanca,MA,2024-04-08 14:04:00,2024,4,8,14,Monday,April,CARBURANT,CAREEM,1,0,Dépense,Après-midi
TX0501633,CUST0005_SEASONAL,2024-04-08,15:05:00,Courant,Virement instantané,Debit,155.84,0.0,CARBURANT,Shell,Meknès,MA,2024-04-08 15:05:00,2024,4,8,15,Monday,April,CARBURANT,SHELL,1,0,Dépense,Après-midi
TX0501634,CUST0005_SEASONAL,2024-04-09,18:42:00,Courant,ATM,Debit,64.08,0.0,CARBURANT,Shell,Rabat,MA,2024-04-09 18:42:00,2024,4,9,18,Tuesday,April,CARBURANT,SHELL,1,0,Dépense,Soir
TX0501635,CUST0005_SEASONAL,2024-04-09,10:29:00,Courant,ATM,Debit,121.63,0.0,ACHAT SUPERMARCHE,BIM,Oujda,MA,2024-04-09 10:29:00,2024,4,9,10,Tuesday,April,ACHAT SUPERMARCHE,BIM,1,0,Dépense,Matin
TX0501636,CUST0005_SEASONAL,2024-04-10,15:44:00,Courant,ATM,Debit,212.91,0.0,RETRAIT ATM,Carrefour,Fès,MA,2024-04-10 15:44:00,2024,4,10,15,Wednesday,April,RETRAIT ATM,CARREFOUR,1,0,Dépense,Après-midi
TX0501637,CUST0005_SEASONAL,2024-04-10,13:20:00,Courant,Virement,Debit,94.94,0.0,RETRAIT ATM,Pharmacie,Meknès,MA,2024-04-10 13:20:00,2024,4,10,13,Wednesday,April,RETRAIT ATM,PHARMACIE,1,0,Dépense,Après-midi
TX0501638,CUST0005_SEASONAL,2024-04-11,08:28:00,Courant,Wallet,Debit,237.0,0.0,RETRAIT ATM,ATM,Casablanca,MA,2024-04-11 08:28:00,2024,4,11,8,Thursday,April,RETRAIT ATM,ATM,1,0,Dépense,Matin
TX0501639,CUST0005_SEASONAL,2024-04-11,11:06:00,Courant,ATM,Debit,39.28,0.0,ACHAT EPICERIE,Pharmacie,Rabat,MA,2024-04-11 11:06:00,2024,4,11,11,Thursday,April,ACHAT EPICERIE,PHARMACIE,1,0,Dépense,Matin
TX0501640,CUST0005_SEASONAL,2024-04-12,17:20:00,Courant,Wallet,Debit,174.93,0.0,CARBURANT,Shell,Rabat,MA,2024-04-12 17:20:00,2024,4,12,17,Friday,April,CARBURANT,SHELL,1,0,Dépense,Après-midi
TX0501641,CUST0005_SEASONAL,2024-04-13,18:16:00,Courant,Wallet,Debit,221.23,0.0,TRANSPORT,BIM,Agadir,MA,2024-04-13 18:16:00,2024,4,13,18,Saturday,April,TRANSPORT,BIM,1,0,Dépense,Soir
TX0501642,CUST0005_SEASONAL,2024-04-13,10:48:00,Courant,Espèces,Debit,165.85,0.0,ACHAT EPICERIE,Pharmacie,Tanger,MA,2024-04-13 10:48:00,2024,4,13,10,Saturday,April,ACHAT EPICERIE,PHARMACIE,1,0,Dépense,Matin
TX0501643,CUST0005_SEASONAL,2024-04-14,12:13:00,Courant,Espèces,Debit,165.32,0.0,RETRAIT ATM,ATM,Fès,MA,2024-04-14 12:13:00,2024,4,14,12,Sunday,April,RETRAIT ATM,ATM,1,0,Dépense,Après-midi
TX0501644,CUST0005_SEASONAL,2024-04-14,16:38:00,Courant,Carte,Debit,116.81,0.0,ACHAT EPICERIE,BIM,Tanger,MA,2024-04-14 16:38:00,2024,4,14,16,Sunday,April,ACHAT EPICERIE,BIM,1,0,Dépense,Après-midi
TX0501645,CUST0005_SEASONAL,2024-04-14,13:22:00,Courant,Virement instantané,Debit,30.06,0.0,ACHAT SUPERMARCHE,ATM,Agadir,MA,2024-04-14 13:22:00,2024,4,14,13,Sunday,April,ACHAT SUPERMARCHE,ATM,1,0,Dépense,Après-midi
TX0501646,CUST0005_SEASONAL,2024-04-15,15:27:00,Courant,Carte,Debit,212.79,0.0,ACHAT EPICERIE,Carrefour,Casablanca,MA,2024-04-15 15:27:00,2024,4,15,15,Monday,April,ACHAT EPICERIE,CARREFOUR,1,0,Dépense,Après-midi
TX0501647,CUST0005_SEASONAL,2024-04-15,17:16:00,Courant,Virement,Debit,177.27,0.0,CARBURANT,Shell,Oujda,MA,2024-04-15 17:16:00,2024,4,15,17,Monday,April,CARBURANT,SHELL,1,0,Dépense,Après-midi
TX0501648,CUST0005_SEASONAL,2024-04-16,09:13:00,Courant,ATM,Debit,179.02,0.0,RETRAIT ATM,Pharmacie,Tanger,MA,2024-04-16 09:13:00,2024,4,16,9,Tuesday,April,RETRAIT ATM,PHARMACIE,1,0,Dépense,Matin
TX0501649,CUST0005_SEASONAL,2024-04-17,18:16:00,Courant,Virement,Debit,135.98,0.0,CARBURANT,Careem,Agadir,MA,2024-04-17 18:16:00,2024,4,17,18,Wednesday,April,CARBURANT,CAREEM,1,0,Dépense,Soir
TX0501650,CUST0005_SEASONAL,2024-04-17,13:36:00,Courant,Carte,Debit,35.68,0.0,ACHAT EPICERIE,BIM,Tanger,MA,2024-04-17 13:36:00,2024,4,17,13,Wednesday,April,ACHAT EPICERIE,BIM,1,0,Dépense,Après-midi
TX0501651,CUST0005_SEASONAL,2024-04-17,11:33:00,Courant,Virement instantané,Debit,120.95,0.0,ACHAT SUPERMARCHE,Carrefour,Rabat,MA,2024-04-17 11:33:00,2024,4,17,11,Wednesday,April,ACHAT SUPERMARCHE,CARREFOUR,1,0,Dépense,Matin
TX0501652,CUST0005_SEASONAL,2024-04-18,11:52:00,Courant,Wallet,Debit,71.35,0.0,CARBURANT,BIM,Meknès,MA,2024-04-18 11:52:00,2024,4,18,11,Thursday,April,CARBURANT,BIM,1,0,Dépense,Matin
TX0501653,CUST0005_SEASONAL,2024-04-18,08:40:00,Courant,Espèces,Debit,220.94,0.0,CARBURANT,Pharmacie,Casablanca,MA,2024-04-18 08:40:00,2024,4,18,8,Thursday,April,CARBURANT,PHARMACIE,1,0,Dépense,Matin
TX0501654,CUST0005_SEASONAL,2024-04-19,08:31:00,Courant,Virement,Debit,112.84,0.0,RETRAIT ATM,BIM,Oujda,MA,2024-04-19 08:31:00,2024,4,19,8,Friday,April,RETRAIT ATM,BIM,1,0,Dépense,Matin
TX0501655,CUST0005_SEASONAL,2024-04-19,13:54:00,Courant,Virement instantané,Debit,212.88,0.0,RETRAIT ATM,Careem,Marrakech,MA,2024-04-19 13:54:00,2024,4,19,13,Friday,April,RETRAIT ATM,CAREEM,1,0,Dépense,Après-midi
TX0501656,CUST0005_SEASONAL,2024-04-20,08:11:00,Courant,Espèces,Debit,228.5,0.0,CARBURANT,Pharmacie,Agadir,MA,2024-04-20 08:11:00,2024,4,20,8,Saturday,April,CARBURANT,PHARMACIE,1,0,Dépense,Matin
TX0501657,CUST0005_SEASONAL,2024-04-20,16:41:00,Courant,Wallet,Debit,49.12,0.0,TRANSPORT,BIM,Meknès,MA,2024-04-20 16:41:00,2024,4,20,16,Saturday,April,TRANSPORT,BIM,1,0,Dépense,Après-midi
TX0501658,CUST0005_SEASONAL,2024-04-21,10:54:00,Courant,Virement instantané,Debit,146.2,0.0,ACHAT EPICERIE,ATM,Rabat,MA,2024-04-21 10:54:00,2024,4,21,10,Sunday,April,ACHAT EPICERIE,ATM,1,0,Dépense,Matin
TX0501659,CUST0005_SEASONAL,2024-04-21,12:14:00,Courant,Virement,Debit,94.47,0.0,ACHAT SUPERMARCHE,BIM,Casablanca,MA,2024-04-21 12:14:00,2024,4,21,12,Sunday,April,ACHAT SUPERMARCHE,BIM,1,0,Dépense,Après-midi
TX0501660,CUST0005_SEASONAL,2024-04-22,20:09:00,Courant,Carte,Debit,37.62,0.0,ACHAT SUPERMARCHE,ATM,Casablanca,MA,2024-04-22 20:09:00,2024,4,22,20,Monday,April,ACHAT SUPERMARCHE,ATM,1,0,Dépense,Soir
TX0501661,CUST0005_SEASONAL,2024-04-22,11:41:00,Courant,ATM,Debit,176.69,0.0,CARBURANT,Shell,Marrakech,MA,2024-04-22 11:41:00,2024,4,22,11,Monday,April,CARBURANT,SHELL,1,0,Dépense,Matin
TX0501662,CUST0005_SEASONAL,2024-04-23,15:43:00,Courant,Virement instantané,Debit,161.03,0.0,CARBURANT,BIM,Tanger,MA,2024-04-23 15:43:00,2024,4,23,15,Tuesday,April,CARBURANT,BIM,1,0,Dépense,Après-midi
TX0501663,CUST0005_SEASONAL,2024-04-23,09:32:00,Courant,ATM,Debit,176.83,0.0,CARBURANT,Carrefour,Casablanca,MA,2024-04-23 09:32:00,2024,4,23,9,Tuesday,April,CARBURANT,CARREFOUR,1,0,Dépense,Matin
TX0501664,CUST0005_SEASONAL,2024-04-23,10:43:00,Courant,ATM,Debit,101.39,0.0,ACHAT EPICERIE,Pharmacie,Rabat,MA,2024-04-23 10:43:00,2024,4,23,10,Tuesday,April,ACHAT EPICERIE,PHARMACIE,1,0,Dépense,Matin
TX0501665,CUST0005_SEASONAL,2024-04-24,20:24:00,Courant,ATM,Debit,217.38,0.0,RETRAIT ATM,Shell,Meknès,MA,2024-04-24 20:24:00,2024,4,24,20,Wednesday,April,RETRAIT ATM,SHELL,1,0,Dépense,Soir
TX0501666,CUST0005_SEASONAL,2024-04-25,13:39:00,Courant,Virement instantané,Debit,121.03,0.0,ACHAT EPICERIE,Careem,Tanger,MA,2024-04-25 13:39:00,2024,4,25,13,Thursday,April,ACHAT EPICERIE,CAREEM,1,0,Dépense,Après-midi
TX0501667,CUST0005_SEASONAL,2024-04-25,20:01:00,Courant,Wallet,Debit,212.26,0.0,CARBURANT,BIM,Meknès,MA,2024-04-25 20:01:00,2024,4,25,20,Thursday,April,CARBURANT,BIM,1,0,Dépense,Soir
TX0501668,CUST0005_SEASONAL,2024-04-26,09:52:00,Courant,Wallet,Debit,231.65,0.0,CARBURANT,ATM,Tanger,MA,2024-04-26 09:52:00,2024,4,26,9,Friday,April,CARBURANT,ATM,1,0,Dépense,Matin
TX0501669,CUST0005_SEASONAL,2024-04-27,17:35:00,Courant,Virement instantané,Debit,148.48,0.0,ACHAT SUPERMARCHE,Shell,Casablanca,MA,2024-04-27 17:35:00,2024,4,27,17,Saturday,April,ACHAT SUPERMARCHE,SHELL,1,0,Dépense,Après-midi
TX0501670,CUST0005_SEASONAL,2024-04-27,14:36:00,Courant,Wallet,Debit,200.14,0.0,TRANSPORT,Pharmacie,Tanger,MA,2024-04-27 14:36:00,2024,4,27,14,Saturday,April,TRANSPORT,PHARMACIE,1,0,Dépense,Après-midi
TX0501671,CUST0005_SEASONAL,2024-04-27,14:08:00,Courant,ATM,Debit,249.02,0.0,ACHAT EPICERIE,Shell,Fès,MA,2024-04-27 14:08:00,2024,4,27,14,Saturday,April,ACHAT EPICERIE,SHELL,1,0,Dépense,Après-midi
TX0501672,CUST0005_SEASONAL,2024-04-27,13:26:00,Courant,Wallet,Debit,58.6,0.0,CARBURANT,Pharmacie,Rabat,MA,2024-04-27 13:26:00,2024,4,27,13,Saturday,April,CARBURANT,PHARMACIE,1,0,Dépense,Après-midi
TX0501673,CUST0005_SEASONAL,2024-04-28,17:17:00,Courant,Carte,Debit,84.68,0.0,ACHAT EPICERIE,Pharmacie,Marrakech,MA,2024-04-28 17:17:00,2024,4,28,17,Sunday,April,ACHAT EPICERIE,PHARMACIE,1,0,Dépense,Après-midi
TX0501674,CUST0005_SEASONAL,2024-04-28,19:37:00,Courant,Carte,Debit,239.96,0.0,TRANSPORT,Carrefour,Tanger,MA,2024-04-28 19:37:00,2024,4,28,19,Sunday,April,TRANSPORT,CARREFOUR,1,0,Dépense,Soir
TX0501675,CUST0005_SEASONAL,2024-04-28,12:26:00,Courant,ATM,Debit,132.41,0.0,RETRAIT ATM,Pharmacie,Fès,MA,2024-04-28 12:26:00,2024,4,28,12,Sunday,April,RETRAIT ATM,PHARMACIE,1,0,Dépense,Après-midi
TX0501676,CUST0005_SEASONAL,2024-04-29,08:40:00,Courant,ATM,Debit,117.11,0.0,ACHAT EPICERIE,BIM,Oujda,MA,2024-04-29 08:40:00,2024,4,29,8,Monday,April,ACHAT EPICERIE,BIM,1,0,Dépense,Matin
TX0501677,CUST0005_SEASONAL,2024-04-30,13:15:00,Courant,Virement instantané,Debit,246.73,0.0,RETRAIT ATM,Pharmacie,Oujda,MA,2024-04-30 13:15:00,2024,4,30,13,Tuesday,April,RETRAIT ATM,PHARMACIE,1,0,Dépense,Après-midi
TX0501678,CUST0005_SEASONAL,2024-04-30,16:18:00,Courant,Virement instantané,Debit,158.77,0.0,ACHAT EPICERIE,Shell,Meknès,MA,2024-04-30 16:18:00,2024,4,30,16,Tuesday,April,ACHAT EPICERIE,SHELL,1,0,Dépense,Après-midi
TX0501679,CUST0005_SEASONAL,2024-05-01,18:16:00,Salaire,Virement instantané,Credit,11697.0,-22356.48,virement employeur,Salaire,Casablanca,MA,2024-05-01 18:16:00,2024,5,1,18,Wednesday,May,VIREMENT EMPLOYEUR,SALAIRE,0,1,Revenu,Soir
TX0501681,CUST0005_SEASONAL,2024-05-01,18:16:00,Courant,ATM,Debit,210.03,0.0,CARBURANT,Pharmacie,Fès,MA,2024-05-01 18:16:00,2024,5,1,18,Wednesday,May,CARBURANT,PHARMACIE,1,0,Dépense,Soir
TX0501681,CUST0005_SEASONAL,2024-05-01,12:02:00,Courant,ATM,Debit,35.48,0.0,CARBURANT,Shell,Rabat,MA,2024-05-01 12:02:00,2024,5,1,12,Wednesday,May,CARBURANT,SHELL,1,0,Dépense,Après-midi
TX0501682,CUST0005_SEASONAL,2024-05-02,17:01:00,Courant,Virement instantané,Debit,205.48,0.0,ACHAT EPICERIE,Carrefour,Marrakech,MA,2024-05-02 17:01:00,2024,5,2,17,Thursday,May,ACHAT EPICERIE,CARREFOUR,1,0,Dépense,Après-midi
TX0501683,CUST0005_SEASONAL,2024-05-02,16:19:00,Courant,Carte,Debit,195.65,0.0,RETRAIT ATM,BIM,Oujda,MA,2024-05-02 16:19:00,2024,5,2,16,Thursday,May,RETRAIT ATM,BIM,1,0,Dépense,Après-midi
TX0501684,CUST0005_SEASONAL,2024-05-03,20:22:00,Courant,Virement instantané,Debit,235.26,0.0,TRANSPORT,BIM,Rabat,MA,2024-05-03 20:22:00,2024,5,3,20,Friday,May,TRANSPORT,BIM,1,0,Dépense,Soir
TX0501685,CUST0005_SEASONAL,2024-05-03,19:22:00,Courant,Virement,Debit,200.05,0.0,ACHAT EPICERIE,Pharmacie,Fès,MA,2024-05-03 19:22:00,2024,5,3,19,Friday,May,ACHAT EPICERIE,PHARMACIE,1,0,Dépense,Soir
TX0501686,CUST0005_SEASONAL,2024-05-04,18:48:00,Courant,Carte,Debit,137.46,0.0,ACHAT SUPERMARCHE,Shell,Meknès,MA,2024-05-04 18:48:00,2024,5,4,18,Saturday,May,ACHAT SUPERMARCHE,SHELL,1,0,Dépense,Soir
TX0501687,CUST0005_SEASONAL,2024-05-04,09:00:00,Courant,Virement instantané,Debit,247.54,0.0,ACHAT EPICERIE,ATM,Fès,MA,2024-05-04 09:00:00,2024,5,4,9,Saturday,May,ACHAT EPICERIE,ATM,1,0,Dépense,Matin
TX0501688,CUST0005_SEASONAL,2024-05-04,19:42:00,Courant,Virement,Debit,200.44,0.0,CARBURANT,Pharmacie,Tanger,MA,2024-05-04 19:42:00,2024,5,4,19,Saturday,May,CARBURANT,PHARMACIE,1,0,Dépense,Soir
TX0501689,CUST0005_SEASONAL,2024-05-05,19:54:00,Courant,Wallet,Debit,243.05,0.0,TRANSPORT,BIM,Marrakech,MA,2024-05-05 19:54:00,2024,5,5,19,Sunday,May,TRANSPORT,BIM,1,0,Dépense,Soir
TX0501690,CUST0005_SEASONAL,2024-05-05,08:30:00,Courant,Virement,Debit,193.83,0.0,CARBURANT,Shell,Oujda,MA,2024-05-05 08:30:00,2024,5,5,8,Sunday,May,CARBURANT,SHELL,1,0,Dépense,Matin
TX0501691,CUST0005_SEASONAL,2024-05-06,12:13:00,Courant,Wallet,Debit,109.11,0.0,TRANSPORT,Pharmacie,Tanger,MA,2024-05-06 12:13:00,2024,5,6,12,Monday,May,TRANSPORT,PHARMACIE,1,0,Dépense,Après-midi
TX0501692,CUST0005_SEASONAL,2024-05-06,16:20:00,Courant,Espèces,Debit,43.75,0.0,TRANSPORT,BIM,Meknès,MA,2024-05-06 16:20:00,2024,5,6,16,Monday,May,TRANSPORT,BIM,1,0,Dépense,Après-midi
TX0501693,CUST0005_SEASONAL,2024-05-07,12:35:00,Courant,Espèces,Debit,228.43,0.0,ACHAT SUPERMARCHE,Careem,Oujda,MA,2024-05-07 12:35:00,2024,5,7,12,Tuesday,May,ACHAT SUPERMARCHE,CAREEM,1,0,Dépense,Après-midi
TX0501694,CUST0005_SEASONAL,2024-05-07,18:02:00,Courant,Espèces,Debit,33.66,0.0,ACHAT EPICERIE,BIM,Agadir,MA,2024-05-07 18:02:00,2024,5,7,18,Tuesday,May,ACHAT EPICERIE,BIM,1,0,Dépense,Soir
TX0501695,CUST0005_SEASONAL,2024-05-08,15:18:00,Courant,Virement,Debit,163.81,0.0,ACHAT EPICERIE,BIM,Tanger,MA,2024-05-08 15:18:00,2024,5,8,15,Wednesday,May,ACHAT EPICERIE,BIM,1,0,Dépense,Après-midi
TX0501696,CUST0005_SEASONAL,2024-05-08,14:57:00,Courant,ATM,Debit,80.35,0.0,ACHAT EPICERIE,Shell,Rabat,MA,2024-05-08 14:57:00,2024,5,8,14,Wednesday,May,ACHAT EPICERIE,SHELL,1,0,Dépense,Après-midi
TX0501697,CUST0005_SEASONAL,2024-05-09,14:01:00,Courant,Carte,Debit,165.85,0.0,TRANSPORT,Carrefour,Rabat,MA,2024-05-09 14:01:00,2024,5,9,14,Thursday,May,TRANSPORT,CARREFOUR,1,0,Dépense,Après-midi
TX0501698,CUST0005_SEASONAL,2024-05-09,16:34:00,Courant,Carte,Debit,235.23,0.0,ACHAT EPICERIE,Careem,Rabat,MA,2024-05-09 16:34:00,2024,5,9,16,Thursday,May,ACHAT EPICERIE,CAREEM,1,0,Dépense,Après-midi
TX0501699,CUST0005_SEASONAL,2024-05-10,12:40:00,Courant,Virement instantané,Debit,58.43,0.0,ACHAT SUPERMARCHE,Careem,Casablanca,MA,2024-05-10 12:40:00,2024,5,10,12,Friday,May,ACHAT SUPERMARCHE,CAREEM,1,0,Dépense,Après-midi
TX0501700,CUST0005_SEASONAL,2024-05-10,09:48:00,Courant,Virement instantané,Debit,218.53,0.0,RETRAIT ATM,BIM,Marrakech,MA,2024-05-10 09:48:00,2024,5,10,9,Friday,May,RETRAIT ATM,BIM,1,0,Dépense,Matin
TX0501701,CUST0005_SEASONAL,2024-05-11,11:12:00,Courant,Espèces,Debit,158.67,0.0,ACHAT EPICERIE,BIM,Rabat,MA,2024-05-11 11:12:00,2024,5,11,11,Saturday,May,ACHAT EPICERIE,BIM,1,0,Dépense,Matin
TX0501702,CUST0005_SEASONAL,2024-05-11,13:08:00,Courant,Wallet,Debit,216.74,0.0,ACHAT EPICERIE,Careem,Casablanca,MA,2024-05-11 13:08:00,2024,5,11,13,Saturday,May,ACHAT EPICERIE,CAREEM,1,0,Dépense,Après-midi
TX0501703,CUST0005_SEASONAL,2024-05-12,13:04:00,Courant,Espèces,Debit,197.22,0.0,ACHAT EPICERIE,Careem,Marrakech,MA,2024-05-12 13:04:00,2024,5,12,13,Sunday,May,ACHAT EPICERIE,CAREEM,1,0,Dépense,Après-midi
TX0501704,CUST0005_SEASONAL,2024-05-13,08:17:00,Courant,ATM,Debit,187.65,0.0,RETRAIT ATM,Careem,Oujda,MA,2024-05-13 08:17:00,2024,5,13,8,Monday,May,RETRAIT ATM,CAREEM,1,0,Dépense,Matin
TX0501705,CUST0005_SEASONAL,2024-05-13,17:23:00,Courant,ATM,Debit,85.82,0.0,RETRAIT ATM,Pharmacie,Marrakech,MA,2024-05-13 17:23:00,2024,5,13,17,Monday,May,RETRAIT ATM,PHARMACIE,1,0,Dépense,Après-midi
TX0501706,CUST0005_SEASONAL,2024-05-13,10:48:00,Courant,Virement instantané,Debit,179.15,0.0,TRANSPORT,Carrefour,Meknès,MA,2024-05-13 10:48:00,2024,5,13,10,Monday,May,TRANSPORT,CARREFOUR,1,0,Dépense,Matin
TX0501707,CUST0005_SEASONAL,2024-05-14,17:18:00,Courant,Virement,Debit,188.88,0.0,CARBURANT,Shell,Oujda,MA,2024-05-14 17:18:00,2024,5,14,17,Tuesday,May,CARBURANT,SHELL,1,0,Dépense,Après-midi
TX0501708,CUST0005_SEASONAL,2024-05-15,19:42:00,Courant,Wallet,Debit,103.32,0.0,CARBURANT,BIM,Marrakech,MA,2024-05-15 19:42:00,2024,5,15,19,Wednesday,May,CARBURANT,BIM,1,0,Dépense,Soir
TX0501709,CUST0005_SEASONAL,2024-05-15,11:09:00,Courant,ATM,Debit,192.6,0.0,RETRAIT ATM,BIM,Agadir,MA,2024-05-15 11:09:00,2024,5,15,11,Wednesday,May,RETRAIT ATM,BIM,1,0,Dépense,Matin
TX0501710,CUST0005_SEASONAL,2024-05-15,19:11:00,Courant,Espèces,Debit,222.34,0.0,CARBURANT,Shell,Agadir,MA,2024-05-15 19:11:00,2024,5,15,19,Wednesday,May,CARBURANT,SHELL,1,0,Dépense,Soir
TX0501711,CUST0005_SEASONAL,2024-05-16,11:50:00,Courant,Espèces,Debit,64.28,0.0,TRANSPORT,Shell,Rabat,MA,2024-05-16 11:50:00,2024,5,16,11,Thursday,May,TRANSPORT,SHELL,1,0,Dépense,Matin
TX0501712,CUST0005_SEASONAL,2024-05-16,17:43:00,Courant,Virement instantané,Debit,153.51,0.0,ACHAT EPICERIE,Carrefour,Meknès,MA,2024-05-16 17:43:00,2024,5,16,17,Thursday,May,ACHAT EPICERIE,CARREFOUR,1,0,Dépense,Après-midi
TX0501713,CUST0005_SEASONAL,2024-05-17,16:30:00,Courant,Virement instantané,Debit,41.56,0.0,CARBURANT,Shell,Agadir,MA,2024-05-17 16:30:00,2024,5,17,16,Friday,May,CARBURANT,SHELL,1,0,Dépense,Après-midi
TX0501714,CUST0005_SEASONAL,2024-05-18,09:08:00,Courant,Wallet,Debit,47.4,0.0,TRANSPORT,BIM,Fès,MA,2024-05-18 09:08:00,2024,5,18,9,Saturday,May,TRANSPORT,BIM,1,0,Dépense,Matin
TX0501715,CUST0005_SEASONAL,2024-05-18,14:53:00,Courant,Virement instantané,Debit,42.06,0.0,ACHAT EPICERIE,BIM,Marrakech,MA,2024-05-18 14:53:00,2024,5,18,14,Saturday,May,ACHAT EPICERIE,BIM,1,0,Dépense,Après-midi
TX0501716,CUST0005_SEASONAL,2024-05-19,17:45:00,Courant,Virement,Debit,125.27,0.0,CARBURANT,Pharmacie,Casablanca,MA,2024-05-19 17:45:00,2024,5,19,17,Sunday,May,CARBURANT,PHARMACIE,1,0,Dépense,Après-midi
TX0501717,CUST0005_SEASONAL,2024-05-19,20:16:00,Courant,Wallet,Debit,246.61,0.0,TRANSPORT,Pharmacie,Meknès,MA,2024-05-19 20:16:00,2024,5,19,20,Sunday,May,TRANSPORT,PHARMACIE,1,0,Dépense,Soir
TX0501718,CUST0005_SEASONAL,2024-05-19,12:32:00,Courant,ATM,Debit,247.8,0.0,CARBURANT,Pharmacie,Tanger,MA,2024-05-19 12:32:00,2024,5,19,12,Sunday,May,CARBURANT,PHARMACIE,1,0,Dépense,Après-midi
TX0501719,CUST0005_SEASONAL,2024-05-20,16:06:00,Courant,Virement,Debit,206.75,0.0,ACHAT SUPERMARCHE,Carrefour,Rabat,MA,2024-05-20 16:06:00,2024,5,20,16,Monday,May,ACHAT SUPERMARCHE,CARREFOUR,1,0,Dépense,Après-midi
TX0501720,CUST0005_SEASONAL,2024-05-20,17:28:00,Courant,Espèces,Debit,97.94,0.0,RETRAIT ATM,Carrefour,Meknès,MA,2024-05-20 17:28:00,2024,5,20,17,Monday,May,RETRAIT ATM,CARREFOUR,1,0,Dépense,Après-midi
TX0501721,CUST0005_SEASONAL,2024-05-21,14:40:00,Courant,Carte,Debit,191.11,0.0,ACHAT SUPERMARCHE,Careem,Agadir,MA,2024-05-21 14:40:00,2024,5,21,14,Tuesday,May,ACHAT SUPERMARCHE,CAREEM,1,0,Dépense,Après-midi
TX0501722,CUST0005_SEASONAL,2024-05-21,17:10:00,Courant,Virement,Debit,214.49,0.0,TRANSPORT,ATM,Marrakech,MA,2024-05-21 17:10:00,2024,5,21,17,Tuesday,May,TRANSPORT,ATM,1,0,Dépense,Après-midi
TX0501723,CUST0005_SEASONAL,2024-05-22,13:39:00,Courant,Virement instantané,Debit,62.38,0.0,TRANSPORT,Pharmacie,Marrakech,MA,2024-05-22 13:39:00,2024,5,22,13,Wednesday,May,TRANSPORT,PHARMACIE,1,0,Dépense,Après-midi
TX0501724,CUST0005_SEASONAL,2024-05-22,15:03:00,Courant,Wallet,Debit,178.85,0.0,CARBURANT,Careem,Meknès,MA,2024-05-22 15:03:00,2024,5,22,15,Wednesday,May,CARBURANT,CAREEM,1,0,Dépense,Après-midi
TX0501725,CUST0005_SEASONAL,2024-05-23,11:40:00,Courant,Carte,Debit,110.45,0.0,ACHAT EPICERIE,ATM,Fès,MA,2024-05-23 11:40:00,2024,5,23,11,Thursday,May,ACHAT EPICERIE,ATM,1,0,Dépense,Matin
TX0501726,CUST0005_SEASONAL,2024-05-23,12:51:00,Courant,Espèces,Debit,168.32,0.0,ACHAT SUPERMARCHE,Pharmacie,Oujda,MA,2024-05-23 12:51:00,2024,5,23,12,Thursday,May,ACHAT SUPERMARCHE,PHARMACIE,1,0,Dépense,Après-midi
TX0501727,CUST0005_SEASONAL,2024-05-23,14:11:00,Courant,ATM,Debit,46.7,0.0,ACHAT SUPERMARCHE,BIM,Marrakech,MA,2024-05-23 14:11:00,2024,5,23,14,Thursday,May,ACHAT SUPERMARCHE,BIM,1,0,Dépense,Après-midi
TX0501728,CUST0005_SEASONAL,2024-05-24,12:52:00,Courant,Virement,Debit,69.1,0.0,CARBURANT,BIM,Oujda,MA,2024-05-24 12:52:00,2024,5,24,12,Friday,May,CARBURANT,BIM,1,0,Dépense,Après-midi
TX0501729,CUST0005_SEASONAL,2024-05-24,08:31:00,Courant,Wallet,Debit,42.86,0.0,RETRAIT ATM,ATM,Agadir,MA,2024-05-24 08:31:00,2024,5,24,8,Friday,May,RETRAIT ATM,ATM,1,0,Dépense,Matin
TX0501730,CUST0005_SEASONAL,2024-05-25,10:09:00,Courant,Virement instantané,Debit,192.58,0.0,CARBURANT,Careem,Meknès,MA,2024-05-25 10:09:00,2024,5,25,10,Saturday,May,CARBURANT,CAREEM,1,0,Dépense,Matin
TX0501731,CUST0005_SEASONAL,2024-05-25,13:41:00,Courant,Espèces,Debit,171.63,0.0,ACHAT SUPERMARCHE,ATM,Fès,MA,2024-05-25 13:41:00,2024,5,25,13,Saturday,May,ACHAT SUPERMARCHE,ATM,1,0,Dépense,Après-midi
TX0501732,CUST0005_SEASONAL,2024-05-25,15:41:00,Courant,Virement instantané,Debit,228.43,0.0,CARBURANT,Carrefour,Agadir,MA,2024-05-25 15:41:00,2024,5,25,15,Saturday,May,CARBURANT,CARREFOUR,1,0,Dépense,Après-midi
TX0501733,CUST0005_SEASONAL,2024-05-25,10:37:00,Courant,ATM,Debit,185.92,0.0,RETRAIT ATM,ATM,Meknès,MA,2024-05-25 10:37:00,2024,5,25,10,Saturday,May,RETRAIT ATM,ATM,1,0,Dépense,Matin
TX0501734,CUST0005_SEASONAL,2024-05-26,20:33:00,Courant,Wallet,Debit,87.59,0.0,CARBURANT,Careem,Meknès,MA,2024-05-26 20:33:00,2024,5,26,20,Sunday,May,CARBURANT,CAREEM,1,0,Dépense,Soir
TX0501735,CUST0005_SEASONAL,2024-05-27,13:17:00,Courant,Espèces,Debit,187.89,0.0,TRANSPORT,Carrefour,Rabat,MA,2024-05-27 13:17:00,2024,5,27,13,Monday,May,TRANSPORT,CARREFOUR,1,0,Dépense,Après-midi
TX0501736,CUST0005_SEASONAL,2024-05-27,18:41:00,Courant,Virement,Debit,72.14,0.0,RETRAIT ATM,ATM,Meknès,MA,2024-05-27 18:41:00,2024,5,27,18,Monday,May,RETRAIT ATM,ATM,1,0,Dépense,Soir
TX0501737,CUST0005_SEASONAL,2024-05-27,11:38:00,Courant,Virement,Debit,133.77,0.0,CARBURANT,Pharmacie,Tanger,MA,2024-05-27 11:38:00,2024,5,27,11,Monday,May,CARBURANT,PHARMACIE,1,0,Dépense,Matin
TX0501738,CUST0005_SEASONAL,2024-05-28,19:32:00,Courant,Wallet,Debit,240.9,0.0,ACHAT SUPERMARCHE,Pharmacie,Marrakech,MA,2024-05-28 19:32:00,2024,5,28,19,Tuesday,May,ACHAT SUPERMARCHE,PHARMACIE,1,0,Dépense,Soir
TX0501739,CUST0005_SEASONAL,2024-05-28,10:08:00,Courant,ATM,Debit,200.28,0.0,CARBURANT,Careem,Fès,MA,2024-05-28 10:08:00,2024,5,28,10,Tuesday,May,CARBURANT,CAREEM,1,0,Dépense,Matin
TX0501740,CUST0005_SEASONAL,2024-05-29,09:18:00,Courant,ATM,Debit,97.94,0.0,RETRAIT ATM,Carrefour,Agadir,MA,2024-05-29 09:18:00,2024,5,29,9,Wednesday,May,RETRAIT ATM,CARREFOUR,1,0,Dépense,Matin
TX0501741,CUST0005_SEASONAL,2024-05-30,19:29:00,Courant,Virement,Debit,64.62,0.0,RETRAIT ATM,Carrefour,Rabat,MA,2024-05-30 19:29:00,2024,5,30,19,Thursday,May,RETRAIT ATM,CARREFOUR,1,0,Dépense,Soir
TX0501742,CUST0005_SEASONAL,2024-05-30,09:24:00,Courant,Virement,Debit,205.65,0.0,RETRAIT ATM,BIM,Rabat,MA,2024-05-30 09:24:00,2024,5,30,9,Thursday,May,RETRAIT ATM,BIM,1,0,Dépense,Matin
TX0501743,CUST0005_SEASONAL,2024-05-30,13:03:00,Courant,Wallet,Debit,122.46,0.0,TRANSPORT,Carrefour,Meknès,MA,2024-05-30 13:03:00,2024,5,30,13,Thursday,May,TRANSPORT,CARREFOUR,1,0,Dépense,Après-midi
TX0501744,CUST0005_SEASONAL,2024-05-31,20:26:00,Courant,Virement,Debit,189.95,0.0,ACHAT EPICERIE,Carrefour,Casablanca,MA,2024-05-31 20:26:00,2024,5,31,20,Friday,May,ACHAT EPICERIE,CARREFOUR,1,0,Dépense,Soir
TX0501745,CUST0005_SEASONAL,2024-05-31,19:51:00,Courant,Carte,Debit,185.88,0.0,CARBURANT,Carrefour,Agadir,MA,2024-05-31 19:51:00,2024,5,31,19,Friday,May,CARBURANT,CARREFOUR,1,0,Dépense,Soir
TX0501746,CUST0006_SEASONAL,2024-01-01,13:45:00,Salaire,Virement instantané,Credit,11040.0,24252.0,virement employeur,Salaire,Marrakech,MA,2024-01-01 13:45:00,2024,1,1,13,Monday,January,VIREMENT EMPLOYEUR,SALAIRE,0,1,Revenu,Après-midi
TX0501748,CUST0006_SEASONAL,2024-01-01,13:45:00,Courant,ATM,Debit,33.23,24218.77,ACHAT SUPERMARCHE,Carrefour,Fès,MA,2024-01-01 13:45:00,2024,1,1,13,Monday,January,ACHAT SUPERMARCHE,CARREFOUR,1,0,Dépense,Après-midi
TX0501748,CUST0006_SEASONAL,2024-01-02,14:38:00,Courant,Carte,Debit,164.71,24054.06,RETRAIT ATM,Pharmacie,Meknès,MA,2024-01-02 14:38:00,2024,1,2,14,Tuesday,January,RETRAIT ATM,PHARMACIE,1,0,Dépense,Après-midi
TX0501749,CUST0006_SEASONAL,2024-01-02,15:14:00,Courant,Virement instantané,Debit,51.53,24002.53,RETRAIT ATM,Carrefour,Fès,MA,2024-01-02 15:14:00,2024,1,2,15,Tuesday,January,RETRAIT ATM,CARREFOUR,1,0,Dépense,Après-midi
TX0501750,CUST0006_SEASONAL,2024-01-02,09:11:00,Courant,Virement,Debit,77.57,23924.96,RETRAIT ATM,ATM,Casablanca,MA,2024-01-02 09:11:00,2024,1,2,9,Tuesday,January,RETRAIT ATM,ATM,1,0,Dépense,Matin
TX0501751,CUST0006_SEASONAL,2024-01-03,10:25:00,Courant,Carte,Debit,45.11,23879.85,CARBURANT,Shell,Oujda,MA,2024-01-03 10:25:00,2024,1,3,10,Wednesday,January,CARBURANT,SHELL,1,0,Dépense,Matin
TX0501752,CUST0006_SEASONAL,2024-01-03,14:15:00,Courant,Espèces,Debit,249.53,23630.31,ACHAT EPICERIE,Pharmacie,Fès,MA,2024-01-03 14:15:00,2024,1,3,14,Wednesday,January,ACHAT EPICERIE,PHARMACIE,1,0,Dépense,Après-midi
TX0501753,CUST0006_SEASONAL,2024-01-03,14:48:00,Courant,ATM,Debit,188.51,23441.81,CARBURANT,ATM,Fès,MA,2024-01-03 14:48:00,2024,1,3,14,Wednesday,January,CARBURANT,ATM,1,0,Dépense,Après-midi
TX0501754,CUST0006_SEASONAL,2024-01-04,16:27:00,Courant,Carte,Debit,36.49,23405.32,ACHAT EPICERIE,Shell,Rabat,MA,2024-01-04 16:27:00,2024,1,4,16,Thursday,January,ACHAT EPICERIE,SHELL,1,0,Dépense,Après-midi
TX0501755,CUST0006_SEASONAL,2024-01-04,15:30:00,Courant,Carte,Debit,155.66,23249.66,ACHAT EPICERIE,Careem,Fès,MA,2024-01-04 15:30:00,2024,1,4,15,Thursday,January,ACHAT EPICERIE,CAREEM,1,0,Dépense,Après-midi
TX0501756,CUST0006_SEASONAL,2024-01-05,16:10:00,Courant,Virement,Debit,136.16,23113.5,ACHAT EPICERIE,Shell,Tanger,MA,2024-01-05 16:10:00,2024,1,5,16,Friday,January,ACHAT EPICERIE,SHELL,1,0,Dépense,Après-midi
TX0501757,CUST0006_SEASONAL,2024-01-05,10:37:00,Courant,ATM,Debit,181.18,22932.32,RETRAIT ATM,Pharmacie,Tanger,MA,2024-01-05 10:37:00,2024,1,5,10,Friday,January,RETRAIT ATM,PHARMACIE,1,0,Dépense,Matin
TX0501758,CUST0006_SEASONAL,2024-01-05,10:13:00,Courant,Virement,Debit,121.77,22810.55,CARBURANT,Pharmacie,Rabat,MA,2024-01-05 10:13:00,2024,1,5,10,Friday,January,CARBURANT,PHARMACIE,1,0,Dépense,Matin
TX0501759,CUST0006_SEASONAL,2024-01-05,08:27:00,Courant,Virement instantané,Debit,148.57,22661.98,ACHAT SUPERMARCHE,Pharmacie,Agadir,MA,2024-01-05 08:27:00,2024,1,5,8,Friday,January,ACHAT SUPERMARCHE,PHARMACIE,1,0,Dépense,Matin
TX0501760,CUST0006_SEASONAL,2024-01-06,16:48:00,Courant,Carte,Debit,147.72,22514.27,TRANSPORT,Careem,Casablanca,MA,2024-01-06 16:48:00,2024,1,6,16,Saturday,January,TRANSPORT,CAREEM,1,0,Dépense,Après-midi
TX0501761,CUST0006_SEASONAL,2024-01-07,20:44:00,Courant,ATM,Debit,193.26,22321.0,TRANSPORT,Careem,Casablanca,MA,2024-01-07 20:44:00,2024,1,7,20,Sunday,January,TRANSPORT,CAREEM,1,0,Dépense,Soir
TX0501762,CUST0006_SEASONAL,2024-01-07,14:25:00,Courant,ATM,Debit,112.71,22208.29,ACHAT SUPERMARCHE,Shell,Oujda,MA,2024-01-07 14:25:00,2024,1,7,14,Sunday,January,ACHAT SUPERMARCHE,SHELL,1,0,Dépense,Après-midi
TX0501763,CUST0006_SEASONAL,2024-01-07,17:52:00,Courant,Espèces,Debit,196.23,22012.06,CARBURANT,Careem,Meknès,MA,2024-01-07 17:52:00,2024,1,7,17,Sunday,January,CARBURANT,CAREEM,1,0,Dépense,Après-midi
TX0501764,CUST0006_SEASONAL,2024-01-08,18:19:00,Courant,Wallet,Debit,142.18,21869.89,ACHAT SUPERMARCHE,ATM,Marrakech,MA,2024-01-08 18:19:00,2024,1,8,18,Monday,January,ACHAT SUPERMARCHE,ATM,1,0,Dépense,Soir
TX0501765,CUST0006_SEASONAL,2024-01-09,10:18:00,Courant,ATM,Debit,118.57,21751.32,TRANSPORT,Pharmacie,Agadir,MA,2024-01-09 10:18:00,2024,1,9,10,Tuesday,January,TRANSPORT,PHARMACIE,1,0,Dépense,Matin
TX0501766,CUST0006_SEASONAL,2024-01-09,10:13:00,Courant,Espèces,Debit,34.64,21716.68,ACHAT SUPERMARCHE,Carrefour,Meknès,MA,2024-01-09 10:13:00,2024,1,9,10,Tuesday,January,ACHAT SUPERMARCHE,CARREFOUR,1,0,Dépense,Matin
TX0501767,CUST0006_SEASONAL,2024-01-10,20:57:00,Courant,Carte,Debit,102.45,21614.23,CARBURANT,Shell,Tanger,MA,2024-01-10 20:57:00,2024,1,10,20,Wednesday,January,CARBURANT,SHELL,1,0,Dépense,Soir
TX0501768,CUST0006_SEASONAL,2024-01-10,15:11:00,Courant,Carte,Debit,138.71,21475.52,CARBURANT,Careem,Tanger,MA,2024-01-10 15:11:00,2024,1,10,15,Wednesday,January,CARBURANT,CAREEM,1,0,Dépense,Après-midi
TX0501769,CUST0006_SEASONAL,2024-01-10,10:18:00,Courant,Carte,Debit,79.46,21396.06,ACHAT SUPERMARCHE,Shell,Tanger,MA,2024-01-10 10:18:00,2024,1,10,10,Wednesday,January,ACHAT SUPERMARCHE,SHELL,1,0,Dépense,Matin
TX0501770,CUST0006_SEASONAL,2024-01-11,13:10:00,Courant,ATM,Debit,77.71,21318.35,CARBURANT,Carrefour,Fès,MA,2024-01-11 13:10:00,2024,1,11,13,Thursday,January,CARBURANT,CARREFOUR,1,0,Dépense,Après-midi
TX0501771,CUST0006_SEASONAL,2024-01-12,11:27:00,Courant,Wallet,Debit,76.12,21242.23,ACHAT EPICERIE,Careem,Fès,MA,2024-01-12 11:27:00,2024,1,12,11,Friday,January,ACHAT EPICERIE,CAREEM,1,0,Dépense,Matin
TX0501772,CUST0006_SEASONAL,2024-01-12,20:41:00,Courant,Carte,Debit,124.64,21117.59,TRANSPORT,Shell,Marrakech,MA,2024-01-12 20:41:00,2024,1,12,20,Friday,January,TRANSPORT,SHELL,1,0,Dépense,Soir
TX0501773,CUST0006_SEASONAL,2024-01-13,10:17:00,Courant,Wallet,Debit,146.01,20971.58,CARBURANT,Carrefour,Casablanca,MA,2024-01-13 10:17:00,2024,1,13,10,Saturday,January,CARBURANT,CARREFOUR,1,0,Dépense,Matin
TX0501774,CUST0006_SEASONAL,2024-01-13,14:22:00,Courant,Carte,Debit,143.02,20828.56,TRANSPORT,Carrefour,Fès,MA,2024-01-13 14:22:00,2024,1,13,14,Saturday,January,TRANSPORT,CARREFOUR,1,0,Dépense,Après-midi
TX0501775,CUST0006_SEASONAL,2024-01-14,18:46:00,Courant,Virement,Debit,116.59,20711.96,ACHAT SUPERMARCHE,Carrefour,Marrakech,MA,2024-01-14 18:46:00,2024,1,14,18,Sunday,January,ACHAT SUPERMARCHE,CARREFOUR,1,0,Dépense,Soir
TX0501776,CUST0006_SEASONAL,2024-01-14,20:24:00,Courant,Virement instantané,Debit,85.2,20626.76,TRANSPORT,Carrefour,Oujda,MA,2024-01-14 20:24:00,2024,1,14,20,Sunday,January,TRANSPORT,CARREFOUR,1,0,Dépense,Soir
TX0501777,CUST0006_SEASONAL,2024-01-14,13:15:00,Courant,Virement,Debit,158.69,20468.07,CARBURANT,Careem,Marrakech,MA,2024-01-14 13:15:00,2024,1,14,13,Sunday,January,CARBURANT,CAREEM,1,0,Dépense,Après-midi
TX0501778,CUST0006_SEASONAL,2024-01-15,16:39:00,Courant,Espèces,Debit,46.89,20421.18,ACHAT SUPERMARCHE,Carrefour,Meknès,MA,2024-01-15 16:39:00,2024,1,15,16,Monday,January,ACHAT SUPERMARCHE,CARREFOUR,1,0,Dépense,Après-midi
TX0501779,CUST0006_SEASONAL,2024-01-15,13:30:00,Courant,Wallet,Debit,130.11,20291.07,CARBURANT,BIM,Agadir,MA,2024-01-15 13:30:00,2024,1,15,13,Monday,January,CARBURANT,BIM,1,0,Dépense,Après-midi
TX0501780,CUST0006_SEASONAL,2024-01-16,15:38:00,Courant,Virement instantané,Debit,159.9,20131.17,RETRAIT ATM,Shell,Fès,MA,2024-01-16 15:38:00,2024,1,16,15,Tuesday,January,RETRAIT ATM,SHELL,1,0,Dépense,Après-midi
TX0501781,CUST0006_SEASONAL,2024-01-16,14:31:00,Courant,ATM,Debit,169.31,19961.86,CARBURANT,Careem,Tanger,MA,2024-01-16 14:31:00,2024,1,16,14,Tuesday,January,CARBURANT,CAREEM,1,0,Dépense,Après-midi
TX0501782,CUST0006_SEASONAL,2024-01-16,17:31:00,Courant,Espèces,Debit,31.25,19930.61,CARBURANT,Careem,Marrakech,MA,2024-01-16 17:31:00,2024,1,16,17,Tuesday,January,CARBURANT,CAREEM,1,0,Dépense,Après-midi
TX0501783,CUST0006_SEASONAL,2024-01-17,10:52:00,Courant,Virement instantané,Debit,155.45,19775.16,ACHAT SUPERMARCHE,Careem,Meknès,MA,2024-01-17 10:52:00,2024,1,17,10,Wednesday,January,ACHAT SUPERMARCHE,CAREEM,1,0,Dépense,Matin
TX0501784,CUST0006_SEASONAL,2024-01-17,16:00:00,Courant,Virement instantané,Debit,215.33,19559.83,TRANSPORT,BIM,Rabat,MA,2024-01-17 16:00:00,2024,1,17,16,Wednesday,January,TRANSPORT,BIM,1,0,Dépense,Après-midi
TX0501785,CUST0006_SEASONAL,2024-01-17,20:41:00,Courant,Carte,Debit,79.85,19479.98,TRANSPORT,ATM,Oujda,MA,2024-01-17 20:41:00,2024,1,17,20,Wednesday,January,TRANSPORT,ATM,1,0,Dépense,Soir
TX0501786,CUST0006_SEASONAL,2024-01-18,20:29:00,Courant,Virement,Debit,226.06,19253.92,TRANSPORT,Shell,Meknès,MA,2024-01-18 20:29:00,2024,1,18,20,Thursday,January,TRANSPORT,SHELL,1,0,Dépense,Soir
TX0501787,CUST0006_SEASONAL,2024-01-18,16:35:00,Courant,ATM,Debit,213.47,19040.45,RETRAIT ATM,Pharmacie,Marrakech,MA,2024-01-18 16:35:00,2024,1,18,16,Thursday,January,RETRAIT ATM,PHARMACIE,1,0,Dépense,Après-midi
TX0501788,CUST0006_SEASONAL,2024-01-19,14:33:00,Courant,Wallet,Debit,190.6,18849.86,RETRAIT ATM,BIM,Tanger,MA,2024-01-19 14:33:00,2024,1,19,14,Friday,January,RETRAIT ATM,BIM,1,0,Dépense,Après-midi
TX0501789,CUST0006_SEASONAL,2024-01-19,20:33:00,Courant,ATM,Debit,141.06,18708.8,ACHAT EPICERIE,Shell,Marrakech,MA,2024-01-19 20:33:00,2024,1,19,20,Friday,January,ACHAT EPICERIE,SHELL,1,0,Dépense,Soir
TX0501790,CUST0006_SEASONAL,2024-01-20,18:09:00,Courant,Virement,Debit,166.3,18542.49,RETRAIT ATM,Shell,Rabat,MA,2024-01-20 18:09:00,2024,1,20,18,Saturday,January,RETRAIT ATM,SHELL,1,0,Dépense,Soir
TX0501791,CUST0006_SEASONAL,2024-01-21,16:50:00,Courant,Virement instantané,Debit,122.85,18419.64,CARBURANT,ATM,Fès,MA,2024-01-21 16:50:00,2024,1,21,16,Sunday,January,CARBURANT,ATM,1,0,Dépense,Après-midi
TX0501792,CUST0006_SEASONAL,2024-01-21,15:34:00,Courant,Wallet,Debit,147.49,18272.15,ACHAT SUPERMARCHE,Shell,Meknès,MA,2024-01-21 15:34:00,2024,1,21,15,Sunday,January,ACHAT SUPERMARCHE,SHELL,1,0,Dépense,Après-midi
TX0501793,CUST0006_SEASONAL,2024-01-22,20:31:00,Courant,Espèces,Debit,116.61,18155.54,CARBURANT,Shell,Oujda,MA,2024-01-22 20:31:00,2024,1,22,20,Monday,January,CARBURANT,SHELL,1,0,Dépense,Soir
TX0501794,CUST0006_SEASONAL,2024-01-22,11:33:00,Courant,Virement,Debit,154.53,18001.01,TRANSPORT,Shell,Oujda,MA,2024-01-22 11:33:00,2024,1,22,11,Monday,January,TRANSPORT,SHELL,1,0,Dépense,Matin
TX0501795,CUST0006_SEASONAL,2024-01-23,14:48:00,Courant,Carte,Debit,186.77,17814.24,ACHAT SUPERMARCHE,ATM,Marrakech,MA,2024-01-23 14:48:00,2024,1,23,14,Tuesday,January,ACHAT SUPERMARCHE,ATM,1,0,Dépense,Après-midi
TX0501796,CUST0006_SEASONAL,2024-01-23,12:43:00,Courant,Wallet,Debit,136.52,17677.72,CARBURANT,Careem,Agadir,MA,2024-01-23 12:43:00,2024,1,23,12,Tuesday,January,CARBURANT,CAREEM,1,0,Dépense,Après-midi
TX0501797,CUST0006_SEASONAL,2024-01-24,19:40:00,Courant,ATM,Debit,208.84,17468.88,CARBURANT,Carrefour,Tanger,MA,2024-01-24 19:40:00,2024,1,24,19,Wednesday,January,CARBURANT,CARREFOUR,1,0,Dépense,Soir
TX0501798,CUST0006_SEASONAL,2024-01-24,19:54:00,Courant,Virement instantané,Debit,137.25,17331.63,TRANSPORT,Shell,Meknès,MA,2024-01-24 19:54:00,2024,1,24,19,Wednesday,January,TRANSPORT,SHELL,1,0,Dépense,Soir
TX0501799,CUST0006_SEASONAL,2024-01-25,19:51:00,Courant,Wallet,Debit,167.18,17164.44,ACHAT EPICERIE,Careem,Oujda,MA,2024-01-25 19:51:00,2024,1,25,19,Thursday,January,ACHAT EPICERIE,CAREEM,1,0,Dépense,Soir
TX0501800,CUST0006_SEASONAL,2024-01-26,11:08:00,Courant,Carte,Debit,63.51,17100.93,TRANSPORT,ATM,Meknès,MA,2024-01-26 11:08:00,2024,1,26,11,Friday,January,TRANSPORT,ATM,1,0,Dépense,Matin
TX0501801,CUST0006_SEASONAL,2024-01-26,14:43:00,Courant,Virement,Debit,140.31,16960.63,TRANSPORT,ATM,Casablanca,MA,2024-01-26 14:43:00,2024,1,26,14,Friday,January,TRANSPORT,ATM,1,0,Dépense,Après-midi
TX0501802,CUST0006_SEASONAL,2024-01-26,19:47:00,Courant,ATM,Debit,199.35,16761.27,RETRAIT ATM,Shell,Meknès,MA,2024-01-26 19:47:00,2024,1,26,19,Friday,January,RETRAIT ATM,SHELL,1,0,Dépense,Soir
TX0501803,CUST0006_SEASONAL,2024-01-27,10:09:00,Courant,Espèces,Debit,185.28,16575.99,RETRAIT ATM,BIM,Agadir,MA,2024-01-27 10:09:00,2024,1,27,10,Saturday,January,RETRAIT ATM,BIM,1,0,Dépense,Matin
TX0501804,CUST0006_SEASONAL,2024-01-27,19:18:00,Courant,Virement instantané,Debit,234.91,16341.08,CARBURANT,BIM,Rabat,MA,2024-01-27 19:18:00,2024,1,27,19,Saturday,January,CARBURANT,BIM,1,0,Dépense,Soir
TX0501805,CUST0006_SEASONAL,2024-01-27,19:06:00,Courant,Virement instantané,Debit,157.71,16183.37,TRANSPORT,BIM,Agadir,MA,2024-01-27 19:06:00,2024,1,27,19,Saturday,January,TRANSPORT,BIM,1,0,Dépense,Soir
TX0501806,CUST0006_SEASONAL,2024-01-27,08:49:00,Courant,Carte,Debit,221.7,15961.67,TRANSPORT,Carrefour,Agadir,MA,2024-01-27 08:49:00,2024,1,27,8,Saturday,January,TRANSPORT,CARREFOUR,1,0,Dépense,Matin
TX0501807,CUST0006_SEASONAL,2024-01-28,15:43:00,Courant,ATM,Debit,144.61,15817.06,CARBURANT,ATM,Agadir,MA,2024-01-28 15:43:00,2024,1,28,15,Sunday,January,CARBURANT,ATM,1,0,Dépense,Après-midi
TX0501808,CUST0006_SEASONAL,2024-01-29,12:02:00,Courant,Espèces,Debit,153.79,15663.27,ACHAT EPICERIE,Careem,Rabat,MA,2024-01-29 12:02:00,2024,1,29,12,Monday,January,ACHAT EPICERIE,CAREEM,1,0,Dépense,Après-midi
TX0501809,CUST0006_SEASONAL,2024-01-29,18:48:00,Courant,ATM,Debit,53.18,15610.08,TRANSPORT,Pharmacie,Marrakech,MA,2024-01-29 18:48:00,2024,1,29,18,Monday,January,TRANSPORT,PHARMACIE,1,0,Dépense,Soir
TX0501810,CUST0006_SEASONAL,2024-01-30,14:25:00,Courant,Espèces,Debit,159.06,15451.02,ACHAT EPICERIE,Shell,Tanger,MA,2024-01-30 14:25:00,2024,1,30,14,Tuesday,January,ACHAT EPICERIE,SHELL,1,0,Dépense,Après-midi
TX0501811,CUST0006_SEASONAL,2024-01-30,19:02:00,Courant,Wallet,Debit,80.87,15370.15,CARBURANT,Carrefour,Meknès,MA,2024-01-30 19:02:00,2024,1,30,19,Tuesday,January,CARBURANT,CARREFOUR,1,0,Dépense,Soir
TX0501812,CUST0006_SEASONAL,2024-01-31,12:50:00,Courant,Virement instantané,Debit,176.13,15194.01,TRANSPORT,Carrefour,Agadir,MA,2024-01-31 12:50:00,2024,1,31,12,Wednesday,January,TRANSPORT,CARREFOUR,1,0,Dépense,Après-midi
TX0501813,CUST0006_SEASONAL,2024-01-31,19:38:00,Courant,Wallet,Debit,58.44,15135.58,CARBURANT,Careem,Marrakech,MA,2024-01-31 19:38:00,2024,1,31,19,Wednesday,January,CARBURANT,CAREEM,1,0,Dépense,Soir
TX0501814,CUST0006_SEASONAL,2024-02-01,18:56:00,Salaire,Virement instantané,Credit,10289.0,25424.58,virement employeur,Salaire,Marrakech,MA,2024-02-01 18:56:00,2024,2,1,18,Thursday,February,VIREMENT EMPLOYEUR,SALAIRE,0,1,Revenu,Soir
TX0501816,CUST0006_SEASONAL,2024-02-01,18:56:00,Courant,Wallet,Debit,246.16,25178.41,TRANSPORT,BIM,Oujda,MA,2024-02-01 18:56:00,2024,2,1,18,Thursday,February,TRANSPORT,BIM,1,0,Dépense,Soir
TX0501816,CUST0006_SEASONAL,2024-02-01,12:11:00,Courant,ATM,Debit,204.53,24973.88,ACHAT SUPERMARCHE,ATM,Meknès,MA,2024-02-01 12:11:00,2024,2,1,12,Thursday,February,ACHAT SUPERMARCHE,ATM,1,0,Dépense,Après-midi
TX0501817,CUST0006_SEASONAL,2024-02-01,11:32:00,Courant,Espèces,Debit,248.69,24725.2,CARBURANT,ATM,Casablanca,MA,2024-02-01 11:32:00,2024,2,1,11,Thursday,February,CARBURANT,ATM,1,0,Dépense,Matin
TX0501818,CUST0006_SEASONAL,2024-02-02,13:17:00,Courant,Virement,Debit,47.71,24677.48,RETRAIT ATM,Carrefour,Rabat,MA,2024-02-02 13:17:00,2024,2,2,13,Friday,February,RETRAIT ATM,CARREFOUR,1,0,Dépense,Après-midi
TX0501819,CUST0006_SEASONAL,2024-02-02,19:44:00,Courant,Virement,Debit,156.82,24520.66,TRANSPORT,Pharmacie,Tanger,MA,2024-02-02 19:44:00,2024,2,2,19,Friday,February,TRANSPORT,PHARMACIE,1,0,Dépense,Soir
TX0501820,CUST0006_SEASONAL,2024-02-02,17:58:00,Courant,Virement instantané,Debit,135.76,24384.91,CARBURANT,Shell,Tanger,MA,2024-02-02 17:58:00,2024,2,2,17,Friday,February,CARBURANT,SHELL,1,0,Dépense,Après-midi
TX0501821,CUST0006_SEASONAL,2024-02-03,08:25:00,Courant,Carte,Debit,186.33,24198.57,TRANSPORT,Shell,Agadir,MA,2024-02-03 08:25:00,2024,2,3,8,Saturday,February,TRANSPORT,SHELL,1,0,Dépense,Matin
TX0501822,CUST0006_SEASONAL,2024-02-03,13:11:00,Courant,Espèces,Debit,149.99,24048.58,ACHAT SUPERMARCHE,BIM,Marrakech,MA,2024-02-03 13:11:00,2024,2,3,13,Saturday,February,ACHAT SUPERMARCHE,BIM,1,0,Dépense,Après-midi
TX0501823,CUST0006_SEASONAL,2024-02-04,12:30:00,Courant,Espèces,Debit,98.55,23950.03,CARBURANT,Carrefour,Agadir,MA,2024-02-04 12:30:00,2024,2,4,12,Sunday,February,CARBURANT,CARREFOUR,1,0,Dépense,Après-midi
TX0501824,CUST0006_SEASONAL,2024-02-04,12:53:00,Courant,ATM,Debit,96.05,23853.98,ACHAT SUPERMARCHE,ATM,Marrakech,MA,2024-02-04 12:53:00,2024,2,4,12,Sunday,February,ACHAT SUPERMARCHE,ATM,1,0,Dépense,Après-midi
TX0501825,CUST0006_SEASONAL,2024-02-05,10:20:00,Courant,ATM,Debit,114.11,23739.86,ACHAT SUPERMARCHE,Pharmacie,Rabat,MA,2024-02-05 10:20:00,2024,2,5,10,Monday,February,ACHAT SUPERMARCHE,PHARMACIE,1,0,Dépense,Matin
TX0501826,CUST0006_SEASONAL,2024-02-05,18:55:00,Courant,Carte,Debit,223.65,23516.21,RETRAIT ATM,Careem,Oujda,MA,2024-02-05 18:55:00,2024,2,5,18,Monday,February,RETRAIT ATM,CAREEM,1,0,Dépense,Soir
TX0501827,CUST0006_SEASONAL,2024-02-06,14:19:00,Courant,Virement,Debit,60.3,23455.91,RETRAIT ATM,ATM,Fès,MA,2024-02-06 14:19:00,2024,2,6,14,Tuesday,February,RETRAIT ATM,ATM,1,0,Dépense,Après-midi
TX0501828,CUST0006_SEASONAL,2024-02-06,20:11:00,Courant,ATM,Debit,81.14,23374.78,CARBURANT,BIM,Rabat,MA,2024-02-06 20:11:00,2024,2,6,20,Tuesday,February,CARBURANT,BIM,1,0,Dépense,Soir
TX0501829,CUST0006_SEASONAL,2024-02-07,14:06:00,Courant,Carte,Debit,206.08,23168.69,CARBURANT,Shell,Fès,MA,2024-02-07 14:06:00,2024,2,7,14,Wednesday,February,CARBURANT,SHELL,1,0,Dépense,Après-midi
TX0501830,CUST0006_SEASONAL,2024-02-07,11:17:00,Courant,Espèces,Debit,123.39,23045.3,TRANSPORT,Careem,Fès,MA,2024-02-07 11:17:00,2024,2,7,11,Wednesday,February,TRANSPORT,CAREEM,1,0,Dépense,Matin
TX0501831,CUST0006_SEASONAL,2024-02-08,09:22:00,Courant,Virement instantané,Debit,202.26,22843.03,ACHAT SUPERMARCHE,BIM,Rabat,MA,2024-02-08 09:22:00,2024,2,8,9,Thursday,February,ACHAT SUPERMARCHE,BIM,1,0,Dépense,Matin
TX0501832,CUST0006_SEASONAL,2024-02-08,13:41:00,Courant,Wallet,Debit,118.49,22724.55,ACHAT EPICERIE,Pharmacie,Marrakech,MA,2024-02-08 13:41:00,2024,2,8,13,Thursday,February,ACHAT EPICERIE,PHARMACIE,1,0,Dépense,Après-midi
TX0501833,CUST0006_SEASONAL,2024-02-08,15:57:00,Courant,Virement instantané,Debit,226.95,22497.6,ACHAT SUPERMARCHE,BIM,Tanger,MA,2024-02-08 15:57:00,2024,2,8,15,Thursday,February,ACHAT SUPERMARCHE,BIM,1,0,Dépense,Après-midi
TX0501834,CUST0006_SEASONAL,2024-02-09,13:23:00,Courant,ATM,Debit,188.87,22308.73,CARBURANT,Carrefour,Casablanca,MA,2024-02-09 13:23:00,2024,2,9,13,Friday,February,CARBURANT,CARREFOUR,1,0,Dépense,Après-midi
TX0501835,CUST0006_SEASONAL,2024-02-09,10:24:00,Courant,Carte,Debit,146.45,22162.28,RETRAIT ATM,Pharmacie,Agadir,MA,2024-02-09 10:24:00,2024,2,9,10,Friday,February,RETRAIT ATM,PHARMACIE,1,0,Dépense,Matin
TX0501836,CUST0006_SEASONAL,2024-02-09,20:06:00,Courant,ATM,Debit,159.23,22003.05,RETRAIT ATM,Careem,Rabat,MA,2024-02-09 20:06:00,2024,2,9,20,Friday,February,RETRAIT ATM,CAREEM,1,0,Dépense,Soir
TX0501837,CUST0006_SEASONAL,2024-02-10,15:20:00,Courant,Virement instantané,Debit,249.7,21753.34,ACHAT EPICERIE,Shell,Agadir,MA,2024-02-10 15:20:00,2024,2,10,15,Saturday,February,ACHAT EPICERIE,SHELL,1,0,Dépense,Après-midi
TX0501838,CUST0006_SEASONAL,2024-02-10,13:05:00,Courant,Espèces,Debit,226.97,21526.38,RETRAIT ATM,Shell,Marrakech,MA,2024-02-10 13:05:00,2024,2,10,13,Saturday,February,RETRAIT ATM,SHELL,1,0,Dépense,Après-midi
TX0501839,CUST0006_SEASONAL,2024-02-11,14:51:00,Courant,Espèces,Debit,54.82,21471.56,ACHAT EPICERIE,Carrefour,Meknès,MA,2024-02-11 14:51:00,2024,2,11,14,Sunday,February,ACHAT EPICERIE,CARREFOUR,1,0,Dépense,Après-midi
TX0501840,CUST0006_SEASONAL,2024-02-11,15:41:00,Courant,Carte,Debit,195.98,21275.58,ACHAT SUPERMARCHE,Carrefour,Agadir,MA,2024-02-11 15:41:00,2024,2,11,15,Sunday,February,ACHAT SUPERMARCHE,CARREFOUR,1,0,Dépense,Après-midi
TX0501841,CUST0006_SEASONAL,2024-02-11,16:37:00,Courant,ATM,Debit,67.97,21207.62,CARBURANT,Careem,Casablanca,MA,2024-02-11 16:37:00,2024,2,11,16,Sunday,February,CARBURANT,CAREEM,1,0,Dépense,Après-midi
TX0501842,CUST0006_SEASONAL,2024-02-12,08:46:00,Courant,Espèces,Debit,221.67,20985.95,ACHAT SUPERMARCHE,ATM,Marrakech,MA,2024-02-12 08:46:00,2024,2,12,8,Monday,February,ACHAT SUPERMARCHE,ATM,1,0,Dépense,Matin
TX0501843,CUST0006_SEASONAL,2024-02-12,13:15:00,Courant,Wallet,Debit,169.83,20816.11,ACHAT EPICERIE,ATM,Rabat,MA,2024-02-12 13:15:00,2024,2,12,13,Monday,February,ACHAT EPICERIE,ATM,1,0,Dépense,Après-midi
TX0501844,CUST0006_SEASONAL,2024-02-13,09:31:00,Courant,Carte,Debit,164.33,20651.78,ACHAT SUPERMARCHE,Shell,Marrakech,MA,2024-02-13 09:31:00,2024,2,13,9,Tuesday,February,ACHAT SUPERMARCHE,SHELL,1,0,Dépense,Matin
TX0501845,CUST0006_SEASONAL,2024-02-13,09:02:00,Courant,Virement instantané,Debit,189.87,20461.91,ACHAT EPICERIE,ATM,Marrakech,MA,2024-02-13 09:02:00,2024,2,13,9,Tuesday,February,ACHAT EPICERIE,ATM,1,0,Dépense,Matin
TX0501846,CUST0006_SEASONAL,2024-02-13,11:57:00,Courant,ATM,Debit,141.72,20320.19,TRANSPORT,Carrefour,Casablanca,MA,2024-02-13 11:57:00,2024,2,13,11,Tuesday,February,TRANSPORT,CARREFOUR,1,0,Dépense,Matin
TX0501847,CUST0006_SEASONAL,2024-02-14,08:30:00,Courant,Espèces,Debit,132.82,20187.37,ACHAT SUPERMARCHE,ATM,Oujda,MA,2024-02-14 08:30:00,2024,2,14,8,Wednesday,February,ACHAT SUPERMARCHE,ATM,1,0,Dépense,Matin
TX0501848,CUST0006_SEASONAL,2024-02-14,19:38:00,Courant,Espèces,Debit,64.07,20123.3,ACHAT EPICERIE,ATM,Oujda,MA,2024-02-14 19:38:00,2024,2,14,19,Wednesday,February,ACHAT EPICERIE,ATM,1,0,Dépense,Soir
TX0501849,CUST0006_SEASONAL,2024-02-14,08:17:00,Courant,ATM,Debit,62.15,20061.15,RETRAIT ATM,Carrefour,Oujda,MA,2024-02-14 08:17:00,2024,2,14,8,Wednesday,February,RETRAIT ATM,CARREFOUR,1,0,Dépense,Matin
TX0501850,CUST0006_SEASONAL,2024-02-15,09:25:00,Courant,Virement,Debit,191.51,19869.64,ACHAT EPICERIE,Careem,Casablanca,MA,2024-02-15 09:25:00,2024,2,15,9,Thursday,February,ACHAT EPICERIE,CAREEM,1,0,Dépense,Matin
TX0501851,CUST0006_SEASONAL,2024-02-15,09:16:00,Courant,Virement instantané,Debit,54.52,19815.12,TRANSPORT,ATM,Meknès,MA,2024-02-15 09:16:00,2024,2,15,9,Thursday,February,TRANSPORT,ATM,1,0,Dépense,Matin
TX0501852,CUST0006_SEASONAL,2024-02-16,20:20:00,Courant,ATM,Debit,230.74,19584.38,RETRAIT ATM,BIM,Oujda,MA,2024-02-16 20:20:00,2024,2,16,20,Friday,February,RETRAIT ATM,BIM,1,0,Dépense,Soir
TX0501853,CUST0006_SEASONAL,2024-02-16,16:49:00,Courant,Virement,Debit,59.58,19524.8,ACHAT EPICERIE,BIM,Agadir,MA,2024-02-16 16:49:00,2024,2,16,16,Friday,February,ACHAT EPICERIE,BIM,1,0,Dépense,Après-midi
TX0501854,CUST0006_SEASONAL,2024-02-16,08:17:00,Courant,Carte,Debit,227.02,19297.78,ACHAT SUPERMARCHE,Carrefour,Agadir,MA,2024-02-16 08:17:00,2024,2,16,8,Friday,February,ACHAT SUPERMARCHE,CARREFOUR,1,0,Dépense,Matin
TX0501855,CUST0006_SEASONAL,2024-02-16,17:03:00,Courant,Espèces,Debit,63.57,19234.2,ACHAT SUPERMARCHE,Careem,Fès,MA,2024-02-16 17:03:00,2024,2,16,17,Friday,February,ACHAT SUPERMARCHE,CAREEM,1,0,Dépense,Après-midi
TX0501856,CUST0006_SEASONAL,2024-02-17,13:54:00,Courant,Carte,Debit,207.79,19026.42,ACHAT SUPERMARCHE,Carrefour,Marrakech,MA,2024-02-17 13:54:00,2024,2,17,13,Saturday,February,ACHAT SUPERMARCHE,CARREFOUR,1,0,Dépense,Après-midi
TX0501857,CUST0006_SEASONAL,2024-02-17,11:27:00,Courant,Espèces,Debit,124.24,18902.17,TRANSPORT,Shell,Meknès,MA,2024-02-17 11:27:00,2024,2,17,11,Saturday,February,TRANSPORT,SHELL,1,0,Dépense,Matin
TX0501858,CUST0006_SEASONAL,2024-02-18,16:34:00,Courant,Espèces,Debit,112.46,18789.71,RETRAIT ATM,Carrefour,Casablanca,MA,2024-02-18 16:34:00,2024,2,18,16,Sunday,February,RETRAIT ATM,CARREFOUR,1,0,Dépense,Après-midi
TX0501859,CUST0006_SEASONAL,2024-02-18,10:24:00,Courant,Carte,Debit,179.06,18610.65,RETRAIT ATM,Careem,Agadir,MA,2024-02-18 10:24:00,2024,2,18,10,Sunday,February,RETRAIT ATM,CAREEM,1,0,Dépense,Matin
TX0501860,CUST0006_SEASONAL,2024-02-19,18:26:00,Courant,Virement,Debit,137.06,18473.59,RETRAIT ATM,Careem,Agadir,MA,2024-02-19 18:26:00,2024,2,19,18,Monday,February,RETRAIT ATM,CAREEM,1,0,Dépense,Soir
TX0501861,CUST0006_SEASONAL,2024-02-20,08:36:00,Courant,Wallet,Debit,206.09,18267.5,TRANSPORT,Careem,Casablanca,MA,2024-02-20 08:36:00,2024,2,20,8,Tuesday,February,TRANSPORT,CAREEM,1,0,Dépense,Matin
TX0501862,CUST0006_SEASONAL,2024-02-20,09:34:00,Courant,Virement instantané,Debit,232.55,18034.95,ACHAT SUPERMARCHE,BIM,Marrakech,MA,2024-02-20 09:34:00,2024,2,20,9,Tuesday,February,ACHAT SUPERMARCHE,BIM,1,0,Dépense,Matin
TX0501863,CUST0006_SEASONAL,2024-02-21,17:34:00,Courant,Wallet,Debit,130.85,17904.09,ACHAT SUPERMARCHE,Carrefour,Fès,MA,2024-02-21 17:34:00,2024,2,21,17,Wednesday,February,ACHAT SUPERMARCHE,CARREFOUR,1,0,Dépense,Après-midi
TX0501864,CUST0006_SEASONAL,2024-02-21,13:10:00,Courant,Wallet,Debit,230.68,17673.41,TRANSPORT,BIM,Agadir,MA,2024-02-21 13:10:00,2024,2,21,13,Wednesday,February,TRANSPORT,BIM,1,0,Dépense,Après-midi
TX0501865,CUST0006_SEASONAL,2024-02-22,16:12:00,Courant,Espèces,Debit,165.85,17507.56,ACHAT EPICERIE,Shell,Rabat,MA,2024-02-22 16:12:00,2024,2,22,16,Thursday,February,ACHAT EPICERIE,SHELL,1,0,Dépense,Après-midi
TX0501866,CUST0006_SEASONAL,2024-02-23,11:26:00,Courant,Virement,Debit,59.64,17447.92,TRANSPORT,ATM,Casablanca,MA,2024-02-23 11:26:00,2024,2,23,11,Friday,February,TRANSPORT,ATM,1,0,Dépense,Matin
TX0501867,CUST0006_SEASONAL,2024-02-23,13:52:00,Courant,Wallet,Debit,234.77,17213.15,ACHAT EPICERIE,ATM,Fès,MA,2024-02-23 13:52:00,2024,2,23,13,Friday,February,ACHAT EPICERIE,ATM,1,0,Dépense,Après-midi
TX0501868,CUST0006_SEASONAL,2024-02-24,15:48:00,Courant,Espèces,Debit,142.89,17070.26,ACHAT EPICERIE,Shell,Marrakech,MA,2024-02-24 15:48:00,2024,2,24,15,Saturday,February,ACHAT EPICERIE,SHELL,1,0,Dépense,Après-midi
TX0501869,CUST0006_SEASONAL,2024-02-24,13:40:00,Courant,Virement,Debit,107.26,16963.0,RETRAIT ATM,Careem,Fès,MA,2024-02-24 13:40:00,2024,2,24,13,Saturday,February,RETRAIT ATM,CAREEM,1,0,Dépense,Après-midi
TX0501870,CUST0006_SEASONAL,2024-02-24,16:57:00,Courant,Espèces,Debit,193.03,16769.97,RETRAIT ATM,ATM,Casablanca,MA,2024-02-24 16:57:00,2024,2,24,16,Saturday,February,RETRAIT ATM,ATM,1,0,Dépense,Après-midi
TX0501871,CUST0006_SEASONAL,2024-02-24,14:29:00,Courant,Virement instantané,Debit,35.07,16734.9,ACHAT EPICERIE,ATM,Rabat,MA,2024-02-24 14:29:00,2024,2,24,14,Saturday,February,ACHAT EPICERIE,ATM,1,0,Dépense,Après-midi
TX0501872,CUST0006_SEASONAL,2024-02-25,09:56:00,Courant,Espèces,Debit,183.93,16550.97,TRANSPORT,Carrefour,Oujda,MA,2024-02-25 09:56:00,2024,2,25,9,Sunday,February,TRANSPORT,CARREFOUR,1,0,Dépense,Matin
TX0501873,CUST0006_SEASONAL,2024-02-25,08:38:00,Courant,Carte,Debit,48.29,16502.68,ACHAT SUPERMARCHE,Pharmacie,Meknès,MA,2024-02-25 08:38:00,2024,2,25,8,Sunday,February,ACHAT SUPERMARCHE,PHARMACIE,1,0,Dépense,Matin
TX0501874,CUST0006_SEASONAL,2024-02-26,14:37:00,Courant,Carte,Debit,96.19,16406.49,ACHAT SUPERMARCHE,Shell,Agadir,MA,2024-02-26 14:37:00,2024,2,26,14,Monday,February,ACHAT SUPERMARCHE,SHELL,1,0,Dépense,Après-midi
TX0501875,CUST0006_SEASONAL,2024-02-26,10:05:00,Courant,Virement instantané,Debit,125.49,16281.0,ACHAT SUPERMARCHE,Careem,Marrakech,MA,2024-02-26 10:05:00,2024,2,26,10,Monday,February,ACHAT SUPERMARCHE,CAREEM,1,0,Dépense,Matin
TX0501876,CUST0006_SEASONAL,2024-02-27,15:03:00,Courant,Virement instantané,Debit,210.92,16070.08,ACHAT SUPERMARCHE,Careem,Tanger,MA,2024-02-27 15:03:00,2024,2,27,15,Tuesday,February,ACHAT SUPERMARCHE,CAREEM,1,0,Dépense,Après-midi
TX0501877,CUST0006_SEASONAL,2024-02-28,11:19:00,Courant,Wallet,Debit,164.06,15906.02,ACHAT SUPERMARCHE,Careem,Agadir,MA,2024-02-28 11:19:00,2024,2,28,11,Wednesday,February,ACHAT SUPERMARCHE,CAREEM,1,0,Dépense,Matin
TX0501878,CUST0006_SEASONAL,2024-02-28,12:03:00,Courant,Espèces,Debit,249.41,15656.61,RETRAIT ATM,Careem,Marrakech,MA,2024-02-28 12:03:00,2024,2,28,12,Wednesday,February,RETRAIT ATM,CAREEM,1,0,Dépense,Après-midi
TX0501879,CUST0006_SEASONAL,2024-02-29,13:36:00,Courant,Virement,Debit,126.08,15530.53,ACHAT EPICERIE,Carrefour,Rabat,MA,2024-02-29 13:36:00,2024,2,29,13,Thursday,February,ACHAT EPICERIE,CARREFOUR,1,0,Dépense,Après-midi
TX0501880,CUST0006_SEASONAL,2024-02-29,09:35:00,Courant,Wallet,Debit,30.67,15499.86,ACHAT EPICERIE,ATM,Agadir,MA,2024-02-29 09:35:00,2024,2,29,9,Thursday,February,ACHAT EPICERIE,ATM,1,0,Dépense,Matin
TX0501881,CUST0006_SEASONAL,2024-02-29,11:42:00,Courant,ATM,Debit,182.78,15317.08,ACHAT EPICERIE,Shell,Tanger,MA,2024-02-29 11:42:00,2024,2,29,11,Thursday,February,ACHAT EPICERIE,SHELL,1,0,Dépense,Matin
TX0501882,CUST0006_SEASONAL,2024-03-01,08:18:00,Salaire,Virement instantané,Credit,15488.0,30805.08,virement employeur,Salaire,Oujda,MA,2024-03-01 08:18:00,2024,3,1,8,Friday,March,VIREMENT EMPLOYEUR,SALAIRE,0,1,Revenu,Matin
TX0501884,CUST0006_SEASONAL,2024-03-01,08:18:00,Courant,Virement instantané,Debit,753.97,30051.11,ACHAT RAMADAN,H&M,Casablanca,MA,2024-03-01 08:18:00,2024,3,1,8,Friday,March,ACHAT RAMADAN,H&M,1,0,Dépense,Matin
TX0501884,CUST0006_SEASONAL,2024-03-01,13:17:00,Courant,Espèces,Debit,1499.77,28551.34,ACHAT RAMADAN,McDonald's,Rabat,MA,2024-03-01 13:17:00,2024,3,1,13,Friday,March,ACHAT RAMADAN,MCDONALD'S,1,0,Dépense,Après-midi
TX0501885,CUST0006_SEASONAL,2024-03-02,12:56:00,Courant,ATM,Debit,877.7,27673.64,ACHAT RAMADAN,Hôtel Kenzi,Casablanca,MA,2024-03-02 12:56:00,2024,3,2,12,Saturday,March,ACHAT RAMADAN,HÔTEL KENZI,1,0,Dépense,Après-midi
TX0501886,CUST0006_SEASONAL,2024-03-02,15:36:00,Courant,Carte,Debit,1297.31,26376.34,VOYAGE MAROC,Voyages Atlas,Oujda,MA,2024-03-02 15:36:00,2024,3,2,15,Saturday,March,VOYAGE MAROC,VOYAGES ATLAS,1,0,Dépense,Après-midi
TX0501887,CUST0006_SEASONAL,2024-03-03,13:41:00,Courant,Virement instantané,Debit,1428.47,24947.87,HOTEL RESERVATION,Voyages Atlas,Agadir,MA,2024-03-03 13:41:00,2024,3,3,13,Sunday,March,HOTEL RESERVATION,VOYAGES ATLAS,1,0,Dépense,Après-midi
TX0501888,CUST0006_SEASONAL,2024-03-04,14:00:00,Courant,Carte,Debit,942.5,24005.37,ACHAT ETE,Zara,Marrakech,MA,2024-03-04 14:00:00,2024,3,4,14,Monday,March,ACHAT ETE,ZARA,1,0,Dépense,Après-midi
TX0501889,CUST0006_SEASONAL,2024-03-04,11:25:00,Courant,Virement,Debit,840.7,23164.67,HOTEL RESERVATION,Marjane,Oujda,MA,2024-03-04 11:25:00,2024,3,4,11,Monday,March,HOTEL RESERVATION,MARJANE,1,0,Dépense,Matin
TX0501890,CUST0006_SEASONAL,2024-03-05,18:18:00,Courant,Carte,Debit,1260.46,21904.21,RESTAURANT ETE,Voyages Atlas,Marrakech,MA,2024-03-05 18:18:00,2024,3,5,18,Tuesday,March,RESTAURANT ETE,VOYAGES ATLAS,1,0,Dépense,Soir
TX0501891,CUST0006_SEASONAL,2024-03-06,15:02:00,Courant,Espèces,Debit,1020.69,20883.53,HOTEL RESERVATION,Voyages Atlas,Fès,MA,2024-03-06 15:02:00,2024,3,6,15,Wednesday,March,HOTEL RESERVATION,VOYAGES ATLAS,1,0,Dépense,Après-midi
TX0501892,CUST0006_SEASONAL,2024-03-06,17:16:00,Courant,Carte,Debit,1373.19,19510.34,ACHAT RAMADAN,Carrefour,Rabat,MA,2024-03-06 17:16:00,2024,3,6,17,Wednesday,March,ACHAT RAMADAN,CARREFOUR,1,0,Dépense,Après-midi
TX0501893,CUST0006_SEASONAL,2024-03-07,17:04:00,Courant,Carte,Debit,1389.28,18121.06,ACHAT ETE,Marjane,Tanger,MA,2024-03-07 17:04:00,2024,3,7,17,Thursday,March,ACHAT ETE,MARJANE,1,0,Dépense,Après-midi
TX0501894,CUST0006_SEASONAL,2024-03-08,19:28:00,Courant,Carte,Debit,612.91,17508.15,RESTAURANT ETE,Voyages Atlas,Agadir,MA,2024-03-08 19:28:00,2024,3,8,19,Friday,March,RESTAURANT ETE,VOYAGES ATLAS,1,0,Dépense,Soir
TX0501895,CUST0006_SEASONAL,2024-03-09,20:04:00,Courant,ATM,Debit,664.03,16844.12,ACHAT ETE,Restaurant Gastronomique,Casablanca,MA,2024-03-09 20:04:00,2024,3,9,20,Saturday,March,ACHAT ETE,RESTAURANT GASTRONOMIQUE,1,0,Dépense,Soir
TX0501896,CUST0006_SEASONAL,2024-03-09,18:27:00,Courant,Virement,Debit,1296.48,15547.64,VOYAGE MAROC,Restaurant Gastronomique,Marrakech,MA,2024-03-09 18:27:00,2024,3,9,18,Saturday,March,VOYAGE MAROC,RESTAURANT GASTRONOMIQUE,1,0,Dépense,Soir
TX0501897,CUST0006_SEASONAL,2024-03-10,10:36:00,Courant,ATM,Debit,1440.54,14107.1,ACHAT ETE,Zara,Fès,MA,2024-03-10 10:36:00,2024,3,10,10,Sunday,March,ACHAT ETE,ZARA,1,0,Dépense,Matin
TX0501898,CUST0006_SEASONAL,2024-03-11,17:13:00,Courant,ATM,Debit,1983.61,12123.49,RESTAURANT ETE,Hôtel Kenzi,Meknès,MA,2024-03-11 17:13:00,2024,3,11,17,Monday,March,RESTAURANT ETE,HÔTEL KENZI,1,0,Dépense,Après-midi
TX0501899,CUST0006_SEASONAL,2024-03-11,20:15:00,Courant,Virement instantané,Debit,1106.9,11016.59,HOTEL RESERVATION,Hôtel Kenzi,Casablanca,MA,2024-03-11 20:15:00,2024,3,11,20,Monday,March,HOTEL RESERVATION,HÔTEL KENZI,1,0,Dépense,Soir
TX0501900,CUST0006_SEASONAL,2024-03-11,20:52:00,Courant,Espèces,Debit,1050.07,9966.52,ACHAT RAMADAN,Marjane,Oujda,MA,2024-03-11 20:52:00,2024,3,11,20,Monday,March,ACHAT RAMADAN,MARJANE,1,0,Dépense,Soir
TX0501901,CUST0006_SEASONAL,2024-03-12,20:35:00,Courant,Carte,Debit,1558.44,8408.08,RESTAURANT ETE,McDonald's,Fès,MA,2024-03-12 20:35:00,2024,3,12,20,Tuesday,March,RESTAURANT ETE,MCDONALD'S,1,0,Dépense,Soir
TX0501902,CUST0006_SEASONAL,2024-03-12,08:35:00,Courant,Carte,Debit,953.9,7454.18,HOTEL RESERVATION,H&M,Rabat,MA,2024-03-12 08:35:00,2024,3,12,8,Tuesday,March,HOTEL RESERVATION,H&M,1,0,Dépense,Matin
TX0501903,CUST0006_SEASONAL,2024-03-12,17:35:00,Courant,ATM,Debit,769.39,6684.79,ACHAT RAMADAN,Restaurant Gastronomique,Agadir,MA,2024-03-12 17:35:00,2024,3,12,17,Tuesday,March,ACHAT RAMADAN,RESTAURANT GASTRONOMIQUE,1,0,Dépense,Après-midi
TX0501904,CUST0006_SEASONAL,2024-03-13,17:15:00,Courant,Wallet,Debit,587.95,6096.84,VOYAGE MAROC,H&M,Tanger,MA,2024-03-13 17:15:00,2024,3,13,17,Wednesday,March,VOYAGE MAROC,H&M,1,0,Dépense,Après-midi
TX0501905,CUST0006_SEASONAL,2024-03-13,08:40:00,Courant,Espèces,Debit,749.24,5347.6,VOYAGE MAROC,Marjane,Tanger,MA,2024-03-13 08:40:00,2024,3,13,8,Wednesday,March,VOYAGE MAROC,MARJANE,1,0,Dépense,Matin
TX0501906,CUST0006_SEASONAL,2024-03-14,08:07:00,Courant,ATM,Debit,651.7,4695.9,ACHAT RAMADAN,Zara,Casablanca,MA,2024-03-14 08:07:00,2024,3,14,8,Thursday,March,ACHAT RAMADAN,ZARA,1,0,Dépense,Matin
TX0501907,CUST0006_SEASONAL,2024-03-15,18:27:00,Courant,Virement instantané,Debit,1559.77,3136.13,VOYAGE MAROC,Restaurant Gastronomique,Fès,MA,2024-03-15 18:27:00,2024,3,15,18,Friday,March,VOYAGE MAROC,RESTAURANT GASTRONOMIQUE,1,0,Dépense,Soir
TX0501908,CUST0006_SEASONAL,2024-03-15,10:03:00,Courant,ATM,Debit,465.01,2671.12,HOTEL RESERVATION,Restaurant Gastronomique,Fès,MA,2024-03-15 10:03:00,2024,3,15,10,Friday,March,HOTEL RESERVATION,RESTAURANT GASTRONOMIQUE,1,0,Dépense,Matin
TX0501909,CUST0006_SEASONAL,2024-03-15,13:51:00,Courant,Carte,Debit,1273.2,1397.93,VOYAGE MAROC,Marjane,Oujda,MA,2024-03-15 13:51:00,2024,3,15,13,Friday,March,VOYAGE MAROC,MARJANE,1,0,Dépense,Après-midi
TX0501910,CUST0006_SEASONAL,2024-03-16,20:41:00,Courant,Virement instantané,Debit,895.7,502.23,HOTEL RESERVATION,Restaurant Gastronomique,Tanger,MA,2024-03-16 20:41:00,2024,3,16,20,Saturday,March,HOTEL RESERVATION,RESTAURANT GASTRONOMIQUE,1,0,Dépense,Soir
TX0501911,CUST0006_SEASONAL,2024-03-16,10:23:00,Courant,Wallet,Debit,664.49,0.0,ACHAT ETE,Carrefour,Tanger,MA,2024-03-16 10:23:00,2024,3,16,10,Saturday,March,ACHAT ETE,CARREFOUR,1,0,Dépense,Matin
TX0501912,CUST0006_SEASONAL,2024-03-17,15:47:00,Courant,Espèces,Debit,1339.44,0.0,HOTEL RESERVATION,Restaurant Gastronomique,Casablanca,MA,2024-03-17 15:47:00,2024,3,17,15,Sunday,March,HOTEL RESERVATION,RESTAURANT GASTRONOMIQUE,1,0,Dépense,Après-midi
TX0501913,CUST0006_SEASONAL,2024-03-17,11:24:00,Courant,Virement,Debit,993.01,0.0,HOTEL RESERVATION,Zara,Casablanca,MA,2024-03-17 11:24:00,2024,3,17,11,Sunday,March,HOTEL RESERVATION,ZARA,1,0,Dépense,Matin
TX0501914,CUST0006_SEASONAL,2024-03-18,10:34:00,Courant,Carte,Debit,1967.4,0.0,RESTAURANT ETE,H&M,Oujda,MA,2024-03-18 10:34:00,2024,3,18,10,Monday,March,RESTAURANT ETE,H&M,1,0,Dépense,Matin
TX0501915,CUST0006_SEASONAL,2024-03-18,12:55:00,Courant,Wallet,Debit,728.23,0.0,ACHAT ETE,Hôtel Kenzi,Meknès,MA,2024-03-18 12:55:00,2024,3,18,12,Monday,March,ACHAT ETE,HÔTEL KENZI,1,0,Dépense,Après-midi
TX0501916,CUST0006_SEASONAL,2024-03-19,18:06:00,Courant,Virement,Debit,1251.38,0.0,VOYAGE MAROC,Zara,Fès,MA,2024-03-19 18:06:00,2024,3,19,18,Tuesday,March,VOYAGE MAROC,ZARA,1,0,Dépense,Soir
TX0501917,CUST0006_SEASONAL,2024-03-20,20:48:00,Courant,Carte,Debit,1679.86,0.0,ACHAT RAMADAN,McDonald's,Oujda,MA,2024-03-20 20:48:00,2024,3,20,20,Wednesday,March,ACHAT RAMADAN,MCDONALD'S,1,0,Dépense,Soir
TX0501918,CUST0006_SEASONAL,2024-03-20,19:27:00,Courant,Virement,Debit,1760.0,0.0,ACHAT ETE,Hôtel Kenzi,Rabat,MA,2024-03-20 19:27:00,2024,3,20,19,Wednesday,March,ACHAT ETE,HÔTEL KENZI,1,0,Dépense,Soir
TX0501919,CUST0006_SEASONAL,2024-03-21,18:30:00,Courant,Carte,Debit,1384.66,0.0,VOYAGE MAROC,Zara,Fès,MA,2024-03-21 18:30:00,2024,3,21,18,Thursday,March,VOYAGE MAROC,ZARA,1,0,Dépense,Soir
TX0501920,CUST0006_SEASONAL,2024-03-21,11:30:00,Courant,ATM,Debit,1930.81,0.0,ACHAT RAMADAN,H&M,Meknès,MA,2024-03-21 11:30:00,2024,3,21,11,Thursday,March,ACHAT RAMADAN,H&M,1,0,Dépense,Matin
TX0501921,CUST0006_SEASONAL,2024-03-22,15:23:00,Courant,ATM,Debit,1811.55,0.0,VOYAGE MAROC,Voyages Atlas,Meknès,MA,2024-03-22 15:23:00,2024,3,22,15,Friday,March,VOYAGE MAROC,VOYAGES ATLAS,1,0,Dépense,Après-midi
TX0501922,CUST0006_SEASONAL,2024-03-22,15:38:00,Courant,Virement,Debit,1293.08,0.0,RESTAURANT ETE,Hôtel Kenzi,Marrakech,MA,2024-03-22 15:38:00,2024,3,22,15,Friday,March,RESTAURANT ETE,HÔTEL KENZI,1,0,Dépense,Après-midi
TX0501923,CUST0006_SEASONAL,2024-03-23,16:18:00,Courant,Carte,Debit,1073.36,0.0,RESTAURANT ETE,Zara,Marrakech,MA,2024-03-23 16:18:00,2024,3,23,16,Saturday,March,RESTAURANT ETE,ZARA,1,0,Dépense,Après-midi
TX0501924,CUST0006_SEASONAL,2024-03-23,11:11:00,Courant,Wallet,Debit,1768.03,0.0,ACHAT RAMADAN,Restaurant Gastronomique,Tanger,MA,2024-03-23 11:11:00,2024,3,23,11,Saturday,March,ACHAT RAMADAN,RESTAURANT GASTRONOMIQUE,1,0,Dépense,Matin
TX0501925,CUST0006_SEASONAL,2024-03-23,16:48:00,Courant,Espèces,Debit,907.82,0.0,ACHAT ETE,Carrefour,Oujda,MA,2024-03-23 16:48:00,2024,3,23,16,Saturday,March,ACHAT ETE,CARREFOUR,1,0,Dépense,Après-midi
TX0501926,CUST0006_SEASONAL,2024-03-24,09:58:00,Courant,Espèces,Debit,971.54,0.0,HOTEL RESERVATION,Marjane,Meknès,MA,2024-03-24 09:58:00,2024,3,24,9,Sunday,March,HOTEL RESERVATION,MARJANE,1,0,Dépense,Matin
TX0501927,CUST0006_SEASONAL,2024-03-24,12:44:00,Courant,Virement instantané,Debit,1448.1,0.0,ACHAT ETE,H&M,Fès,MA,2024-03-24 12:44:00,2024,3,24,12,Sunday,March,ACHAT ETE,H&M,1,0,Dépense,Après-midi
TX0501928,CUST0006_SEASONAL,2024-03-25,10:55:00,Courant,Wallet,Debit,1397.03,0.0,ACHAT ETE,Voyages Atlas,Agadir,MA,2024-03-25 10:55:00,2024,3,25,10,Monday,March,ACHAT ETE,VOYAGES ATLAS,1,0,Dépense,Matin
TX0501929,CUST0006_SEASONAL,2024-03-26,11:35:00,Courant,Carte,Debit,1774.26,0.0,RESTAURANT ETE,Voyages Atlas,Casablanca,MA,2024-03-26 11:35:00,2024,3,26,11,Tuesday,March,RESTAURANT ETE,VOYAGES ATLAS,1,0,Dépense,Matin
TX0501930,CUST0006_SEASONAL,2024-03-26,17:28:00,Courant,Espèces,Debit,1534.37,0.0,ACHAT RAMADAN,Zara,Marrakech,MA,2024-03-26 17:28:00,2024,3,26,17,Tuesday,March,ACHAT RAMADAN,ZARA,1,0,Dépense,Après-midi
TX0501931,CUST0006_SEASONAL,2024-03-27,10:44:00,Courant,Wallet,Debit,1743.13,0.0,ACHAT ETE,Restaurant Gastronomique,Fès,MA,2024-03-27 10:44:00,2024,3,27,10,Wednesday,March,ACHAT ETE,RESTAURANT GASTRONOMIQUE,1,0,Dépense,Matin
TX0501932,CUST0006_SEASONAL,2024-03-27,17:55:00,Courant,Wallet,Debit,918.88,0.0,ACHAT ETE,Zara,Agadir,MA,2024-03-27 17:55:00,2024,3,27,17,Wednesday,March,ACHAT ETE,ZARA,1,0,Dépense,Après-midi
TX0501933,CUST0006_SEASONAL,2024-03-27,10:22:00,Courant,Carte,Debit,603.82,0.0,VOYAGE MAROC,Carrefour,Rabat,MA,2024-03-27 10:22:00,2024,3,27,10,Wednesday,March,VOYAGE MAROC,CARREFOUR,1,0,Dépense,Matin
TX0501934,CUST0006_SEASONAL,2024-03-27,09:49:00,Courant,Virement,Debit,1129.09,0.0,RESTAURANT ETE,McDonald's,Marrakech,MA,2024-03-27 09:49:00,2024,3,27,9,Wednesday,March,RESTAURANT ETE,MCDONALD'S,1,0,Dépense,Matin
TX0501935,CUST0006_SEASONAL,2024-03-28,11:28:00,Courant,Carte,Debit,1669.51,0.0,RESTAURANT ETE,Voyages Atlas,Casablanca,MA,2024-03-28 11:28:00,2024,3,28,11,Thursday,March,RESTAURANT ETE,VOYAGES ATLAS,1,0,Dépense,Matin
TX0501936,CUST0006_SEASONAL,2024-03-29,14:21:00,Courant,ATM,Debit,1842.19,0.0,HOTEL RESERVATION,H&M,Casablanca,MA,2024-03-29 14:21:00,2024,3,29,14,Friday,March,HOTEL RESERVATION,H&M,1,0,Dépense,Après-midi
TX0501937,CUST0006_SEASONAL,2024-03-29,14:45:00,Courant,ATM,Debit,1839.61,0.0,ACHAT RAMADAN,Restaurant Gastronomique,Meknès,MA,2024-03-29 14:45:00,2024,3,29,14,Friday,March,ACHAT RAMADAN,RESTAURANT GASTRONOMIQUE,1,0,Dépense,Après-midi
TX0501938,CUST0006_SEASONAL,2024-03-29,11:09:00,Courant,ATM,Debit,1993.51,0.0,RESTAURANT ETE,Carrefour,Tanger,MA,2024-03-29 11:09:00,2024,3,29,11,Friday,March,RESTAURANT ETE,CARREFOUR,1,0,Dépense,Matin
TX0501939,CUST0006_SEASONAL,2024-03-30,15:05:00,Courant,Wallet,Debit,686.14,0.0,RESTAURANT ETE,McDonald's,Tanger,MA,2024-03-30 15:05:00,2024,3,30,15,Saturday,March,RESTAURANT ETE,MCDONALD'S,1,0,Dépense,Après-midi
TX0501940,CUST0006_SEASONAL,2024-03-31,17:22:00,Courant,Virement instantané,Debit,1797.2,0.0,ACHAT ETE,Restaurant Gastronomique,Marrakech,MA,2024-03-31 17:22:00,2024,3,31,17,Sunday,March,ACHAT ETE,RESTAURANT GASTRONOMIQUE,1,0,Dépense,Après-midi
TX0501941,CUST0006_SEASONAL,2024-03-31,18:32:00,Courant,Virement instantané,Debit,848.73,0.0,HOTEL RESERVATION,Carrefour,Oujda,MA,2024-03-31 18:32:00,2024,3,31,18,Sunday,March,HOTEL RESERVATION,CARREFOUR,1,0,Dépense,Soir
TX0501942,CUST0006_SEASONAL,2024-04-01,13:36:00,Salaire,Virement instantané,Credit,16874.0,-25374.02,virement employeur,Salaire,Fès,MA,2024-04-01 13:36:00,2024,4,1,13,Monday,April,VIREMENT EMPLOYEUR,SALAIRE,0,1,Revenu,Après-midi
TX0501944,CUST0006_SEASONAL,2024-04-01,13:36:00,Courant,Wallet,Debit,100.57,0.0,ACHAT SUPERMARCHE,Pharmacie,Casablanca,MA,2024-04-01 13:36:00,2024,4,1,13,Monday,April,ACHAT SUPERMARCHE,PHARMACIE,1,0,Dépense,Après-midi
TX0501944,CUST0006_SEASONAL,2024-04-01,18:30:00,Courant,Virement,Debit,187.31,0.0,RETRAIT ATM,ATM,Tanger,MA,2024-04-01 18:30:00,2024,4,1,18,Monday,April,RETRAIT ATM,ATM,1,0,Dépense,Soir
TX0501945,CUST0006_SEASONAL,2024-04-02,14:36:00,Courant,Virement,Debit,207.65,0.0,ACHAT SUPERMARCHE,Careem,Agadir,MA,2024-04-02 14:36:00,2024,4,2,14,Tuesday,April,ACHAT SUPERMARCHE,CAREEM,1,0,Dépense,Après-midi
TX0501946,CUST0006_SEASONAL,2024-04-02,16:57:00,Courant,ATM,Debit,109.83,0.0,ACHAT EPICERIE,Shell,Casablanca,MA,2024-04-02 16:57:00,2024,4,2,16,Tuesday,April,ACHAT EPICERIE,SHELL,1,0,Dépense,Après-midi
TX0501947,CUST0006_SEASONAL,2024-04-03,19:00:00,Courant,Espèces,Debit,87.31,0.0,ACHAT EPICERIE,Carrefour,Casablanca,MA,2024-04-03 19:00:00,2024,4,3,19,Wednesday,April,ACHAT EPICERIE,CARREFOUR,1,0,Dépense,Soir
TX0501948,CUST0006_SEASONAL,2024-04-03,14:41:00,Courant,ATM,Debit,236.45,0.0,TRANSPORT,Carrefour,Casablanca,MA,2024-04-03 14:41:00,2024,4,3,14,Wednesday,April,TRANSPORT,CARREFOUR,1,0,Dépense,Après-midi
TX0501949,CUST0006_SEASONAL,2024-04-04,17:45:00,Courant,Virement,Debit,162.99,0.0,CARBURANT,Pharmacie,Marrakech,MA,2024-04-04 17:45:00,2024,4,4,17,Thursday,April,CARBURANT,PHARMACIE,1,0,Dépense,Après-midi
TX0501950,CUST0006_SEASONAL,2024-04-04,10:45:00,Courant,ATM,Debit,165.99,0.0,TRANSPORT,BIM,Oujda,MA,2024-04-04 10:45:00,2024,4,4,10,Thursday,April,TRANSPORT,BIM,1,0,Dépense,Matin
TX0501951,CUST0006_SEASONAL,2024-04-05,08:22:00,Courant,Carte,Debit,206.36,0.0,TRANSPORT,BIM,Rabat,MA,2024-04-05 08:22:00,2024,4,5,8,Friday,April,TRANSPORT,BIM,1,0,Dépense,Matin
TX0501952,CUST0006_SEASONAL,2024-04-05,20:28:00,Courant,Carte,Debit,240.75,0.0,ACHAT SUPERMARCHE,Shell,Casablanca,MA,2024-04-05 20:28:00,2024,4,5,20,Friday,April,ACHAT SUPERMARCHE,SHELL,1,0,Dépense,Soir
TX0501953,CUST0006_SEASONAL,2024-04-05,13:07:00,Courant,ATM,Debit,37.81,0.0,ACHAT EPICERIE,Careem,Tanger,MA,2024-04-05 13:07:00,2024,4,5,13,Friday,April,ACHAT EPICERIE,CAREEM,1,0,Dépense,Après-midi
TX0501954,CUST0006_SEASONAL,2024-04-06,18:49:00,Courant,Virement instantané,Debit,218.99,0.0,TRANSPORT,Shell,Tanger,MA,2024-04-06 18:49:00,2024,4,6,18,Saturday,April,TRANSPORT,SHELL,1,0,Dépense,Soir
TX0501955,CUST0006_SEASONAL,2024-04-06,12:45:00,Courant,ATM,Debit,230.18,0.0,TRANSPORT,Carrefour,Casablanca,MA,2024-04-06 12:45:00,2024,4,6,12,Saturday,April,TRANSPORT,CARREFOUR,1,0,Dépense,Après-midi
TX0501956,CUST0006_SEASONAL,2024-04-06,20:45:00,Courant,Espèces,Debit,161.55,0.0,ACHAT EPICERIE,Shell,Casablanca,MA,2024-04-06 20:45:00,2024,4,6,20,Saturday,April,ACHAT EPICERIE,SHELL,1,0,Dépense,Soir
TX0501957,CUST0006_SEASONAL,2024-04-06,13:56:00,Courant,ATM,Debit,194.39,0.0,RETRAIT ATM,ATM,Rabat,MA,2024-04-06 13:56:00,2024,4,6,13,Saturday,April,RETRAIT ATM,ATM,1,0,Dépense,Après-midi
TX0501958,CUST0006_SEASONAL,2024-04-07,11:24:00,Courant,Carte,Debit,139.28,0.0,CARBURANT,BIM,Casablanca,MA,2024-04-07 11:24:00,2024,4,7,11,Sunday,April,CARBURANT,BIM,1,0,Dépense,Matin
TX0501959,CUST0006_SEASONAL,2024-04-08,09:17:00,Courant,Virement,Debit,215.17,0.0,ACHAT EPICERIE,ATM,Marrakech,MA,2024-04-08 09:17:00,2024,4,8,9,Monday,April,ACHAT EPICERIE,ATM,1,0,Dépense,Matin
TX0501960,CUST0006_SEASONAL,2024-04-08,20:20:00,Courant,Virement instantané,Debit,98.12,0.0,ACHAT SUPERMARCHE,Carrefour,Oujda,MA,2024-04-08 20:20:00,2024,4,8,20,Monday,April,ACHAT SUPERMARCHE,CARREFOUR,1,0,Dépense,Soir
TX0501961,CUST0006_SEASONAL,2024-04-09,11:23:00,Courant,Virement instantané,Debit,238.51,0.0,ACHAT EPICERIE,Pharmacie,Oujda,MA,2024-04-09 11:23:00,2024,4,9,11,Tuesday,April,ACHAT EPICERIE,PHARMACIE,1,0,Dépense,Matin
TX0501962,CUST0006_SEASONAL,2024-04-09,13:44:00,Courant,Virement,Debit,125.35,0.0,RETRAIT ATM,Careem,Casablanca,MA,2024-04-09 13:44:00,2024,4,9,13,Tuesday,April,RETRAIT ATM,CAREEM,1,0,Dépense,Après-midi
TX0501963,CUST0006_SEASONAL,2024-04-10,09:20:00,Courant,ATM,Debit,186.15,0.0,ACHAT EPICERIE,Shell,Rabat,MA,2024-04-10 09:20:00,2024,4,10,9,Wednesday,April,ACHAT EPICERIE,SHELL,1,0,Dépense,Matin
TX0501964,CUST0006_SEASONAL,2024-04-10,10:11:00,Courant,Carte,Debit,106.53,0.0,CARBURANT,Shell,Oujda,MA,2024-04-10 10:11:00,2024,4,10,10,Wednesday,April,CARBURANT,SHELL,1,0,Dépense,Matin
TX0501965,CUST0006_SEASONAL,2024-04-10,20:54:00,Courant,ATM,Debit,207.84,0.0,RETRAIT ATM,Careem,Marrakech,MA,2024-04-10 20:54:00,2024,4,10,20,Wednesday,April,RETRAIT ATM,CAREEM,1,0,Dépense,Soir
TX0501966,CUST0006_SEASONAL,2024-04-11,20:06:00,Courant,ATM,Debit,102.68,0.0,CARBURANT,Careem,Meknès,MA,2024-04-11 20:06:00,2024,4,11,20,Thursday,April,CARBURANT,CAREEM,1,0,Dépense,Soir
TX0501967,CUST0006_SEASONAL,2024-04-11,19:29:00,Courant,Virement instantané,Debit,189.16,0.0,ACHAT SUPERMARCHE,BIM,Casablanca,MA,2024-04-11 19:29:00,2024,4,11,19,Thursday,April,ACHAT SUPERMARCHE,BIM,1,0,Dépense,Soir
TX0501968,CUST0006_SEASONAL,2024-04-12,20:34:00,Courant,Virement instantané,Debit,89.17,0.0,ACHAT EPICERIE,ATM,Agadir,MA,2024-04-12 20:34:00,2024,4,12,20,Friday,April,ACHAT EPICERIE,ATM,1,0,Dépense,Soir
TX0501969,CUST0006_SEASONAL,2024-04-12,15:53:00,Courant,Virement,Debit,74.5,0.0,TRANSPORT,Shell,Marrakech,MA,2024-04-12 15:53:00,2024,4,12,15,Friday,April,TRANSPORT,SHELL,1,0,Dépense,Après-midi
TX0501970,CUST0006_SEASONAL,2024-04-12,19:30:00,Courant,Virement instantané,Debit,30.44,0.0,TRANSPORT,Pharmacie,Casablanca,MA,2024-04-12 19:30:00,2024,4,12,19,Friday,April,TRANSPORT,PHARMACIE,1,0,Dépense,Soir
TX0501971,CUST0006_SEASONAL,2024-04-13,11:02:00,Courant,Espèces,Debit,106.01,0.0,TRANSPORT,Pharmacie,Oujda,MA,2024-04-13 11:02:00,2024,4,13,11,Saturday,April,TRANSPORT,PHARMACIE,1,0,Dépense,Matin
TX0501972,CUST0006_SEASONAL,2024-04-13,17:50:00,Courant,ATM,Debit,238.43,0.0,CARBURANT,Pharmacie,Fès,MA,2024-04-13 17:50:00,2024,4,13,17,Saturday,April,CARBURANT,PHARMACIE,1,0,Dépense,Après-midi
TX0501973,CUST0006_SEASONAL,2024-04-13,10:43:00,Courant,ATM,Debit,216.31,0.0,TRANSPORT,Shell,Casablanca,MA,2024-04-13 10:43:00,2024,4,13,10,Saturday,April,TRANSPORT,SHELL,1,0,Dépense,Matin
TX0501974,CUST0006_SEASONAL,2024-04-14,08:10:00,Courant,Carte,Debit,193.09,0.0,ACHAT EPICERIE,Careem,Casablanca,MA,2024-04-14 08:10:00,2024,4,14,8,Sunday,April,ACHAT EPICERIE,CAREEM,1,0,Dépense,Matin
TX0501975,CUST0006_SEASONAL,2024-04-14,09:37:00,Courant,Wallet,Debit,88.45,0.0,RETRAIT ATM,Careem,Tanger,MA,2024-04-14 09:37:00,2024,4,14,9,Sunday,April,RETRAIT ATM,CAREEM,1,0,Dépense,Matin
TX0501976,CUST0006_SEASONAL,2024-04-15,08:44:00,Courant,Wallet,Debit,144.26,0.0,ACHAT EPICERIE,Careem,Casablanca,MA,2024-04-15 08:44:00,2024,4,15,8,Monday,April,ACHAT EPICERIE,CAREEM,1,0,Dépense,Matin
TX0501977,CUST0006_SEASONAL,2024-04-15,10:07:00,Courant,Wallet,Debit,143.16,0.0,ACHAT EPICERIE,ATM,Oujda,MA,2024-04-15 10:07:00,2024,4,15,10,Monday,April,ACHAT EPICERIE,ATM,1,0,Dépense,Matin
TX0501978,CUST0006_SEASONAL,2024-04-16,16:58:00,Courant,ATM,Debit,135.68,0.0,CARBURANT,ATM,Tanger,MA,2024-04-16 16:58:00,2024,4,16,16,Tuesday,April,CARBURANT,ATM,1,0,Dépense,Après-midi
TX0501979,CUST0006_SEASONAL,2024-04-16,09:23:00,Courant,Espèces,Debit,78.45,0.0,CARBURANT,Careem,Casablanca,MA,2024-04-16 09:23:00,2024,4,16,9,Tuesday,April,CARBURANT,CAREEM,1,0,Dépense,Matin
TX0501980,CUST0006_SEASONAL,2024-04-17,13:51:00,Courant,Wallet,Debit,213.49,0.0,RETRAIT ATM,Careem,Fès,MA,2024-04-17 13:51:00,2024,4,17,13,Wednesday,April,RETRAIT ATM,CAREEM,1,0,Dépense,Après-midi
TX0501981,CUST0006_SEASONAL,2024-04-17,09:53:00,Courant,ATM,Debit,183.23,0.0,CARBURANT,Carrefour,Tanger,MA,2024-04-17 09:53:00,2024,4,17,9,Wednesday,April,CARBURANT,CARREFOUR,1,0,Dépense,Matin
TX0501982,CUST0006_SEASONAL,2024-04-18,08:14:00,Courant,Virement instantané,Debit,167.8,0.0,CARBURANT,ATM,Agadir,MA,2024-04-18 08:14:00,2024,4,18,8,Thursday,April,CARBURANT,ATM,1,0,Dépense,Matin
TX0501983,CUST0006_SEASONAL,2024-04-18,14:36:00,Courant,Carte,Debit,151.28,0.0,TRANSPORT,ATM,Fès,MA,2024-04-18 14:36:00,2024,4,18,14,Thursday,April,TRANSPORT,ATM,1,0,Dépense,Après-midi
TX0501984,CUST0006_SEASONAL,2024-04-19,11:33:00,Courant,Virement,Debit,186.16,0.0,ACHAT SUPERMARCHE,Shell,Marrakech,MA,2024-04-19 11:33:00,2024,4,19,11,Friday,April,ACHAT SUPERMARCHE,SHELL,1,0,Dépense,Matin
TX0501985,CUST0006_SEASONAL,2024-04-19,13:38:00,Courant,Wallet,Debit,136.91,0.0,RETRAIT ATM,Carrefour,Marrakech,MA,2024-04-19 13:38:00,2024,4,19,13,Friday,April,RETRAIT ATM,CARREFOUR,1,0,Dépense,Après-midi
TX0501986,CUST0006_SEASONAL,2024-04-20,16:39:00,Courant,Virement instantané,Debit,87.88,0.0,RETRAIT ATM,Pharmacie,Oujda,MA,2024-04-20 16:39:00,2024,4,20,16,Saturday,April,RETRAIT ATM,PHARMACIE,1,0,Dépense,Après-midi
TX0501987,CUST0006_SEASONAL,2024-04-21,15:31:00,Courant,Carte,Debit,96.48,0.0,TRANSPORT,Carrefour,Agadir,MA,2024-04-21 15:31:00,2024,4,21,15,Sunday,April,TRANSPORT,CARREFOUR,1,0,Dépense,Après-midi
TX0501988,CUST0006_SEASONAL,2024-04-21,20:03:00,Courant,ATM,Debit,142.24,0.0,TRANSPORT,Carrefour,Rabat,MA,2024-04-21 20:03:00,2024,4,21,20,Sunday,April,TRANSPORT,CARREFOUR,1,0,Dépense,Soir
TX0501989,CUST0006_SEASONAL,2024-04-22,08:40:00,Courant,Carte,Debit,111.54,0.0,ACHAT SUPERMARCHE,Carrefour,Meknès,MA,2024-04-22 08:40:00,2024,4,22,8,Monday,April,ACHAT SUPERMARCHE,CARREFOUR,1,0,Dépense,Matin
TX0501990,CUST0006_SEASONAL,2024-04-22,16:37:00,Courant,Wallet,Debit,247.23,0.0,CARBURANT,Carrefour,Meknès,MA,2024-04-22 16:37:00,2024,4,22,16,Monday,April,CARBURANT,CARREFOUR,1,0,Dépense,Après-midi
TX0501991,CUST0006_SEASONAL,2024-04-22,19:00:00,Courant,Wallet,Debit,239.21,0.0,ACHAT SUPERMARCHE,ATM,Agadir,MA,2024-04-22 19:00:00,2024,4,22,19,Monday,April,ACHAT SUPERMARCHE,ATM,1,0,Dépense,Soir
TX0501992,CUST0006_SEASONAL,2024-04-23,08:04:00,Courant,Espèces,Debit,92.03,0.0,ACHAT EPICERIE,Pharmacie,Oujda,MA,2024-04-23 08:04:00,2024,4,23,8,Tuesday,April,ACHAT EPICERIE,PHARMACIE,1,0,Dépense,Matin
TX0501993,CUST0006_SEASONAL,2024-04-24,11:09:00,Courant,Wallet,Debit,216.26,0.0,TRANSPORT,ATM,Agadir,MA,2024-04-24 11:09:00,2024,4,24,11,Wednesday,April,TRANSPORT,ATM,1,0,Dépense,Matin
TX0501994,CUST0006_SEASONAL,2024-04-24,08:52:00,Courant,Espèces,Debit,163.09,0.0,ACHAT EPICERIE,Careem,Fès,MA,2024-04-24 08:52:00,2024,4,24,8,Wednesday,April,ACHAT EPICERIE,CAREEM,1,0,Dépense,Matin
TX0501995,CUST0006_SEASONAL,2024-04-24,19:02:00,Courant,ATM,Debit,126.92,0.0,RETRAIT ATM,Carrefour,Marrakech,MA,2024-04-24 19:02:00,2024,4,24,19,Wednesday,April,RETRAIT ATM,CARREFOUR,1,0,Dépense,Soir
TX0501996,CUST0006_SEASONAL,2024-04-25,13:08:00,Courant,Carte,Debit,240.87,0.0,ACHAT EPICERIE,Careem,Agadir,MA,2024-04-25 13:08:00,2024,4,25,13,Thursday,April,ACHAT EPICERIE,CAREEM,1,0,Dépense,Après-midi
TX0501997,CUST0006_SEASONAL,2024-04-25,16:44:00,Courant,Espèces,Debit,58.29,0.0,ACHAT SUPERMARCHE,BIM,Oujda,MA,2024-04-25 16:44:00,2024,4,25,16,Thursday,April,ACHAT SUPERMARCHE,BIM,1,0,Dépense,Après-midi
TX0501998,CUST0006_SEASONAL,2024-04-25,19:47:00,Courant,Virement,Debit,206.44,0.0,RETRAIT ATM,ATM,Oujda,MA,2024-04-25 19:47:00,2024,4,25,19,Thursday,April,RETRAIT ATM,ATM,1,0,Dépense,Soir
TX0501999,CUST0006_SEASONAL,2024-04-26,15:26:00,Courant,Virement instantané,Debit,115.01,0.0,TRANSPORT,Carrefour,Meknès,MA,2024-04-26 15:26:00,2024,4,26,15,Friday,April,TRANSPORT,CARREFOUR,1,0,Dépense,Après-midi
TX0502000,CUST0006_SEASONAL,2024-04-27,14:55:00,Courant,ATM,Debit,168.66,0.0,TRANSPORT,Pharmacie,Marrakech,MA,2024-04-27 14:55:00,2024,4,27,14,Saturday,April,TRANSPORT,PHARMACIE,1,0,Dépense,Après-midi
TX0502001,CUST0006_SEASONAL,2024-04-28,17:17:00,Courant,Virement instantané,Debit,212.85,0.0,ACHAT SUPERMARCHE,ATM,Rabat,MA,2024-04-28 17:17:00,2024,4,28,17,Sunday,April,ACHAT SUPERMARCHE,ATM,1,0,Dépense,Après-midi
TX0502002,CUST0006_SEASONAL,2024-04-28,18:17:00,Courant,Espèces,Debit,220.79,0.0,TRANSPORT,Careem,Rabat,MA,2024-04-28 18:17:00,2024,4,28,18,Sunday,April,TRANSPORT,CAREEM,1,0,Dépense,Soir
TX0502003,CUST0006_SEASONAL,2024-04-29,15:30:00,Courant,Carte,Debit,178.24,0.0,CARBURANT,Pharmacie,Meknès,MA,2024-04-29 15:30:00,2024,4,29,15,Monday,April,CARBURANT,PHARMACIE,1,0,Dépense,Après-midi
TX0502004,CUST0006_SEASONAL,2024-04-29,15:29:00,Courant,Carte,Debit,148.06,0.0,ACHAT EPICERIE,BIM,Tanger,MA,2024-04-29 15:29:00,2024,4,29,15,Monday,April,ACHAT EPICERIE,BIM,1,0,Dépense,Après-midi
TX0502005,CUST0006_SEASONAL,2024-04-30,13:13:00,Courant,ATM,Debit,69.65,0.0,RETRAIT ATM,BIM,Meknès,MA,2024-04-30 13:13:00,2024,4,30,13,Tuesday,April,RETRAIT ATM,BIM,1,0,Dépense,Après-midi
TX0502006,CUST0006_SEASONAL,2024-04-30,13:44:00,Courant,Carte,Debit,81.53,0.0,ACHAT EPICERIE,Shell,Tanger,MA,2024-04-30 13:44:00,2024,4,30,13,Tuesday,April,ACHAT EPICERIE,SHELL,1,0,Dépense,Après-midi
TX0502007,CUST0006_SEASONAL,2024-04-30,16:14:00,Courant,Virement instantané,Debit,78.71,0.0,ACHAT EPICERIE,Carrefour,Oujda,MA,2024-04-30 16:14:00,2024,4,30,16,Tuesday,April,ACHAT EPICERIE,CARREFOUR,1,0,Dépense,Après-midi
TX0502008,CUST0006_SEASONAL,2024-05-01,13:16:00,Salaire,Virement instantané,Credit,17520.0,-17889.8,virement employeur,Salaire,Tanger,MA,2024-05-01 13:16:00,2024,5,1,13,Wednesday,May,VIREMENT EMPLOYEUR,SALAIRE,0,1,Revenu,Après-midi
TX0502010,CUST0006_SEASONAL,2024-05-01,13:16:00,Courant,Wallet,Debit,223.64,0.0,CARBURANT,BIM,Casablanca,MA,2024-05-01 13:16:00,2024,5,1,13,Wednesday,May,CARBURANT,BIM,1,0,Dépense,Après-midi
TX0502010,CUST0006_SEASONAL,2024-05-01,10:55:00,Courant,Virement instantané,Debit,115.09,0.0,RETRAIT ATM,BIM,Oujda,MA,2024-05-01 10:55:00,2024,5,1,10,Wednesday,May,RETRAIT ATM,BIM,1,0,Dépense,Matin
TX0502011,CUST0006_SEASONAL,2024-05-01,08:32:00,Courant,Carte,Debit,121.87,0.0,TRANSPORT,Carrefour,Marrakech,MA,2024-05-01 08:32:00,2024,5,1,8,Wednesday,May,TRANSPORT,CARREFOUR,1,0,Dépense,Matin
TX0502012,CUST0006_SEASONAL,2024-05-02,18:29:00,Courant,Espèces,Debit,127.23,0.0,CARBURANT,ATM,Agadir,MA,2024-05-02 18:29:00,2024,5,2,18,Thursday,May,CARBURANT,ATM,1,0,Dépense,Soir
TX0502013,CUST0006_SEASONAL,2024-05-02,16:48:00,Courant,Virement,Debit,226.38,0.0,TRANSPORT,ATM,Fès,MA,2024-05-02 16:48:00,2024,5,2,16,Thursday,May,TRANSPORT,ATM,1,0,Dépense,Après-midi
TX0502014,CUST0006_SEASONAL,2024-05-03,10:24:00,Courant,Wallet,Debit,105.17,0.0,CARBURANT,Shell,Tanger,MA,2024-05-03 10:24:00,2024,5,3,10,Friday,May,CARBURANT,SHELL,1,0,Dépense,Matin
TX0502015,CUST0006_SEASONAL,2024-05-03,19:00:00,Courant,Espèces,Debit,48.28,0.0,CARBURANT,Careem,Fès,MA,2024-05-03 19:00:00,2024,5,3,19,Friday,May,CARBURANT,CAREEM,1,0,Dépense,Soir
TX0502016,CUST0006_SEASONAL,2024-05-03,14:09:00,Courant,Virement,Debit,187.14,0.0,ACHAT EPICERIE,ATM,Fès,MA,2024-05-03 14:09:00,2024,5,3,14,Friday,May,ACHAT EPICERIE,ATM,1,0,Dépense,Après-midi
TX0502017,CUST0006_SEASONAL,2024-05-04,15:43:00,Courant,Wallet,Debit,48.04,0.0,ACHAT EPICERIE,Careem,Rabat,MA,2024-05-04 15:43:00,2024,5,4,15,Saturday,May,ACHAT EPICERIE,CAREEM,1,0,Dépense,Après-midi
TX0502018,CUST0006_SEASONAL,2024-05-04,08:09:00,Courant,Wallet,Debit,117.17,0.0,CARBURANT,ATM,Meknès,MA,2024-05-04 08:09:00,2024,5,4,8,Saturday,May,CARBURANT,ATM,1,0,Dépense,Matin
TX0502019,CUST0006_SEASONAL,2024-05-05,13:58:00,Courant,ATM,Debit,140.6,0.0,TRANSPORT,Careem,Rabat,MA,2024-05-05 13:58:00,2024,5,5,13,Sunday,May,TRANSPORT,CAREEM,1,0,Dépense,Après-midi
TX0502020,CUST0006_SEASONAL,2024-05-05,18:43:00,Courant,Espèces,Debit,169.85,0.0,ACHAT EPICERIE,Careem,Meknès,MA,2024-05-05 18:43:00,2024,5,5,18,Sunday,May,ACHAT EPICERIE,CAREEM,1,0,Dépense,Soir
TX0502021,CUST0006_SEASONAL,2024-05-06,15:31:00,Courant,Virement instantané,Debit,74.2,0.0,TRANSPORT,BIM,Oujda,MA,2024-05-06 15:31:00,2024,5,6,15,Monday,May,TRANSPORT,BIM,1,0,Dépense,Après-midi
TX0502022,CUST0006_SEASONAL,2024-05-06,12:35:00,Courant,Espèces,Debit,64.86,0.0,ACHAT EPICERIE,BIM,Marrakech,MA,2024-05-06 12:35:00,2024,5,6,12,Monday,May,ACHAT EPICERIE,BIM,1,0,Dépense,Après-midi
TX0502023,CUST0006_SEASONAL,2024-05-07,17:30:00,Courant,Virement instantané,Debit,157.92,0.0,ACHAT SUPERMARCHE,BIM,Fès,MA,2024-05-07 17:30:00,2024,5,7,17,Tuesday,May,ACHAT SUPERMARCHE,BIM,1,0,Dépense,Après-midi
TX0502024,CUST0006_SEASONAL,2024-05-08,13:50:00,Courant,Virement instantané,Debit,112.08,0.0,CARBURANT,Carrefour,Oujda,MA,2024-05-08 13:50:00,2024,5,8,13,Wednesday,May,CARBURANT,CARREFOUR,1,0,Dépense,Après-midi
TX0502025,CUST0006_SEASONAL,2024-05-08,09:05:00,Courant,Virement,Debit,110.3,0.0,RETRAIT ATM,Shell,Rabat,MA,2024-05-08 09:05:00,2024,5,8,9,Wednesday,May,RETRAIT ATM,SHELL,1,0,Dépense,Matin
TX0502026,CUST0006_SEASONAL,2024-05-09,11:23:00,Courant,Carte,Debit,95.13,0.0,RETRAIT ATM,Carrefour,Rabat,MA,2024-05-09 11:23:00,2024,5,9,11,Thursday,May,RETRAIT ATM,CARREFOUR,1,0,Dépense,Matin
TX0502027,CUST0006_SEASONAL,2024-05-09,13:35:00,Courant,Wallet,Debit,215.53,0.0,ACHAT SUPERMARCHE,ATM,Fès,MA,2024-05-09 13:35:00,2024,5,9,13,Thursday,May,ACHAT SUPERMARCHE,ATM,1,0,Dépense,Après-midi
TX0502028,CUST0006_SEASONAL,2024-05-09,16:42:00,Courant,Virement instantané,Debit,142.92,0.0,RETRAIT ATM,BIM,Marrakech,MA,2024-05-09 16:42:00,2024,5,9,16,Thursday,May,RETRAIT ATM,BIM,1,0,Dépense,Après-midi
TX0502029,CUST0006_SEASONAL,2024-05-10,17:45:00,Courant,Virement,Debit,42.79,0.0,RETRAIT ATM,Careem,Tanger,MA,2024-05-10 17:45:00,2024,5,10,17,Friday,May,RETRAIT ATM,CAREEM,1,0,Dépense,Après-midi
TX0502030,CUST0006_SEASONAL,2024-05-10,12:34:00,Courant,ATM,Debit,39.52,0.0,RETRAIT ATM,Shell,Rabat,MA,2024-05-10 12:34:00,2024,5,10,12,Friday,May,RETRAIT ATM,SHELL,1,0,Dépense,Après-midi
TX0502031,CUST0006_SEASONAL,2024-05-11,12:02:00,Courant,Carte,Debit,204.08,0.0,ACHAT EPICERIE,BIM,Rabat,MA,2024-05-11 12:02:00,2024,5,11,12,Saturday,May,ACHAT EPICERIE,BIM,1,0,Dépense,Après-midi
TX0502032,CUST0006_SEASONAL,2024-05-11,19:52:00,Courant,Virement instantané,Debit,139.61,0.0,ACHAT SUPERMARCHE,Pharmacie,Marrakech,MA,2024-05-11 19:52:00,2024,5,11,19,Saturday,May,ACHAT SUPERMARCHE,PHARMACIE,1,0,Dépense,Soir
